gene_set,gene_set_label,library_short,library_name,rank,term,p_value,z_score,combined_score,overlap_genes,overlap_n,adjusted_p_value,old_p_value,old_adjusted_p_value,neg_log10_adjusted_p_value,gene_list_size
immune_consensus,Immune Cells Consensus,Reactome,Reactome_Pathways_2024,1,Toll-like Receptor Cascades,9.282282747018453e-06,38.85098039215686,450.18196891479033,MAP3K1;CD180;TLR7;TP53,4,0.002107078183573189,0,0,2.6763193495060644,16
immune_consensus,Immune Cells Consensus,Reactome,Reactome_Pathways_2024,2,TRAF6 Mediated Induction of NFkB and MAP Kinases Upon TLR7 8 or 9 Activation,6.872099770941669e-05,46.35198135198135,444.3048667268212,MAP3K1;TLR7;TP53,3,0.0038690671945796336,0,0,2.4123937277660277,16
immune_consensus,Immune Cells Consensus,Reactome,Reactome_Pathways_2024,3,MyD88 Dependent Cascade Initiated on Endosome,7.074810994058285e-05,45.886153846153846,438.5057402283359,MAP3K1;TLR7;TP53,3,0.0038690671945796336,0,0,2.4123937277660277,16
immune_consensus,Immune Cells Consensus,Reactome,Reactome_Pathways_2024,4,Toll Like Receptor 7 8 (TLR7 8) Cascade,7.92478758147849e-05,44.112426035502956,416.55054894097833,MAP3K1;TLR7;TP53,3,0.0038690671945796336,0,0,2.4123937277660277,16
immune_consensus,Immune Cells Consensus,Reactome,Reactome_Pathways_2024,5,Toll Like Receptor 9 (TLR9) Cascade,8.604310208634246e-05,42.86915887850467,401.28371506892506,MAP3K1;TLR7;TP53,3,0.0038690671945796336,0,0,2.4123937277660277,16
immune_consensus,Immune Cells Consensus,Reactome,Reactome_Pathways_2024,6,Immune System,0.00010226609324880088,8.329598506069095,76.5317878616272,MAP3K1;MYO1C;CD180;TLR7;KIF22;TNF;TP53;CCR2,8,0.0038690671945796336,0,0,2.4123937277660277,16
immune_consensus,Immune Cells Consensus,Reactome,Reactome_Pathways_2024,7,Innate Immune System,0.00017248968445051645,9.890288713910762,85.70106394810576,MAP3K1;MYO1C;CD180;TLR7;TP53;CCR2,6,0.0055935940528953195,0,0,2.252309055123007,16
immune_consensus,Immune Cells Consensus,Reactome,Reactome_Pathways_2024,8,Toll Like Receptor 4 (TLR4) Cascade,0.000207182278563383,31.574005305039787,267.80792120503367,MAP3K1;CD180;TP53,3,0.005878797154235993,0,0,2.230711524726007,16
immune_consensus,Immune Cells Consensus,Reactome,Reactome_Pathways_2024,9,Oncogene Induced Senescence,0.0003515511542246668,86.36796536796537,686.8978437689108,SP1;TP53,2,0.008866901334333262,0,0,2.052228124082123,16
immune_consensus,Immune Cells Consensus,Reactome,Reactome_Pathways_2024,10,Interleukin-10 Signaling,0.0006083945147130895,64.74025974025975,479.3813605520194,TNF;CCR2,2,0.01381055548398713,0,0,1.8597888530087172,16
immune_consensus,Immune Cells Consensus,Reactome,Reactome_Pathways_2024,11,MyD88 Cascade Initiated on Plasma Membrane,0.0027270306349214193,29.595238095238095,174.7463245947277,MAP3K1;TP53,2,0.04533128084224149,0,0,1.3436020097112449,16
immune_consensus,Immune Cells Consensus,Reactome,Reactome_Pathways_2024,12,Toll Like Receptor 10 (TLR10) Cascade,0.0027270306349214193,29.595238095238095,174.7463245947277,MAP3K1;TP53,2,0.04533128084224149,0,0,1.3436020097112449,16
immune_consensus,Immune Cells Consensus,Reactome,Reactome_Pathways_2024,13,Toll Like Receptor 5 (TLR5) Cascade,0.0027270306349214193,29.595238095238095,174.7463245947277,MAP3K1;TP53,2,0.04533128084224149,0,0,1.3436020097112449,16
immune_consensus,Immune Cells Consensus,Reactome,Reactome_Pathways_2024,14,SARS-CoV-1-host Interactions,0.003543249546655089,25.81038961038961,145.6405699331324,SP1;TLR7,2,0.04533128084224149,0,0,1.3436020097112449,16
immune_consensus,Immune Cells Consensus,Reactome,Reactome_Pathways_2024,15,Interleukin-4 and Interleukin-13 Signaling,0.003543249546655089,25.81038961038961,145.6405699331324,TNF;TP53,2,0.04533128084224149,0,0,1.3436020097112449,16
immune_consensus,Immune Cells Consensus,Reactome,Reactome_Pathways_2024,16,MyD88 MAL(TIRAP) Cascade Initiated on Plasma Membrane,0.003731270966193004,25.121365360303415,140.45371354552722,MAP3K1;TP53,2,0.04533128084224149,0,0,1.3436020097112449,16
immune_consensus,Immune Cells Consensus,Reactome,Reactome_Pathways_2024,17,Toll Like Receptor TLR6 TLR2 Cascade,0.003731270966193004,25.121365360303415,140.45371354552722,MAP3K1;TP53,2,0.04533128084224149,0,0,1.3436020097112449,16
immune_consensus,Immune Cells Consensus,Reactome,Reactome_Pathways_2024,18,Toll Like Receptor 2 (TLR2) Cascade,0.003923876780538224,24.467980295566502,135.56913013169284,MAP3K1;TP53,2,0.04533128084224149,0,0,1.3436020097112449,16
immune_consensus,Immune Cells Consensus,Reactome,Reactome_Pathways_2024,19,Toll Like Receptor TLR1 TLR2 Cascade,0.003923876780538224,24.467980295566502,135.56913013169284,MAP3K1;TP53,2,0.04533128084224149,0,0,1.3436020097112449,16
immune_consensus,Immune Cells Consensus,Reactome,Reactome_Pathways_2024,22,Signaling by Interleukins,0.0051576008682921014,10.040260407743704,52.884900547862,TNF;TP53;CCR2,3,0.053217063504650323,0,0,1.2739490933117104,16
immune_consensus,Immune Cells Consensus,Reactome,Reactome_Pathways_2024,24,SARS-CoV-1 Infection,0.006835799681695933,18.275576036866358,91.11437959550183,SP1;TLR7,2,0.060351310536358185,0,0,1.2193132947045116,16
immune_consensus,Immune Cells Consensus,Reactome,Reactome_Pathways_2024,25,Factors Involved in Megakaryocyte Development and Platelet Production,0.006920218219036219,18.157509157509157,90.30288510474938,KIF22;TP53,2,0.060351310536358185,0,0,1.2193132947045116,16
immune_consensus,Immune Cells Consensus,Reactome,Reactome_Pathways_2024,28,Cellular Senescence,0.007701398028308804,17.15930735930736,83.5032537865678,SP1;TP53,2,0.062409023871884184,0,0,1.2047526100864716,16
immune_consensus,Immune Cells Consensus,Reactome,Reactome_Pathways_2024,38,Membrane Trafficking,0.012990358950715247,7.089377289377289,30.79304924088293,RABGAP1;MYO1C;KIF22,3,0.07553509950629679,0,0,1.1218511943352072,16
immune_consensus,Immune Cells Consensus,Reactome,Reactome_Pathways_2024,52,Vesicle-mediated Transport,0.02056361596034674,5.926363356269898,23.019370075309837,RABGAP1;MYO1C;KIF22,3,0.08825556185185922,0,0,1.054257915906617,16
immune_consensus,Immune Cells Consensus,Reactome,Reactome_Pathways_2024,56,Cytokine Signaling in Immune System,0.022334869046227196,5.735197532092745,21.80296242373249,TNF;TP53;CCR2,3,0.09053598702667096,0,0,1.0431787593525514,16
immune_consensus,Immune Cells Consensus,Reactome,Reactome_Pathways_2024,101,Signal Transduction,0.04791102911466918,3.0284439486893473,9.20165300974556,SP1;ARHGAP17;TNF;TP53;CCR2,5,0.10684613104562744,0,0,0.9712411992458736,16
immune_consensus,Immune Cells Consensus,Reactome,Reactome_Pathways_2024,109,SARS-CoV Infections,0.05898502797984369,5.612903225806452,15.8871633444509,SP1;TLR7,2,0.12135260896448716,0,0,0.9159508823176227,16
immune_consensus,Immune Cells Consensus,Reactome,Reactome_Pathways_2024,138,Disease,0.08252394968717566,2.798464190565742,6.981235507191695,MYO1C;SP1;TLR7;TP53,4,0.13319165417853246,0,0,0.8755229873111032,16
immune_consensus,Immune Cells Consensus,Reactome,Reactome_Pathways_2024,139,Infectious Disease,0.08301686230412957,3.294989414255469,8.20027815152383,MYO1C;SP1;TLR7,3,0.13319165417853246,0,0,0.8755229873111032,16
immune_consensus,Immune Cells Consensus,Reactome,Reactome_Pathways_2024,161,Hemostasis,0.10805420296641388,3.9065856129685916,8.692630758175735,KIF22;TP53,2,0.1520388945587266,0,0,0.8180452967168581,16
immune_consensus,Immune Cells Consensus,Reactome,Reactome_Pathways_2024,176,Cellular Responses to Stress,0.12909463086584796,3.4939035486806187,7.152752784834648,SP1;TP53,2,0.16650273412811073,0,0,0.7785786305840756,16
immune_consensus,Immune Cells Consensus,Reactome,Reactome_Pathways_2024,178,Gene Expression (Transcription),0.13381548105851035,2.630082076732201,5.289866814449688,MYO1C;SP1;TP53,3,0.17065232696787555,0,0,0.7678877854256715,16
immune_consensus,Immune Cells Consensus,Reactome,Reactome_Pathways_2024,191,Cellular Responses to Stimuli,0.15669049241283758,3.0829701372074254,5.714232138499946,SP1;TP53,2,0.1862237789409117,0,0,0.7299648646894596,16
immune_consensus,Immune Cells Consensus,Reactome,Reactome_Pathways_2024,198,Viral Infection Pathways,0.19772289512226657,2.6369453331478647,4.274195019891976,SP1;TLR7,2,0.2266823090543157,0,0,0.6445823721535333,16
immune_consensus,Immune Cells Consensus,Reactome,Reactome_Pathways_2024,209,Generic Transcription Pathway,0.2580275665348064,2.181945090739879,2.955856691703261,SP1;TP53,2,0.28025003637990936,0,0,0.5524543223562083,16
immune_consensus,Immune Cells Consensus,Reactome,Reactome_Pathways_2024,210,RNA Polymerase II Transcription,0.2975933752566533,1.9593940669051126,2.3748389767785487,SP1;TP53,2,0.32168426753933477,0,0,0.49257017841394063,16
immune_consensus,Immune Cells Consensus,Reactome,Reactome_Pathways_2024,211,Developmental Biology,0.30520545876023286,1.921392418138622,2.280251060465596,TNF;TP53,2,0.32595339927264,0,0,0.48684448547008313,16
