cell_class,gene,rank_score,adj_p_value,diff_mean_log_expr,cohen_d,pct_expr_case,pct_expr_control,traditional_rank,combined_ml_biomarker_score,knn_single_gene_balanced_accuracy_mean,knn_single_gene_roc_auc_mean,ml_rank,random_forest_importance,rf_rank,traditional_score_scaled,ml_score_scaled,rf_score_scaled,consensus_score,mean_rank
endothelial cells,ZNF503,1.8260763766535577,0.00026145809188429054,0.21026566301437494,2.4241110582185583,0.2228483606557377,0.12051282051282051,4,0.4824327007055884,0.9666666666666666,0.9555555555555555,1,0.008680994095533037,33,0.3961218507480054,1.0,1.0,0.7987072835826684,12.666666666666666
endothelial cells,SOX18,4.512772568905885,0.002442449305373376,0.7419416481751089,2.32847468420576,0.7061987704918032,0.5241758241758242,1,0.33585846471438424,0.8499999999999999,0.9777777777777779,5,0.0038938879456706307,59,1.0,0.6572734092593722,0.44855323051933665,0.7019422132595695,21.666666666666668
endothelial cells,LPAR6,1.786539759411853,0.0038851195354386355,0.3061142921615708,2.4210553418147778,0.2989241803278688,0.18095238095238095,5,0.4416243434427159,0.9416666666666667,0.9583333333333333,2,0.006999999999999998,38,0.38723536059833574,0.9045800302908,0.8063592628869515,0.6993915512586958,15.0
endothelial cells,FOXP1,1.649866732164462,0.003481961585611714,0.3023126853387031,2.220135677743345,0.2973872950819672,0.17655677655677657,6,0.32184937583377443,0.8333333333333333,0.95,9,0.004416470734456606,54,0.3565159011429547,0.6245167161136411,0.5087517265711747,0.4965947812759235,23.0
endothelial cells,MARCKS,3.5782617262253154,0.0011406852688590613,0.5380759267037907,2.2597622595227818,0.4149590163934426,0.22417582417582418,2,0.2985665652937938,0.85,0.8333333333333334,20,0.0010000000000000002,138,0.7899536688363817,0.5700757823078775,0.1151941804124217,0.49174121051889363,53.333333333333336
endothelial cells,SFT2D2,0.7269030510399422,0.00473770737985152,0.1524428132219039,2.0514112596918217,0.19518442622950818,0.12124542124542124,10,0.34869049553874054,0.8583333333333332,0.8708333333333332,4,0.005133333333333333,49,0.14906498012272737,0.6872778513563734,0.5913301261170978,0.4758909858653995,21.0
endothelial cells,RUNX1T1,0.4800491541036608,0.012335427516867952,0.14190530141981011,1.7722143255933278,0.21875,0.1575091575091575,15,0.3067841623705479,0.8,0.875,16,0.005639574198731093,48,0.09358059939989051,0.5892905441052039,0.6496461276978679,0.44417242373432075,26.333333333333332
endothelial cells,VWF,2.1721706195802537,0.012252529047025626,0.566832768223808,2.0044829974587524,0.3319672131147541,0.13846153846153847,3,0.2923084002351806,0.8416666666666666,0.8638888888888889,22,0.0013179095436801724,112,0.47391209420315916,0.5554426541846013,0.1518155097419461,0.3937234193765688,45.666666666666664
endothelial cells,CALHM2,0.37770886974793894,0.005177167377818294,0.0826636516550318,1.9988669571618944,0.07914959016393443,0.039194139194139194,20,0.3147344386862252,0.8333333333333333,0.9333333333333332,11,0.004078191043837845,55,0.07057797569838196,0.6078802442574295,0.469783874860179,0.38274736493866346,28.666666666666668
endothelial cells,SOX4,0.7950666244504302,0.008927025032773322,0.18313510470740288,2.118496802170285,0.23770491803278687,0.1380952380952381,9,0.33248211833972596,0.8833333333333332,0.9416666666666667,6,0.0021048503611971105,81,0.164385838758039,0.6493786815514581,0.24246651224889088,0.35207701085279597,32.0
endothelial cells,LRRC8C,0.45505393169275665,0.00922940473866151,0.11934804964576487,1.8737869102122193,0.18468237704918034,0.1413919413919414,16,0.36430379663758883,0.925,1.0,3,0.0020000000000000005,83,0.08796252144482965,0.7237855869732679,0.2303883608248434,0.3473788230809803,34.0
endothelial cells,SLC16A7,0.11631733066566184,0.043922373400238024,0.04798744689749987,1.7858146848145382,0.052510245901639344,0.019413919413919414,51,0.30942222856980467,0.8416666666666666,0.7999999999999999,14,0.0031317128504294274,62,0.011826026257158654,0.5954589912985675,0.3607550950922668,0.322680037549331,42.333333333333336
endothelial cells,KIF12,0.1294065856313002,0.014214520155470025,0.03320552381353905,2.1096780475483716,0.031762295081967214,0.00695970695970696,47,0.3091326432753287,0.8416666666666666,0.8722222222222221,15,0.003105263157894736,64,0.014768046678571012,0.594781869701902,0.35770824443857246,0.32241938693968186,42.0
endothelial cells,SMAD1,0.7260387709552569,0.009354007557000214,0.1571861454808881,2.2764756684000624,0.1598360655737705,0.063003663003663,11,0.24019854091328505,0.7583333333333332,0.8833333333333334,42,0.0028947804473902234,72,0.14887071928315787,0.43359699482575786,0.3334618611110201,0.3053098584066453,41.666666666666664
endothelial cells,LBR,0.4351218227302785,0.007353428583573832,0.1036594507364191,1.9674660830667026,0.140625,0.10329670329670329,18,0.30322932557795224,0.8499999999999999,0.9166666666666666,17,0.001999151103565365,95,0.08348245961064815,0.5809784619283691,0.23029057289580052,0.29825049814493926,43.333333333333336
endothelial cells,ELK4,0.5747582447202778,0.0050231853038671575,0.12134223911262701,2.0602992504848077,0.19672131147540983,0.15677655677655677,12,0.2778154572190984,0.8166666666666667,0.9055555555555556,31,0.002112496644236854,79,0.11486798966151736,0.5215545911419386,0.24334731955685554,0.29325663345343717,40.666666666666664
endothelial cells,ZFP36L1,1.3240849296221218,0.008396251402521149,0.3404977012628204,1.8732346479653628,0.5279200819672131,0.4087912087912088,7,0.2579407047765357,0.8083333333333332,0.8972222222222221,37,0.0008856607310215558,158,0.28329120512165984,0.47508253484643626,0.10202296203349437,0.2867989006671968,67.33333333333333
endothelial cells,KAT2A,0.1557352039307084,0.025572665942831734,0.06207201521670376,1.5757480784557996,0.08247950819672131,0.05531135531135531,43,0.3025775648895145,0.85,0.9166666666666666,18,0.0019999999999999996,90,0.020685826789644916,0.5794544852402665,0.2303883608248433,0.27684289095158493,50.333333333333336
endothelial cells,MAP3K1,0.42018969570364356,0.006308095682509846,0.0879099138249829,2.1725249942727918,0.11552254098360656,0.06556776556776557,19,0.27608558715070847,0.8166666666666667,0.95,32,0.0019999999999999996,93,0.08012622407525602,0.5175097297312393,0.2303883608248433,0.27600810487711286,48.0
endothelial cells,RASSF7,0.24489597247521336,0.004975931945063676,0.04617398177966305,2.302855560024852,0.04252049180327869,0.012454212454212455,29,0.25664805283904824,0.7833333333333333,0.9166666666666666,38,0.0026679608938014214,76,0.0407261424940431,0.47205999689115785,0.3073335685338467,0.2733732359730159,47.666666666666664
endothelial cells,CISD1,0.3212741137354377,0.0028150318228056317,0.0601472217296581,2.094266725926141,0.11910860655737705,0.08791208791208792,23,0.32474692822144674,0.8916666666666666,0.9666666666666666,8,0.001,146,0.057893357276472775,0.6312919057955365,0.11519418041242167,0.268126481161477,59.0
endothelial cells,SLC7A6,0.17075653565263268,0.030905296014289842,0.0646861120143584,1.7482309483536844,0.06019467213114754,0.030036630036630037,41,0.28227417723636145,0.825,0.95,26,0.0019999999999999996,92,0.024062112513983335,0.5319801744666591,0.2303883608248433,0.26214354926849526,53.0
endothelial cells,COLGALT1,0.5624845382577567,0.0021226154456160566,0.08828655294494855,2.3833957626428997,0.08017418032786885,0.04285714285714286,13,0.29179842065523776,0.8499999999999999,0.9027777777777779,23,0.0010312024608501132,126,0.11210927687351287,0.5542501965770334,0.11878852231690114,0.2617159985891492,54.0
endothelial cells,RAP2B,0.28712968351470186,0.004824066192368352,0.0587662325262895,2.109121877593931,0.08196721311475409,0.05054945054945055,26,0.2939950321986301,0.85,0.95,21,0.0012662538699690416,113,0.05021884782191613,0.5593864142783049,0.1458650767451409,0.2518234462817873,53.333333333333336
endothelial cells,MET,0.21747742901036934,0.0495398971623005,0.09321306293126859,1.787771286316622,0.0699282786885246,0.01978021978021978,32,0.2715480444352316,0.825,0.913888888888889,33,0.0011059602649006602,122,0.03456338418497845,0.5068998395639888,0.12740018628393632,0.22295447001096783,62.333333333333336
endothelial cells,DYRK2,0.20430311789053265,0.023492805280672022,0.06736965317583132,1.8615394213339271,0.06582991803278689,0.027106227106227107,35,0.319128196026127,0.9,0.875,10,0.0,271,0.031602246025904536,0.6181539288750763,0.0,0.21658539163366028,105.33333333333333
endothelial cells,NREP,0.3186621424092236,0.010885986996874602,0.08543440470628458,1.899976064638356,0.11552254098360656,0.1,25,0.18634178124761405,0.7,0.6972222222222223,67,0.0024464927860126115,77,0.05730627474182596,0.3076666530864331,0.2818217313696249,0.21559821973262797,56.333333333333336
endothelial cells,TMEM106B,0.23533367714868472,0.02128171588326213,0.09109096326678534,1.5451627790467926,0.19082991803278687,0.16703296703296702,30,0.2686898291478498,0.825,0.8277777777777778,35,0.0008666666666666665,162,0.03857686293610982,0.5002166296913757,0.0998349563574321,0.21287614966163923,75.66666666666667
endothelial cells,SFXN1,0.07320396968324105,0.04705486593155256,0.03415221257922546,1.6147878001967122,0.038422131147540985,0.020146520146520148,58,0.227805723020019,0.7583333333333332,0.8444444444444444,50,0.0019999999999999983,94,0.002135605467053829,0.40461954051732535,0.23038836082484315,0.21238116893640746,67.33333333333333
endothelial cells,PPM1A,0.2741413499219281,0.010568740826934798,0.07802749814901086,1.7780543594422538,0.11910860655737705,0.11318681318681319,27,0.1641852656045773,0.6666666666666666,0.8166666666666667,77,0.0028645720476706384,74,0.0472995111010432,0.25585927358567917,0.3299820292637517,0.21104693798349136,59.333333333333336
endothelial cells,SLC12A2,0.3192492826412901,0.022116640431498635,0.10794443256204327,1.7867261496877558,0.12192622950819672,0.08791208791208792,24,0.28131184988331864,0.85,0.8722222222222221,28,0.00021361205432937126,177,0.05743824394538317,0.5297300165814453,0.024606865524685613,0.20392504201717135,76.33333333333333
endothelial cells,GNG12,0.19731254501907738,0.04023670313871751,0.08599739341580925,1.6442871390521105,0.12756147540983606,0.11172161172161173,36,0.24309724966993249,0.7916666666666666,0.9,41,0.0010000000000000002,137,0.030031002421957394,0.44037488838254496,0.1151941804124217,0.1952000237389747,71.33333333333333
endothelial cells,EPS8L2,0.13518323653811923,0.006601889385331328,0.03002547291970774,2.064954102938857,0.03381147540983607,0.008424908424908424,46,0.2690408056977793,0.8333333333333333,0.95,34,0.0003558792756371765,170,0.016066441811055387,0.5010372991328624,0.040995221482790854,0.1860329874755696,83.33333333333333
endothelial cells,EFNB2,0.537242341869997,0.034005625274138813,0.23454118505589783,1.5598835600663574,0.40753073770491804,0.3344322344322344,14,0.23989321678066627,0.7999999999999999,0.8305555555555555,43,0.00010989010989010917,185,0.1064356875478374,0.43288307195701065,0.012658701144222078,0.1839924868830234,80.66666666666667
endothelial cells,TET2,0.118886947147772,0.03215293847727268,0.05279350257487478,1.5085443614855556,0.08247950819672131,0.063003663003663,49,0.206123324643266,0.7416666666666666,0.8055555555555556,56,0.0013209153318077798,111,0.012403588859874535,0.35392076372008097,0.1521617590417992,0.17282870387391824,72.0
endothelial cells,NAA40,0.0989250696077361,0.010651247699405429,0.027365625820094105,1.8325762675244943,0.031762295081967214,0.01575091575091575,55,0.26622582485941493,0.8333333333333333,0.9,36,0.00013073170731707278,183,0.007916836059452318,0.4944551820287985,0.01505953187830679,0.17247718332218587,91.33333333333333
endothelial cells,CTNNB1,0.8302416442938007,0.024215724923432193,0.3204598756200334,1.6033033278877347,0.5735143442622951,0.512087912087912,8,0.17305543240595675,0.7166666666666666,0.8055555555555556,73,0.00013171285042942708,182,0.17229198979371285,0.27659990379657046,0.015172553855001734,0.15468814914842835,87.66666666666667
endothelial cells,MYO1B,0.19587144790574623,0.009575501934071851,0.05539845588655933,1.751345802946356,0.07223360655737705,0.041025641025641026,37,0.23224353611250587,0.7916666666666666,0.8833333333333334,48,0.00010485036119711126,197,0.029707092684711948,0.41499623831313315,0.012078151424047612,0.1522604941406309,94.0
endothelial cells,ETAA1,0.11856487083178595,0.0377299100549759,0.0500383768276488,1.6647615157190891,0.048668032786885244,0.031868131868131866,50,0.23884448213712436,0.7999999999999999,0.8666666666666666,44,0.00010521955260977564,196,0.012331197031510603,0.4304308725882602,0.012120680126244789,0.15162758324867184,96.66666666666667
endothelial cells,SP1,0.17816496698163717,0.04661693086586977,0.08515921871555476,1.5713166737510424,0.16137295081967212,0.13516483516483516,40,0.18881458834987438,0.725,0.6888888888888889,66,0.0009999999999999994,148,0.02572727652200213,0.3134486838914086,0.1151941804124216,0.1514567136086108,84.66666666666667
endothelial cells,TRDMT1,0.06370251134500855,0.041789507060757326,0.03042323382978507,1.5184765576360977,0.03739754098360656,0.020879120879120878,59,0.23743908866898183,0.8,0.7527777777777778,45,0.0,259,0.0,0.4271447172231759,0.0,0.14238157240772528,121.0
endothelial cells,CAMK2N1,0.16532791476945274,0.025572665942831734,0.05696867576504987,1.8226609933404998,0.06582991803278689,0.02783882783882784,42,0.21355764913801054,0.7666666666666666,0.9,54,0.0002472019464720188,174,0.022841942722780704,0.3713040416973664,0.028476225620199542,0.1408740700134489,90.0
endothelial cells,IMPA2,0.0792258274642926,0.04386975050530613,0.03729160630576964,1.5646195295161085,0.048668032786885244,0.024175824175824177,57,0.19807329601209836,0.75,0.8666666666666666,62,0.00010521955260977692,193,0.0034891147854377532,0.3350978181357691,0.012120680126244936,0.11690253768248393,104.0
endothelial cells,KCTD2,0.10056305677270108,0.029218640616645065,0.04092694119390046,1.601428573722002,0.05584016393442623,0.04322344322344322,54,0.1968484694016435,0.7499999999999999,0.7333333333333334,63,1.5295289754036468e-18,198,0.008285000000179963,0.33223387246611685,1.7619283673867415e-16,0.113506290822099,105.0
endothelial cells,CXXC5,0.2171189067036213,0.04726815320792352,0.09591523681005684,1.7078620818462809,0.1011782786885246,0.05787545787545788,33,0.17678568368860223,0.7249999999999999,0.7694444444444445,71,0.0,272,0.0344828005344381,0.2853221481668816,0.0,0.10660164956710656,125.33333333333333
endothelial cells,RC3H1,0.21495826032472623,0.023499119427989323,0.0821722170601975,1.6059122223542321,0.14882172131147542,0.12197802197802197,34,0.16322124166477517,0.7083333333333333,0.7722222222222223,78,1.110223024625157e-19,249,0.033997160535305423,0.253605148663612,1.2789123139669481e-17,0.09586743639963914,120.33333333333333
endothelial cells,PRTG,0.1222634353230848,0.029968809329191694,0.05172027992164448,1.5518208646240708,0.04815573770491803,0.02600732600732601,48,0.16978124777886833,0.7166666666666666,0.9027777777777779,74,4.454598555594761e-19,237,0.013162508843518016,0.26894405536516724,5.1314382967809593e-17,0.0940355214028951,119.66666666666667
endothelial cells,OGT,0.3435504088147048,0.023492805280672022,0.13400582395068236,1.5737232132838992,0.19339139344262296,0.16373626373626374,22,0.12239371240017918,0.65,0.7499999999999999,90,0.0005218437363192019,168,0.06290031261569251,0.1581403501020293,0.06011336150864635,0.09371800807545605,93.33333333333333
endothelial cells,CLIC5,0.0830307538638414,0.030275979072714107,0.03341114358766653,1.6361305067394145,0.034579918032786885,0.013553113553113554,56,0.16421560165198504,0.7083333333333333,0.8027777777777777,76,0.00010782608695652262,186,0.0043443331457516336,0.2559302067209215,0.012420937714035135,0.09089849252690274,106.0
endothelial cells,TBL1XR1,0.35109025090364293,0.015355771062091409,0.12027583700688482,1.6094153372782423,0.23232581967213115,0.189010989010989,21,0.14320484468241293,0.6833333333333333,0.8555555555555555,85,4.454598555594762e-19,236,0.06459501330401382,0.20680189261875243,5.1314382967809606e-17,0.09046563530758876,114.0
endothelial cells,CTSC,0.2671701601642098,0.04773473824362877,0.13033084777243276,1.5516133985739924,0.21362704918032788,0.14835164835164835,28,0.14300598288642039,0.6833333333333332,0.7583333333333332,86,1.1285505158253176e-18,203,0.04573262416342996,0.20633690486078674,1.300024517245132e-16,0.0840231763414056,105.66666666666667
endothelial cells,ARHGEF15,0.4486584051143826,0.014636513519985149,0.14291036137589136,1.711274234704356,0.23155737704918034,0.20476190476190476,17,0.12309706465109332,0.6583333333333332,0.8583333333333334,89,4.744542840278446e-19,230,0.0865250240587174,0.15978496054407187,5.465437239174989e-17,0.08210332820092978,112.0
endothelial cells,BMP2K,0.14675321852367565,0.014214520155470025,0.046830344741378586,1.6964084252527796,0.055327868852459015,0.02454212454212454,45,0.13882887727106977,0.675,0.7305555555555555,87,0.00023825193156732922,175,0.018666981212743176,0.19656980522672443,0.027445235988574866,0.08089400747601416,102.33333333333333
endothelial cells,EZR,0.1037168798997848,0.04789108202828814,0.05171835888311653,1.5195485039881018,0.08145491803278689,0.05714285714285714,53,0.14939831576075394,0.6916666666666667,0.6055555555555555,84,0.0,288,0.008993872435605883,0.22128375031479303,0.0,0.0767592075834663,141.66666666666666
endothelial cells,EHD1,0.18893001110702587,0.007468644335577883,0.04871808920678339,1.8234446433769942,0.05609631147540984,0.03333333333333333,38,0.1202551766893944,0.65,0.7611111111111111,91,0.00037564231283114253,169,0.028146893202817096,0.15313992797205592,0.043271808354809975,0.07485287650989433,99.33333333333333
endothelial cells,MOB1B,0.10857837681769857,0.03695385750032806,0.05162586699038639,1.4683507170955454,0.07581967213114754,0.056043956043956046,52,0.0979560507950354,0.6166666666666666,0.6777777777777778,93,0.000788961038961039,166,0.01008657200091212,0.10099909065103907,0.09088372026044957,0.06732312763746691,103.66666666666667
endothelial cells,ATL3,0.18843856735115427,0.03344080000393383,0.08126124299543758,1.5713805961692229,0.23744877049180327,0.23846153846153847,39,0.11570077198093104,0.65,0.7722222222222221,92,0.0,268,0.028036433320299307,0.1424906103206347,0.0,0.05684234788031134,133.0
endothelial cells,STX7,0.22128816807746543,0.014214520155470025,0.07199557663027178,1.6638819860563774,0.15829918032786885,0.1498168498168498,31,0.05476166510120447,0.575,0.7027777777777777,96,0.0,296,0.03541990903574362,0.0,0.0,0.011806636345247874,141.0
