gene,random_forest_importance
MT1E,0.033
MT1X,0.033
RHOU,0.032
FKBP5,0.02910989010989011
CSRNP1,0.029
TSC22D3,0.029
CEBPD,0.028119565217391302
PER1,0.027107499999999996
SPRY1,0.027
ARRDC2,0.027
CDC42EP4,0.025
MT2A,0.024
DUSP1,0.024
F2RL3,0.023107500000000003
MT1M,0.023
SEC14L1,0.02210596026490066
APOLD1,0.022105219552609776
CEBPB,0.022
KLF9,0.02
ADCY1,0.018
KIAA1211L,0.01689388794567063
ITPRIP,0.015866666666666668
RARB,0.014576797736885713
IFNGR1,0.01378653973509934
TAL1,0.012581395224518888
NOSTRIN,0.012
PRDM1,0.011784268318010169
ANKS1A,0.010893887945670628
ESM1,0.010542096239969257
NEDD9,0.009000848896434632
MAP1LC3A,0.008897343376452009
RND3,0.008856643356643356
ZNF503,0.008680994095533037
SH3RF3-AS1,0.008667708333333333
SPRY4,0.008
TACC1,0.007470335514300611
GRASP,0.006999999999999999
LPAR6,0.006999999999999998
ZFP36,0.006856643356643357
BAIAP2,0.006105219552609777
ZNF436,0.006008361835464638
STARD8,0.006000000000000001
IL4R,0.0058947804473902235
TSC22D1,0.005892173913043478
SMTN,0.005794011976047904
SIK2,0.005784846732215155
FZD4,0.005779597760729837
RUNX1T1,0.005639574198731093
SFT2D2,0.005133333333333333
NUDT16,0.005106112054329371
GAS6,0.0048612975391498885
NFKBIA,0.004787280447390225
TIPARP,0.0047869543604337015
FOXP1,0.004416470734456606
CALHM2,0.004078191043837845
CNN3,0.004004517289495485
CA4,0.004
RNF115,0.003894736842105263
SOX18,0.0038938879456706307
FAM107A,0.0038925
CD9,0.0032005527043031967
SLC16A7,0.0031317128504294274
TNFAIP3,0.003107826086956521
KIF12,0.003105263157894736
ITGB8,0.0030435811972043697
CD274,0.0030039298449894484
ERRFI1,0.0030000000000000005
JUN,0.003
KLF6,0.003
PHC2,0.0029999999999999996
HERPUD1,0.002905559350026174
SMAD1,0.0028947804473902234
TAF7,0.0028894878706199473
PPM1A,0.0028645720476706384
CMTM8,0.0027879276807699664
RASSF7,0.0026679608938014214
NREP,0.0024464927860126115
ZBTB16,0.00230596026490066
ELK4,0.002112496644236854
MAP3K6,0.0021052631578947364
SOX4,0.0021048503611971105
AKAP12,0.002000000000000001
LRRC8C,0.0020000000000000005
PLIN2,0.0020000000000000005
EIF1B,0.0020000000000000005
B2M,0.002
SH3BP5,0.002
PNMT,0.002
KLF7,0.002
KAT2A,0.0019999999999999996
CDC42EP3,0.0019999999999999996
SLC7A6,0.0019999999999999996
MAP3K1,0.0019999999999999996
SFXN1,0.0019999999999999983
LBR,0.001999151103565365
ADIPOR2,0.0018959519686042156
GPR3,0.0018947368421052629
ELMSAN1,0.0018938879456706283
MAL2,0.0018925000000000005
SOCS1,0.0018901098901098906
LONRF1,0.0018894878706199462
PRKCA,0.001885660731021556
GMFG,0.0018804347826086954
ATOH8,0.0018664378697264997
CFI,0.0018651590323883302
KLF4,0.0018152173913043483
RASSF1,0.001799447295696803
INPP1,0.0017888201824895614
STARD13,0.0017640051347881914
CALCOCO2,0.0016301034550401305
TET2,0.0013209153318077798
VWF,0.0013179095436801724
RAP2B,0.0012662538699690416
NDUFB9,0.0012112234227953992
RHOB,0.0012059880239520969
CD36,0.0011333333333333338
TBC1D8,0.0011322916666666666
IPO11,0.0011098901098901095
PTPRB,0.001107499999999999
CTSL,0.0011059602649006622
EPAS1,0.0011059602649006615
MET,0.0011059602649006602
PDLIM1,0.0011052631578947368
APOL3,0.001105219552609775
SOCS2,0.0011007248660573584
COLGALT1,0.0010312024608501132
MRPS36,0.0010000000000000013
TP53INP2,0.0010000000000000009
TMEM88,0.0010000000000000009
KLHL5,0.0010000000000000007
FOXO3,0.0010000000000000007
MCL1,0.0010000000000000005
TAF11,0.0010000000000000005
ZFAND5,0.0010000000000000005
RAB20,0.0010000000000000005
TRIM35,0.0010000000000000002
GNG12,0.0010000000000000002
MARCKS,0.0010000000000000002
KIAA0040,0.001
IRAK3,0.001
LRRC8A,0.001
TSPAN14,0.001
UBC,0.001
GATA6,0.001
SOD1,0.001
CISD1,0.001
PPFIBP1,0.0009999999999999996
SP1,0.0009999999999999994
DDIT4,0.000999999999999999
HLA-E,0.0009991074982804045
PSMA3,0.0009962219444392623
LTB,0.0009890092093163693
COTL1,0.0009078260869565212
RILPL2,0.0008947368421052632
DHRS3,0.0008921739130434794
LGALSL,0.0008901098901098914
TPT1,0.0008894878706199464
ZFP36L1,0.0008856607310215558
SLC22A23,0.0008804347826086951
CDKN1C,0.0008668730650154808
FAM171A1,0.0008668730650154798
TMEM106B,0.0008666666666666665
DDIT4L,0.0008645720476706392
AC010997.5,0.0008645720476706388
CLCNKB,0.0008418300653594773
MOB1B,0.000788961038961039
DNAJC1,0.0007527980535279818
OGT,0.0005218437363192019
EHD1,0.00037564231283114253
EPS8L2,0.0003558792756371765
PTBP3,0.000353314000801391
PGD,0.00026292186074794834
ZNF608,0.0002486518071262489
CAMK2N1,0.0002472019464720188
BMP2K,0.00023825193156732922
DDAH1,0.0002210242587601076
SLC12A2,0.00021361205432937126
CA2,0.00021103896103896085
ATP6V1C1,0.00020327868852459017
B4GALT6,0.0001581699346405233
GRB7,0.00013333333333333358
CTNNB1,0.00013171285042942708
NAA40,0.00013073170731707278
TSLP,0.00011433926897844423
EFNB2,0.00010989010989010917
CLIC5,0.00010782608695652262
CNST,0.00010782608695652245
KRT10,0.00010749999999999838
RPGR,0.00010611205432937266
SLC38A1,0.00010526315789474055
PSME2,0.00010526315789473686
ITGA8,0.00010526315789473617
IMPA2,0.00010521955260977692
IL18R1,0.00010521955260977627
KHDRBS3,0.00010521955260977623
ETAA1,0.00010521955260977564
MYO1B,0.00010485036119711126
KCTD2,1.5295289754036468e-18
MYC,1.5121137122722714e-18
HYAL2,1.3816971395043616e-18
JDP2,1.3221301230147924e-18
RASSF9,1.2608501658712668e-18
CTSC,1.1285505158253176e-18
POMP,1.048398840508776e-18
ANKMY2,1.0206260787782136e-18
TP53I11,9.55772894948583e-19
HLA-C,9.251858538542983e-19
SPARC,9.09270238381457e-19
RRAS,9.054226763141554e-19
C1orf52,8.98966011842232e-19
LRP6,8.922270962571627e-19
FLRT2,8.592702556470345e-19
PDK4,8.551021781850413e-19
CLEC1A,8.505217323151783e-19
CCDC198,8.388351741612297e-19
CNOT6L,8.302949970487278e-19
MTSS1,8.302949970487278e-19
WBP11,8.276208001751161e-19
PDIA5,7.894919286223334e-19
PCTP,7.771561172376096e-19
STMN1,7.467458569375387e-19
DECR2,7.431879409608333e-19
VAMP5,6.810863134232442e-19
MYCN,5.551115123125788e-19
EGFR,5.529346044211567e-19
RGL1,5.103130393891068e-19
RPL27A,5.103130393891068e-19
SLC31A2,5.103130393891064e-19
TMEM204,4.934324553889583e-19
ARHGEF15,4.744542840278446e-19
CD69,4.744542840278446e-19
OAF,4.744542840278446e-19
NCOA3,4.744542840278445e-19
SERPINE1,4.744542840278445e-19
HLA-B,4.744542840278444e-19
TBL1XR1,4.454598555594762e-19
PRTG,4.454598555594761e-19
DENND6A,4.45459855559476e-19
MGP,4.454598555594759e-19
NDUFS4,4.440892098500626e-19
MALSU1,4.138104000875583e-19
USP13,3.8241015292644276e-19
MXD4,3.8241015292644276e-19
GYPC,3.8064789415719646e-19
NCOA7,3.744281573245627e-19
TMEM51,3.554579599850289e-19
P2RY8,2.960594732333752e-19
MYL12A,2.9605947323337516e-19
RC3H1,1.110223024625157e-19
MED30,0.0
FLT1,0.0
MEPCE,0.0
ARHGDIB,0.0
ANXA1,0.0
B4GALT1,0.0
FRMD6,0.0
GNA11,0.0
JUND,0.0
TRDMT1,0.0
UBE2D2,0.0
HS3ST3B1,0.0
TSPAN8,0.0
UBB,0.0
IDI1,0.0
IRF2BP2,0.0
KCTD3,0.0
KCNMB4,0.0
ATL3,0.0
RASL10A,0.0
EIF1,0.0
DYRK2,0.0
CXXC5,0.0
PRX,0.0
PPP1R18,0.0
PSMB9,0.0
PXDC1,0.0
PNMA8A,0.0
MYO6,0.0
NFE2L2,0.0
NUCB2,0.0
PERP,0.0
PEX2,0.0
PINK1,0.0
PLAT,0.0
NDEL1,0.0
EML1,0.0
FGFR1,0.0
EZR,0.0
SDC1,0.0
CLEC4E,0.0
CHSY1,0.0
CHIC1,0.0
COPZ2,0.0
SWI5,0.0
SYNE1,0.0
STX7,0.0
TOX2,0.0
TGFBR1,0.0
TEAD2,0.0
ABLIM1,0.0
