cell_class,gene,mean_expr_case,mean_expr_control,diff_mean_log_expr,direction,cohen_d,t_stat,p_value,adj_p_value,pct_expr_case,pct_expr_control,pct_expr_diff,n_case_patients,n_control_patients,passes_expression_filter,rank_score
endothelial cells,SOX18,1.7291627861575203,0.9872211379824114,0.7419416481751089,up_in_CKD,2.32847468420576,6.1138200429507945,6.455232791979258e-06,0.002442449305373376,0.7061987704918032,0.5241758241758242,0.18202294631597904,14,18,True,4.512772568905885
endothelial cells,MARCKS,0.9463253240650086,0.4082493973612179,0.5380759267037907,up_in_CKD,2.2597622595227818,6.14774771015645,2.307435181020897e-06,0.0011406852688590613,0.4149590163934426,0.22417582417582418,0.19078319221761844,14,18,True,3.5782617262253154
endothelial cells,VWF,0.8514326441357039,0.28459987591189584,0.566832768223808,up_in_CKD,2.0044829974587524,5.205759154602389,5.8874080114760264e-05,0.012252529047025626,0.3319672131147541,0.13846153846153847,0.1935056746532156,14,18,True,2.1721706195802537
endothelial cells,ZNF503,0.35871392450015394,0.148448261485779,0.21026566301437494,up_in_CKD,2.4241110582185583,6.717150425997068,3.525594550759042e-07,0.00026145809188429054,0.2228483606557377,0.12051282051282051,0.1023355401429172,14,18,True,1.8260763766535577
endothelial cells,LPAR6,0.5485345089037656,0.24242021674219483,0.3061142921615708,up_in_CKD,2.4210553418147778,6.192005759095335,1.1630212201555786e-05,0.0038851195354386355,0.2989241803278688,0.18095238095238095,0.11797179937548788,14,18,True,1.786539759411853
endothelial cells,FOXP1,0.5533445017872364,0.2510318164485333,0.3023126853387031,up_in_CKD,2.220135677743345,5.855393536882165,1.0047731652115787e-05,0.003481961585611714,0.2973872950819672,0.17655677655677657,0.12083051852519064,14,18,True,1.649866732164462
endothelial cells,ZFP36L1,1.0263556029198706,0.6858579016570502,0.3404977012628204,up_in_CKD,1.8732346479653628,5.083135212535823,3.447901162635809e-05,0.008396251402521149,0.5279200819672131,0.4087912087912088,0.11912887317600429,14,18,True,1.3240849296221218
endothelial cells,CTNNB1,1.1890743136832869,0.8686144380632534,0.3204598756200334,up_in_CKD,1.6033033278877347,4.4428747268104125,0.00013975634125173918,0.024215724923432193,0.5735143442622951,0.512087912087912,0.06142643217438304,14,18,True,0.8302416442938007
endothelial cells,SOX4,0.3696344511441841,0.1864993464367812,0.18313510470740288,up_in_CKD,2.118496802170285,5.472676685318267,3.755706324467741e-05,0.008927025032773322,0.23770491803278687,0.1380952380952381,0.09960967993754877,14,18,True,0.7950666244504302
endothelial cells,SFT2D2,0.3125216169052118,0.1600788036833079,0.1524428132219039,up_in_CKD,2.0514112596918217,5.510075322732294,1.4565767025433476e-05,0.00473770737985152,0.19518442622950818,0.12124542124542124,0.07393900498408694,14,18,True,0.7269030510399422
endothelial cells,SMAD1,0.2458886237311093,0.0887024782502212,0.1571861454808881,up_in_CKD,2.2764756684000624,5.732557979198967,4.1119288883253375e-05,0.009354007557000214,0.1598360655737705,0.063003663003663,0.0968324025701075,14,18,True,0.7260387709552569
endothelial cells,ELK4,0.3409552961722136,0.21961305705958659,0.12134223911262701,up_in_CKD,2.0602992504848077,5.511252138991444,1.5849856541328408e-05,0.0050231853038671575,0.19672131147540983,0.15677655677655677,0.03994475469885306,14,18,True,0.5747582447202778
endothelial cells,COLGALT1,0.14880668667335656,0.060520133728408004,0.08828655294494855,up_in_CKD,2.3833957626428997,6.242809151706443,5.266467664419558e-06,0.0021226154456160566,0.08017418032786885,0.04285714285714286,0.037317037470726,14,18,True,0.5624845382577567
endothelial cells,EFNB2,0.8020774563378816,0.5675362712819838,0.23454118505589783,up_in_CKD,1.5598835600663574,4.287931933466056,0.0002265207508822084,0.034005625274138813,0.40753073770491804,0.3344322344322344,0.07309850327268363,14,18,True,0.537242341869997
endothelial cells,RUNX1T1,0.35804268451693433,0.2161373830971242,0.14190530141981011,up_in_CKD,1.7722143255933278,4.831637671231854,6.0878728036322427e-05,0.012335427516867952,0.21875,0.1575091575091575,0.061240842490842495,14,18,True,0.4800491541036608
endothelial cells,LRRC8C,0.32129312397849613,0.20194507433273126,0.11934804964576487,up_in_CKD,1.8737869102122193,5.057705506953934,4.011927068980526e-05,0.00922940473866151,0.18468237704918034,0.1413919413919414,0.043290435657238946,14,18,True,0.45505393169275665
endothelial cells,ARHGEF15,0.42713111209262866,0.2842207507167373,0.14291036137589136,up_in_CKD,1.711274234704356,4.703178695342785,7.6577228232932e-05,0.014636513519985149,0.23155737704918034,0.20476190476190476,0.02679547228727558,14,18,True,0.4486584051143826
endothelial cells,LBR,0.2341915479012014,0.13053209716478228,0.1036594507364191,up_in_CKD,1.9674660830667026,5.263369480314819,2.8557004208053717e-05,0.007353428583573832,0.140625,0.10329670329670329,0.03732829670329671,14,18,True,0.4351218227302785
endothelial cells,MAP3K1,0.17373370216795295,0.08582378834297005,0.0879099138249829,up_in_CKD,2.1725249942727918,5.652825432926376,2.1775519076625142e-05,0.006308095682509846,0.11552254098360656,0.06556776556776557,0.04995477541584099,14,18,True,0.42018969570364356
endothelial cells,CALHM2,0.13165544513744723,0.04899179348241543,0.0826636516550318,up_in_CKD,1.9988669571618944,5.402745983659241,1.6666054474446454e-05,0.005177167377818294,0.07914959016393443,0.039194139194139194,0.039955450969795234,14,18,True,0.37770886974793894
endothelial cells,TBL1XR1,0.3748812342063939,0.2546053971995091,0.12027583700688482,up_in_CKD,1.6094153372782423,4.573517401258226,8.158271033527528e-05,0.015355771062091409,0.23232581967213115,0.189010989010989,0.04331483066114214,14,18,True,0.35109025090364293
endothelial cells,OGT,0.33960237780160846,0.2055965538509261,0.13400582395068236,up_in_CKD,1.5737232132838992,4.420592868951519,0.0001331485535021952,0.023492805280672022,0.19339139344262296,0.16373626373626374,0.029655129706359223,14,18,True,0.3435504088147048
endothelial cells,CISD1,0.1697805711579464,0.1096333494282883,0.0601472217296581,up_in_CKD,2.094266725926141,5.680389601820559,7.819532841126755e-06,0.0028150318228056317,0.11910860655737705,0.08791208791208792,0.031196518645289134,14,18,True,0.3212741137354377
endothelial cells,SLC12A2,0.2290781557157347,0.12113372315369143,0.10794443256204327,up_in_CKD,1.7867261496877558,4.727106256773674,0.00012346668202050209,0.022116640431498635,0.12192622950819672,0.08791208791208792,0.0340141415961088,14,18,True,0.3192492826412901
endothelial cells,NREP,0.20282021528630842,0.11738581058002384,0.08543440470628458,up_in_CKD,1.899976064638356,5.058770257741414,5.078952940828766e-05,0.010885986996874602,0.11552254098360656,0.1,0.015522540983606559,14,18,True,0.3186621424092236
endothelial cells,RAP2B,0.12435232255894679,0.0655860900326573,0.0587662325262895,up_in_CKD,2.109121877593931,5.602429140562049,1.4961370337711989e-05,0.004824066192368352,0.08196721311475409,0.05054945054945055,0.03141776256530354,14,18,True,0.28712968351470186
endothelial cells,PPM1A,0.20304942583897848,0.12502192768996762,0.07802749814901086,up_in_CKD,1.7780543594422538,4.881888144596405,4.858168123687391e-05,0.010568740826934798,0.11910860655737705,0.11318681318681319,0.005921793370563866,14,18,True,0.2741413499219281
endothelial cells,CTSC,0.35347709134620314,0.2231462435737704,0.13033084777243276,up_in_CKD,1.5516133985739924,4.1768422952842075,0.00037097134345590976,0.04773473824362877,0.21362704918032788,0.14835164835164835,0.06527540082867953,14,18,True,0.2671701601642098
endothelial cells,RASSF7,0.055829337065297364,0.009655355285634314,0.04617398177966305,up_in_CKD,2.302855560024852,5.9346309865436675,1.5566561640436527e-05,0.004975931945063676,0.04252049180327869,0.012454212454212455,0.030066279349066232,14,18,True,0.24489597247521336
endothelial cells,TMEM106B,0.3136942058922468,0.22260324262546144,0.09109096326678534,up_in_CKD,1.5451627790467926,4.429847870870444,0.0001176578143492108,0.02128171588326213,0.19082991803278687,0.16703296703296702,0.02379695099981985,14,18,True,0.23533367714868472
endothelial cells,STX7,0.26442673125409544,0.19243115462382365,0.07199557663027178,up_in_CKD,1.6638819860563774,4.650645513816357,7.398604072291573e-05,0.014214520155470025,0.15829918032786885,0.1498168498168498,0.008482330511019043,14,18,True,0.22128816807746543
endothelial cells,MET,0.12167535780587209,0.0284622948746035,0.09321306293126859,up_in_CKD,1.787771286316622,4.518996598848712,0.0003941280923106431,0.0495398971623005,0.0699282786885246,0.01978021978021978,0.050148058908304816,14,18,True,0.21747742901036934
endothelial cells,CXXC5,0.16338132327058194,0.0674660864605251,0.09591523681005684,up_in_CKD,1.7078620818462809,4.4092735462390875,0.0003645817642250843,0.04726815320792352,0.1011782786885246,0.05787545787545788,0.04330282081306672,14,18,True,0.2171189067036213
endothelial cells,RC3H1,0.25205615130986286,0.16988393424966536,0.0821722170601975,up_in_CKD,1.6059122223542321,4.454389342137242,0.00013435310999821296,0.023499119427989323,0.14882172131147542,0.12197802197802197,0.026843699333453444,14,18,True,0.21495826032472623
endothelial cells,DYRK2,0.10250184347725584,0.03513219030142451,0.06736965317583132,up_in_CKD,1.8615394213339271,4.831807685006223,0.00013368343889487045,0.023492805280672022,0.06582991803278689,0.027106227106227107,0.03872369092655978,14,18,True,0.20430311789053265
endothelial cells,GNG12,0.21459019019995,0.12859279678414073,0.08599739341580925,up_in_CKD,1.6442871390521105,4.3598544777220605,0.0002843046446155336,0.04023670313871751,0.12756147540983606,0.11172161172161173,0.015839863688224334,14,18,True,0.19731254501907738
endothelial cells,MYO1B,0.10501974891005761,0.04962129302349828,0.05539845588655933,up_in_CKD,1.751345802946356,4.873105770078095,4.2351195177664065e-05,0.009575501934071851,0.07223360655737705,0.041025641025641026,0.031207965531736027,14,18,True,0.19587144790574623
endothelial cells,EHD1,0.0906485157999686,0.041930426593185216,0.04871808920678339,up_in_CKD,1.8234446433769942,5.0396373345572245,2.940728352196254e-05,0.007468644335577883,0.05609631147540984,0.03333333333333333,0.022762978142076506,14,18,True,0.18893001110702587
endothelial cells,ATL3,0.41159444139455303,0.33033319839911546,0.08126124299543758,up_in_CKD,1.5713805961692229,4.308460148669103,0.00022005272925997452,0.03344080000393383,0.23744877049180327,0.23846153846153847,-0.0010127679697352066,14,18,True,0.18843856735115427
endothelial cells,SP1,0.26491624649145074,0.17975702777589597,0.08515921871555476,up_in_CKD,1.5713166737510424,4.212266556554362,0.0003557872555296965,0.04661693086586977,0.16137295081967212,0.13516483516483516,0.026208115654836966,14,18,True,0.17816496698163717
endothelial cells,SLC7A6,0.10612386517880006,0.04143775316444167,0.0646861120143584,up_in_CKD,1.7482309483536844,4.584311029817636,0.00019688171890400657,0.030905296014289842,0.06019467213114754,0.030036630036630037,0.030158042094517504,14,18,True,0.17075653565263268
endothelial cells,CAMK2N1,0.09324794063043439,0.03627926486538452,0.05696867576504987,up_in_CKD,1.8226609933404998,4.748230326514575,0.0001510359719924528,0.025572665942831734,0.06582991803278689,0.02783882783882784,0.03799109019395905,14,18,True,0.16532791476945274
endothelial cells,KAT2A,0.1345788208154977,0.07250680559879395,0.06207201521670376,up_in_CKD,1.5757480784557996,4.394546932479594,0.0001506430967507583,0.025572665942831734,0.08247950819672131,0.05531135531135531,0.027168152885366004,14,18,True,0.1557352039307084
endothelial cells,TBC1D4,0.15775717779237727,0.08506210711317082,0.07269507067920646,up_in_CKD,1.45369608271543,4.1358591145744015,0.0002719031117894085,0.03877756686596641,0.1011782786885246,0.06190476190476191,0.03927351678376269,14,18,True,0.14915392265970706
endothelial cells,BMP2K,0.08696662544821078,0.04013628070683219,0.046830344741378586,up_in_CKD,1.6964084252527796,4.690480170248324,7.394144783238623e-05,0.014214520155470025,0.055327868852459015,0.02454212454212454,0.030785744310334474,14,18,True,0.14675321852367565
endothelial cells,EPS8L2,0.03840870741001422,0.008383234490306476,0.03002547291970774,up_in_CKD,2.064954102938857,5.456904840186576,2.341224762407655e-05,0.006601889385331328,0.03381147540983607,0.008424908424908424,0.025386566984927646,14,18,True,0.13518323653811923
endothelial cells,KIF12,0.03950460722625919,0.006299083412720141,0.03320552381353905,up_in_CKD,2.1096780475483716,5.347843224144258,7.301116352999614e-05,0.014214520155470025,0.031762295081967214,0.00695970695970696,0.024802588122260254,14,18,True,0.1294065856313002
endothelial cells,PRTG,0.0874045113874118,0.035684231465767324,0.05172027992164448,up_in_CKD,1.5518208646240708,4.324863650198042,0.00018265779148860095,0.029968809329191694,0.04815573770491803,0.02600732600732601,0.022148411697592022,14,18,True,0.1222634353230848
endothelial cells,TET2,0.1286640067116623,0.07587050413678753,0.05279350257487478,up_in_CKD,1.5085443614855556,4.248020007995519,0.0002098438811084139,0.03215293847727268,0.08247950819672131,0.063003663003663,0.01947584519305831,14,18,True,0.118886947147772
endothelial cells,ETAA1,0.08985629986443358,0.03981792303678478,0.0500383768276488,up_in_CKD,1.6647615157190891,4.404300683337253,0.0002635395551304951,0.0377299100549759,0.048668032786885244,0.031868131868131866,0.01679990091875338,14,18,True,0.11856487083178595
endothelial cells,SLC16A7,0.07116782202961723,0.02318037513211736,0.04798744689749987,up_in_CKD,1.7858146848145382,4.551502539474637,0.00032574575741816227,0.043922373400238024,0.052510245901639344,0.019413919413919414,0.03309632648771993,14,18,True,0.11631733066566184
endothelial cells,MOB1B,0.12375407180751967,0.07212820481713328,0.05162586699038639,up_in_CKD,1.4683507170955454,4.161733856991158,0.00025712230946830204,0.03695385750032806,0.07581967213114754,0.056043956043956046,0.019775716087191496,14,18,True,0.10857837681769857
endothelial cells,EZR,0.1186888388357344,0.06697047995261787,0.05171835888311653,up_in_CKD,1.5195485039881018,4.131522521543881,0.00037584425216374997,0.04789108202828814,0.08145491803278689,0.05714285714285714,0.024312060889929744,14,18,True,0.1037168798997848
endothelial cells,KCTD2,0.09014560545290264,0.049218664259002176,0.04092694119390046,up_in_CKD,1.601428573722002,4.391249154337436,0.0001772975765573123,0.029218640616645065,0.05584016393442623,0.04322344322344322,0.012616720710983007,14,18,True,0.10056305677270108
endothelial cells,NAA40,0.043060911287507775,0.01569528546741367,0.027365625820094105,up_in_CKD,1.8325762675244943,4.958404638958317,4.940708210080188e-05,0.010651247699405429,0.031762295081967214,0.01575091575091575,0.016011379331051463,14,18,True,0.0989250696077361
endothelial cells,CLIC5,0.05237025684727623,0.018959113259609698,0.03341114358766653,up_in_CKD,1.6361305067394145,4.42636715244557,0.0001881809196434714,0.030275979072714107,0.034579918032786885,0.013553113553113554,0.021026804479673332,14,18,True,0.0830307538638414
endothelial cells,IMPA2,0.06897289350379661,0.03168128719802697,0.03729160630576964,up_in_CKD,1.5646195295161085,4.22190859192788,0.00032333421918376477,0.04386975050530613,0.048668032786885244,0.024175824175824177,0.024492208611061068,14,18,True,0.0792258274642926
endothelial cells,SFXN1,0.05732339009816529,0.023171177518939833,0.03415221257922546,up_in_CKD,1.6147878001967122,4.271114364254932,0.0003616676588590205,0.04705486593155256,0.038422131147540985,0.020146520146520148,0.018275611001020837,14,18,True,0.07320396968324105
endothelial cells,TRDMT1,0.056720973618473815,0.026297739788688743,0.03042323382978507,up_in_CKD,1.5184765576360977,4.1760504373743235,0.00030203850842187065,0.041789507060757326,0.03739754098360656,0.020879120879120878,0.01651842010448568,14,18,True,0.06370251134500855
