cell_class,gene,diff_mean_log_expr,direction,cohen_d,adj_p_value,rank_score,pct_expr_case,pct_expr_control,random_forest_importance,knn_permutation_importance_mean,knn_permutation_importance_std,knn_single_gene_accuracy_mean,knn_single_gene_balanced_accuracy_mean,knn_single_gene_roc_auc_mean,knn_single_gene_importance_score,traditional_score_scaled,rf_score_scaled,knn_score_scaled,combined_ml_biomarker_score
epithelial cells,PDK4,-0.9758748196034257,down_in_CKD,-3.9463197059406903,3.131432455892714e-06,21.197521176764003,0.10943960149439602,0.6032145267161524,0.03599999999999999,0.0,0.0,1.0,1.0,1.0,0.5,1.0,1.0,1.0,1.0
epithelial cells,PER1,-0.28743525546353216,down_in_CKD,-3.811564095099948,3.131432455892714e-06,6.0303422685981385,0.04430884184308842,0.319244218146126,0.034112676056338026,0.0,0.0,1.0,1.0,1.0,0.5,0.28448337040504496,0.9475743348982788,1.0,0.8359264080403205
epithelial cells,ZFAND5,-0.6350444271225002,down_in_CKD,-3.7134579376100754,3.7815517806798156e-07,15.14520764413852,0.2959651307596513,0.6476903257468867,0.027999999999999997,0.0,0.0,0.9714285714285715,0.975,1.0,0.475,0.7144801280227132,0.7777777777777779,0.9361702127659575,0.8284752218220368
epithelial cells,ERRFI1,-0.4024153664395874,down_in_CKD,-2.9396236168074084,0.00010447129328159128,4.709326398377458,0.05285180572851806,0.33979510459481016,0.031107228915662647,0.0,0.0,0.9666666666666666,0.9666666666666666,1.0,0.46666666666666656,0.22216401432539482,0.8640896921017405,0.9148936170212764,0.7560261265142857
epithelial cells,CSRNP1,-0.21423117386676832,down_in_CKD,-2.2363551498643655,0.0017360305367827716,1.3225197568898777,0.027895392278953924,0.23421875958530153,0.030125,0.0,0.0,1.0,1.0,1.0,0.5,0.062390302425529766,0.8368055555555558,1.0,0.7472002827073283
epithelial cells,NR4A3,-0.13109571138219378,down_in_CKD,-1.86519775636846,0.004564298574643091,0.5723285164474547,0.0007471980074719801,0.12336666462180235,0.03345346253133276,0.0,0.0,0.9428571428571428,0.95,1.0,0.44999999999999996,0.026999785101043876,0.9292628480925769,0.8723404255319148,0.7260412664700056
epithelial cells,NFIL3,-0.1273701276013783,down_in_CKD,-1.8889754138350743,0.004119031610487812,0.5738780019612467,0.041469489414694895,0.17238206245015644,0.02825051440329217,0.0,0.0,1.0,1.0,1.0,0.5,0.02707288258734291,0.7847365112025605,1.0,0.7193091809984928
epithelial cells,ORC5,0.01648150736454797,up_in_CKD,2.7178271759822024,7.787295072062117e-05,0.1840407696164383,0.040273972602739724,0.03533525550579719,0.03011044417767106,0.0,0.0,0.9714285714285715,0.9666666666666666,1.0,0.46666666666666656,0.008682183547865848,0.8364012271575296,0.9148936170212764,0.7022543743810956
epithelial cells,SLC25A33,-0.18428205183763927,down_in_CKD,-3.799071129621968,3.7815517806798156e-07,4.496277197015424,0.08545454545454545,0.27329611680265015,0.023124999999999993,0.0,0.0,1.0,1.0,1.0,0.5,0.21211334851473523,0.642361111111111,1.0,0.6993671141473915
epithelial cells,USP2,-0.3722134893835511,down_in_CKD,-2.464855126775991,0.00034091792456032705,3.181128478544009,0.089813200498132,0.3577694619961965,0.02742885381743275,0.0,0.0,0.9333333333333333,0.9333333333333332,1.0,0.43333333333333324,0.15007077723932424,0.7619126060397988,0.8297872340425531,0.6666940914808057
epithelial cells,TIPARP,-0.2558943440911865,down_in_CKD,-2.6759670968397358,0.0003536078399454186,2.363450876410324,0.03745952677459527,0.22937243113919392,0.02321067958189007,0.0,0.0,0.9714285714285715,0.975,1.0,0.475,0.11149656871205574,0.6447410994969466,0.9361702127659575,0.6546638386475728
epithelial cells,GADD45A,-0.5077303927492058,down_in_CKD,-2.9711929444450327,6.27137318369124e-05,6.339951456494267,0.19915317559153176,0.5113183240292006,0.012782965612271338,0.0,0.0,0.9666666666666666,0.9666666666666666,0.9666666666666666,0.46666666666666656,0.2990892851869824,0.3550823781186484,0.9148936170212764,0.5678082550933664
epithelial cells,TSC22D3,-0.3099313755984175,down_in_CKD,-2.304603542338505,0.000693509906063184,2.2563379809288824,0.1409713574097136,0.3419422121342249,0.017882259632342683,0.0,0.0,0.9333333333333333,0.9333333333333332,0.9777777777777779,0.43333333333333324,0.10644348280695211,0.4967294342317413,0.8297872340425531,0.5518953638711083
epithelial cells,SLC25A25,-0.1615268639123258,down_in_CKD,-2.264654107171542,0.0012615550168001124,1.0604956913871355,0.04363636363636364,0.1983927366419238,0.019129682863356114,0.0,0.0,0.9095238095238095,0.9166666666666666,0.9666666666666666,0.41666666666666663,0.050029231368317474,0.53138007953767,0.7872340425531915,0.5374514951100081
epithelial cells,CEBPD,-0.7117950294479083,down_in_CKD,-2.64192482453211,0.00010447129328159128,7.486311858960413,0.34968866749688665,0.6632108459603705,0.010673050930677106,0.0,0.0,0.9380952380952381,0.9416666666666667,0.9416666666666667,0.44166666666666665,0.35316921240614924,0.296473636963253,0.851063829787234,0.5296488291814248
epithelial cells,HOXA3,0.07768393237415983,up_in_CKD,2.296834629793351,0.004973538556902753,0.4109774031876187,0.09058530510585305,0.046438868781056374,0.01100159123055162,0.0,0.0,0.9714285714285715,0.9666666666666666,0.9666666666666666,0.46666666666666656,0.019387993518700578,0.3055997564042117,0.9148936170212764,0.49207494807393537
epithelial cells,KLF9,-0.3061167488175337,down_in_CKD,-2.7006030695014167,0.00010447129328159128,3.291094533204477,0.12049813200498131,0.3873382001104227,0.013785726987015133,0.0,0.0,0.9047619047619048,0.9083333333333332,1.0,0.4083333333333332,0.15525846186260978,0.38293686075042044,0.7659574468085104,0.4906094153960944
epithelial cells,TSPYL2,-0.07422759728057354,down_in_CKD,-1.7448264815279855,0.0064512327766056525,0.2836825413142753,0.027770859277708594,0.10790749033801607,0.013146919438712476,0.0,0.0,0.9380952380952381,0.9416666666666667,1.0,0.44166666666666665,0.013382816742989665,0.3651922066309022,0.851063829787234,0.48917897791585246
epithelial cells,LRRC10B,-0.013206788046244058,down_in_CKD,-2.0200876878059195,0.003059890987881913,0.0,0.00049813200498132,0.016440709158947305,0.012541935687339972,0.0,0.0,0.9428571428571428,0.95,0.975,0.44999999999999996,0.0,0.34838710242611043,0.8723404255319148,0.48829101118321017
epithelial cells,NR4A1,-0.875074588541546,down_in_CKD,-2.3079008807227837,0.0012615550168001124,5.854967561253119,0.05098381070983811,0.495491074167229,0.006715829301497439,0.0,0.0,0.9428571428571428,0.95,0.9333333333333332,0.44999999999999996,0.2762100111814552,0.18655081393048448,0.8723404255319148,0.4787984980212508
epithelial cells,NR4A2,-0.07306971912824223,down_in_CKD,-2.4396870625245044,0.0008355175139167474,0.5487145132058229,0.006376089663760897,0.07680510398135083,0.008908309117732525,0.0,0.0,0.9714285714285715,0.975,0.975,0.475,0.02588578676865788,0.24745303104812574,0.9361702127659575,0.4786264548793649
epithelial cells,TBL1XR1,0.15700963838591983,up_in_CKD,2.506838297491226,0.0015303911633564283,1.1080554909366835,0.2946450809464508,0.24139623335991656,0.011364497079981118,0.0,0.0,0.9380952380952381,0.9333333333333332,0.9666666666666666,0.43333333333333324,0.052272880479595704,0.31568047444392006,0.8297872340425531,0.4686416594905084
epithelial cells,NFKBIA,-0.36648683477121075,down_in_CKD,-2.77316444726564,7.787295072062117e-05,4.175699878639524,0.17576587795765877,0.43377706889147905,0.010895251245397444,0.0,0.0,0.9047619047619048,0.9083333333333332,1.0,0.4083333333333332,0.1969900085872674,0.30264586792770687,0.7659574468085104,0.46683932761194047
epithelial cells,MCL1,-0.2507275842491995,down_in_CKD,-1.7442436575843616,0.006331726521226484,0.9614603156806659,0.1509090909090909,0.36169560149684066,0.0130139151742136,0.0,0.0,0.9095238095238095,0.9083333333333332,1.0,0.4083333333333332,0.045357205102575196,0.3614976437281556,0.7659574468085104,0.46005347723518153
epithelial cells,DYRK2,0.03996369506309682,up_in_CKD,2.195465257589946,0.004537313958748798,0.20558990257592766,0.06926525529265255,0.04202196184283173,0.009748921765344398,0.0,0.0,0.9428571428571428,0.9333333333333332,0.9666666666666666,0.43333333333333324,0.009698770948807367,0.2708033823706778,0.8297872340425531,0.44217600075505387
epithelial cells,GRHL3,0.00204207358810056,up_in_CKD,2.2508808037479024,0.007137051634795506,0.0,0.0018679950186799503,0.0,0.00962619980908284,0.0,0.0,0.9428571428571428,0.9333333333333332,0.9333333333333332,0.43333333333333324,0.0,0.26739443914119004,0.8297872340425531,0.4388726692734973
epithelial cells,RGS2,-0.06231569347769885,down_in_CKD,-2.1659731214471956,0.001922171030697123,0.3666177729738375,0.01551681195516812,0.07146800809766272,0.007690952244329248,0.0,0.0,0.9380952380952381,0.9416666666666667,0.913888888888889,0.44166666666666665,0.017295313443333713,0.21363756234247916,0.851063829787234,0.42933961954055205
epithelial cells,ELL2,-0.09275715407809496,down_in_CKD,-2.0850290383628236,0.0020009577205782033,0.5219442574597208,0.05083437110834371,0.15698423409606774,0.012770270389191462,0.0,0.0,0.880952380952381,0.8833333333333332,0.9833333333333332,0.3833333333333332,0.024622891191252036,0.3547297330330963,0.7021276595744679,0.4276675352812761
epithelial cells,MAP3K1,0.13898498255099673,up_in_CKD,2.471291968131452,0.00227651327355484,0.9077049392834993,0.19753424657534246,0.12747684191153916,0.010719969616009215,0.0,0.0,0.9095238095238095,0.9,0.9666666666666666,0.4,0.04282127762554116,0.2977769337780338,0.74468085106383,0.4255473694618538
epithelial cells,GIMAP2,0.00423446943513183,up_in_CKD,1.9040426940397095,0.013275270997720889,0.0,0.005006226650062266,0.0015336482424391142,0.008105416423995338,0.0,0.0,0.9380952380952381,0.9333333333333332,0.9444444444444443,0.43333333333333324,0.0,0.2251504562220928,0.8297872340425531,0.4219750761058584
epithelial cells,TP53INP2,-0.1399925995519733,down_in_CKD,-2.1929048828355286,0.0016368985741803,0.855268724652109,0.06709838107098381,0.2276547451076621,0.00845294197234132,0.0,0.0,0.9095238095238095,0.9166666666666666,0.975,0.41666666666666663,0.04034758203660272,0.23480394367614785,0.7872340425531915,0.4168847108990563
epithelial cells,LINC00473,-0.11792337205497516,down_in_CKD,-1.9113273527794696,0.00375064749007202,0.5467725967088997,0.01140722291407223,0.11042267345561622,0.007784076356079617,0.0,0.0,0.9095238095238095,0.9166666666666666,0.9666666666666668,0.41666666666666663,0.02579417622227702,0.21622434322443387,0.7872340425531915,0.4065421895555056
epithelial cells,ERF,-0.11023219694105059,down_in_CKD,-1.9779231479510806,0.002969056760834188,0.5510470456190002,0.06876712328767123,0.19655235875099686,0.005109461966604824,0.0,0.0,0.9380952380952381,0.9416666666666667,0.9388888888888889,0.44166666666666665,0.025995824748746524,0.14192949907235625,0.851063829787234,0.4023964964935855
epithelial cells,ADAMTS5,0.03575079597671008,up_in_CKD,2.1300584700576737,0.004860132890022303,0.17616471827764238,0.051108343711083436,0.025335868965094165,0.005999999999999997,0.0,0.0,0.9428571428571428,0.9333333333333332,0.9583333333333333,0.43333333333333324,0.008310628247926843,0.16666666666666663,0.8297872340425531,0.40024368593327325
epithelial cells,CDADC1,-0.038655895126724384,down_in_CKD,-1.877537015858073,0.003128597968595397,0.18178218956066872,0.04943960149439602,0.1101159438071284,0.007,0.0,0.0,0.9095238095238095,0.9166666666666666,0.9027777777777779,0.41666666666666663,0.008575634294444396,0.1944444444444445,0.7872340425531915,0.3943865216579433
epithelial cells,CISH,-0.1355570093204287,down_in_CKD,-2.482463497411793,0.000274301338372429,1.1985908955975948,0.07853051058530511,0.2188209312312128,0.0037875079264426113,0.0,0.0,0.9380952380952381,0.9416666666666667,0.9111111111111111,0.44166666666666665,0.05654391782900772,0.10520855351229479,0.851063829787234,0.39381773688561317
epithelial cells,DDX58,0.022297977461831122,up_in_CKD,2.702750829219562,0.0003837021123286722,0.20586858622947526,0.03339975093399751,0.01772897368259616,0.0068040183722176744,0.0,0.0,0.9095238095238095,0.9166666666666666,0.9666666666666666,0.41666666666666663,0.0097119179413837,0.1890005103393799,0.7872340425531915,0.39243620474530533
epithelial cells,STK10,0.006744785297694043,up_in_CKD,1.7672745252626165,0.0040524646169354805,0.0,0.011955168119551681,0.007852279001288265,0.004893691588785044,0.0,0.0,0.9333333333333333,0.9333333333333332,0.888888888888889,0.43333333333333324,0.0,0.13593587746625124,0.8297872340425531,0.38628924460352176
epithelial cells,TMEM139,0.10264283667847969,up_in_CKD,1.7308474376718468,0.019669459337330258,0.30312328704668995,0.16595267745952677,0.11085209496349917,0.0061244086339444104,0.0,0.0,0.9095238095238095,0.9166666666666666,0.9166666666666666,0.41666666666666663,0.014299940286365338,0.17012246205401144,0.7872340425531915,0.38580258990015426
epithelial cells,IP6K3,-0.017214312844225945,down_in_CKD,-2.132725541584637,0.001837110777103936,0.0,0.0023163138231631383,0.018342432979571804,0.002794425087108018,0.0,0.0,0.9428571428571428,0.95,0.9333333333333332,0.44999999999999996,0.0,0.07762291908633386,0.8723404255319148,0.3799853378472995
epithelial cells,RASSF3,0.030519284847147145,up_in_CKD,1.8344139839024167,0.01655311225229458,0.09971602739521192,0.04301369863013699,0.01705416845592295,0.007227831472213058,0.0,0.0,0.9047619047619048,0.9,0.9333333333333332,0.4,0.004704136231953254,0.2007730964503628,0.74468085106383,0.3791224062520678
epithelial cells,RASD1,-0.4714901954766676,down_in_CKD,-2.4796193045216572,0.00024045424564229443,4.230993556288048,0.10722291407222914,0.37028403165449975,0.002894145476049676,0.0,0.0,0.9095238095238095,0.9083333333333332,0.975,0.4083333333333332,0.19959850592935927,0.0803929298902688,0.7659574468085104,0.37845985186538356
epithelial cells,FKBP5,-0.29945119449013113,down_in_CKD,-1.8681858915578373,0.003452017472684329,1.3772770528301779,0.047297633872976336,0.2656892215201521,0.005999999999999999,0.0,0.0,0.9047619047619048,0.8999999999999998,0.8944444444444445,0.3999999999999998,0.0649734957849648,0.16666666666666669,0.7446808510638294,0.3775337062491914
epithelial cells,FZD1,0.07581805039725943,up_in_CKD,1.7492803585278194,0.021714179894990422,0.22059277279058292,0.10789539227895392,0.06551745291699895,0.005202272727272724,0.0,0.0,0.9095238095238095,0.9166666666666666,0.9333333333333332,0.41666666666666663,0.010406536262003559,0.1445075757575757,0.7872340425531915,0.3747779545767076
epithelial cells,SYT16,0.014244618001412112,up_in_CKD,1.7149894257808886,0.026446955693861213,0.0,0.011581569115815692,0.0007974970860683394,0.005873408769448372,0.0,0.0,0.9142857142857143,0.9083333333333332,0.9416666666666667,0.4083333333333332,0.0,0.16315024359578817,0.7659574468085104,0.3716430761617195
epithelial cells,KANSL1L,0.12422809025432008,up_in_CKD,2.0453542467422645,0.006708519120453177,0.5522334137622776,0.20931506849315068,0.16158517882338508,0.0021058545239503257,0.0,0.0,0.9428571428571428,0.9416666666666667,0.9416666666666668,0.44166666666666665,0.02605179205423401,0.05849595899862017,0.851063829787234,0.36903427392518856
epithelial cells,SAMD12,0.07924768617322357,up_in_CKD,2.5735736506972935,0.002014453565022895,0.5498164715757216,0.13364881693648817,0.0962517636954788,0.004894145476049673,0.0,0.0,0.9142857142857143,0.9083333333333332,0.9166666666666666,0.4083333333333332,0.02593777201545677,0.13594848544582427,0.7659574468085104,0.3659499273048253
epithelial cells,CTH,-0.03459205583106158,down_in_CKD,-2.346755840073391,0.0002971198031812213,0.28632427034585906,0.03417185554171855,0.08582295564689282,0.004994951848400123,0.0,0.0,0.9095238095238095,0.9083333333333332,0.9833333333333332,0.4083333333333332,0.013507441174759525,0.138748662455559,0.7659574468085104,0.36458393194057975
epithelial cells,PROM1,0.24452117140409718,up_in_CKD,1.9527129177186524,0.014834152902372544,0.8731848216166223,0.20707347447073474,0.07735721734862892,0.0051063084112149505,0.0,0.0,0.9142857142857143,0.9,0.9166666666666666,0.4,0.041192779775296444,0.14184190031152644,0.74468085106383,0.3628476565052019
epithelial cells,FAS,0.0416203672608641,up_in_CKD,1.7023895367571946,0.023059963585670185,0.11599814281268317,0.051432129514321294,0.023986258511747745,0.007795841329333597,0.0,0.0,0.880952380952381,0.875,0.925,0.375,0.00547225035632168,0.21655114803704442,0.6808510638297873,0.36005533481799706
epithelial cells,SGK1,-0.41476813025121384,down_in_CKD,-2.1448389994064248,0.0017412176118266815,2.4545670940106614,0.09036114570361145,0.37592785718667565,0.004767035398230087,0.0,0.0,0.8809523809523808,0.8833333333333332,0.9361111111111111,0.3833333333333332,0.11579500610199998,0.1324176499508358,0.7021276595744679,0.3569771250305214
epithelial cells,KLF15,-0.1220440365683586,down_in_CKD,-1.746632476554595,0.00509424750814621,0.4887727543143004,0.032851805728518056,0.1560026992209067,0.010987879919867376,0.0,0.0,0.8428571428571429,0.8333333333333334,0.9666666666666666,0.33333333333333337,0.02305801467249276,0.30521888666298275,0.5744680851063833,0.35648639164224494
epithelial cells,FAM117B,0.031008784320931557,up_in_CKD,1.958375964301832,0.002999644373310034,0.15320962559408366,0.06702366127023661,0.05484326114962272,0.006893691588785042,0.0,0.0,0.8809523809523808,0.875,0.925,0.375,0.007227714236796084,0.19149143302180677,0.6808510638297873,0.35038254158799687
epithelial cells,GABARAPL1,-0.3104526852348883,down_in_CKD,-2.6170606515346173,0.00010447129328159128,3.234459491120232,0.3289663760896638,0.5448745475737685,0.008006070058970803,0.0,0.0,0.8238095238095238,0.8333333333333333,0.95,0.33333333333333326,0.1525866852142002,0.22239083497141124,0.5744680851063829,0.34926090507395774
epithelial cells,CREM,-0.21393334881596474,down_in_CKD,-2.3024902863490304,0.0008355175139167474,1.5161814616804532,0.15344956413449565,0.32881418317894606,0.0038945835760046585,0.0,0.0,0.8809523809523808,0.8916666666666666,0.95,0.3916666666666666,0.07152635673941156,0.10818287711124054,0.7234042553191489,0.34694012432003807
epithelial cells,ZNF799,0.009779994412010305,up_in_CKD,2.4219195909282636,0.000819144284357898,0.0,0.01925280199252802,0.01435494754923011,0.005942767612179807,0.0,0.0,0.880952380952381,0.8833333333333332,0.961111111111111,0.3833333333333332,0.0,0.16507687811610577,0.7021276595744679,0.34688181507622945
epithelial cells,DUSP6,-0.24097558619008083,down_in_CKD,-2.1579239270823027,0.0010168224184038486,1.5562534406148079,0.12278953922789539,0.30636157290963745,0.0036947368421052624,0.0,0.0,0.8809523809523808,0.8916666666666666,0.925,0.3916666666666666,0.0734167654622145,0.10263157894736842,0.7234042553191489,0.3450976867990498
epithelial cells,PDE5A,0.0277534252223414,up_in_CKD,2.0529911845653523,0.006564112458017006,0.12437193519521204,0.042216687422166874,0.026256057910557636,0.001,0.0,0.0,0.9428571428571428,0.9333333333333332,0.9333333333333332,0.43333333333333324,0.0058672867529220496,0.027777777777777787,0.8297872340425531,0.34419946207871677
epithelial cells,SLC45A4,-0.10683725108355561,down_in_CKD,-1.97751625321138,0.00227651327355484,0.5583358714031917,0.06154420921544209,0.18041837924053739,0.0018936915887850473,0.0,0.0,0.9095238095238095,0.9166666666666666,0.9416666666666667,0.41666666666666663,0.02633967749093325,0.052602544132918,0.7872340425531915,0.34120257017263045
epithelial cells,CSNK1G1,0.02895420002364682,up_in_CKD,1.9914996392954234,0.0061375029342261665,0.12754943879502487,0.06724782067247821,0.057726519845408254,0.006000000000000001,0.0,0.0,0.8857142857142858,0.875,0.9333333333333332,0.375,0.006017186525320715,0.16666666666666674,0.6808510638297873,0.34021052950364583
epithelial cells,APOL6,0.05330165606373734,up_in_CKD,2.0713746846731427,0.006331726521226484,0.24272888531689074,0.07880448318804484,0.039016011287651066,0.005107964601769912,0.0,0.0,0.880952380952381,0.8833333333333332,0.9583333333333333,0.3833333333333332,0.011450814616143034,0.1418879056047198,0.7021276595744679,0.33989638899490365
epithelial cells,PTEN,0.09732081086978928,up_in_CKD,2.103596343231754,0.005899715018897294,0.45636372282595095,0.2466002490660025,0.22980185264707687,0.002000000000000004,0.0,0.0,0.9095238095238095,0.9083333333333332,0.9666666666666666,0.4083333333333332,0.021529108003732117,0.05555555555555568,0.7659574468085104,0.3329110225463729
epithelial cells,C2CD2,0.016956120256039882,up_in_CKD,1.8002225246586017,0.015863062648297496,0.05493280701197865,0.034196762141967624,0.024906447457211215,0.005999999999999996,0.0,0.0,0.880952380952381,0.8666666666666666,0.9194444444444445,0.3666666666666666,0.002591473151690685,0.1666666666666666,0.6595744680851063,0.33101474853104734
epithelial cells,ADAM10,0.15455343653900508,up_in_CKD,1.864386996726755,0.013863316122902506,0.535416188654044,0.23636363636363636,0.17704435310717134,0.003999999999999999,0.0,0.0,0.8857142857142858,0.8833333333333332,0.9166666666666666,0.3833333333333332,0.025258433955048898,0.11111111111111112,0.7021276595744679,0.33034719506524135
epithelial cells,JMJD6,-0.06468137370880597,down_in_CKD,-1.7243213797360653,0.006587118145336449,0.24328411477266404,0.052303860523038606,0.1393779522728667,0.001,0.0,0.0,0.9095238095238095,0.9166666666666666,0.9111111111111111,0.41666666666666663,0.011477007747459819,0.027777777777777787,0.7872340425531915,0.3283001296818797
epithelial cells,NRP1,0.10335320033068596,up_in_CKD,1.993594358533201,0.01070304422904395,0.40600889743099805,0.12144458281444583,0.0640451506042574,0.003894145476049672,0.0,0.0,0.8857142857142858,0.8833333333333332,0.95,0.3833333333333332,0.019153602633314084,0.10817070766804647,0.7021276595744679,0.32795006742366856
epithelial cells,IER3,-0.622599143593115,down_in_CKD,-1.7743191812390748,0.004276123183124439,2.616954205067463,0.30338729763387295,0.5080669897552298,0.0010000000000000007,0.0,0.0,0.8809523809523808,0.8916666666666666,0.8666666666666666,0.3916666666666666,0.12345567121952346,0.027777777777777804,0.7234042553191489,0.32516394748267535
epithelial cells,SLC3A2,-0.29944512647075944,down_in_CKD,-2.3405102564609437,0.0003241631000566613,2.4454466639619614,0.30311332503113325,0.5378811115882461,0.0041054164239953395,0.0,0.0,0.8476190476190476,0.8583333333333332,0.9027777777777779,0.35833333333333317,0.11536474682910454,0.11403934511098168,0.6382978723404252,0.32400783634638364
epithelial cells,CASP1,0.02383401771879555,up_in_CKD,1.9539419026819034,0.013806143628901518,0.08661736073936428,0.030136986301369864,0.008895159806146863,0.004493916459102978,0.0,0.0,0.880952380952381,0.875,0.9333333333333332,0.375,0.00408620234493792,0.12483101275286054,0.6808510638297873,0.32309007110204674
epithelial cells,HERPUD1,-0.22356310839504479,down_in_CKD,-2.381105170799511,0.00034091792456032705,1.845765058786475,0.4201494396014944,0.5832157536347463,0.0022166908822674795,0.0,0.0,0.8761904761904763,0.8833333333333332,0.9083333333333334,0.3833333333333332,0.08707457081395628,0.06157474672965222,0.7021276595744679,0.3228958766844393
epithelial cells,PPP1R15B,-0.07808409456450718,down_in_CKD,-1.8894403811390197,0.003128597968595397,0.369524177918683,0.08181818181818182,0.19501871050855776,0.0011177077552719196,0.0,0.0,0.9047619047619048,0.9083333333333332,0.9444444444444444,0.4083333333333332,0.01743242404794683,0.03104743764644222,0.7659574468085104,0.3222884385915704
epithelial cells,GALNT7,0.057114735814400304,up_in_CKD,2.442417030169312,0.002157495397189006,0.37190866907375036,0.09865504358655043,0.07036378136310656,0.0041446280991735505,0.0,0.0,0.880952380952381,0.875,0.9666666666666666,0.375,0.017544913198691548,0.11512855831037644,0.6808510638297873,0.32190083149580384
epithelial cells,TNFAIP8,0.0687543314201483,up_in_CKD,2.3273424551586657,0.0020677087919813287,0.4295616308240974,0.1046824408468244,0.05613152567327158,0.009351540470912151,0.0,0.0,0.8142857142857143,0.8166666666666667,0.9527777777777778,0.31666666666666665,0.020264710540540378,0.25976501308089317,0.5319148936170214,0.32072490478727395
epithelial cells,SPRY1,0.10886432717973446,up_in_CKD,1.7411836018504392,0.013807117794168381,0.35254864361497673,0.14,0.08582295564689282,0.0008771186440677994,0.0,0.0,0.9095238095238095,0.9083333333333332,0.9361111111111111,0.4083333333333332,0.016631597660646685,0.0243644067796611,0.7659574468085104,0.319455060967398
epithelial cells,DESI1,-0.06421669470336111,down_in_CKD,-1.7775780391996465,0.003997165077235877,0.2737604462534709,0.1175093399750934,0.2108459603705294,0.0040024795759011555,0.0,0.0,0.8761904761904763,0.8749999999999998,0.9833333333333332,0.3749999999999998,0.012914738660742924,0.11117998821947657,0.6808510638297868,0.3193953685518539
epithelial cells,SAMHD1,0.01078614438755911,up_in_CKD,2.1584048484525216,0.0042445840324071065,0.0,0.01701120797011208,0.008772467946751733,0.0011328828828828835,0.0,0.0,0.9095238095238095,0.9083333333333332,0.9833333333333332,0.4083333333333332,0.0,0.031468968968968995,0.7659574468085104,0.3189705663109918
epithelial cells,TRIM22,0.051643909476758315,up_in_CKD,2.094433520921826,0.009285413440173092,0.2198122400394387,0.06620174346201743,0.026378749769952765,0.0038465608465608433,0.0,0.0,0.8857142857142858,0.875,0.9416666666666668,0.375,0.010369714373980168,0.1068489124044679,0.6808510638297873,0.3171539333684981
epithelial cells,B3GALT5,0.011010516011500653,up_in_CKD,1.813319740273806,0.020971470445679496,0.0,0.009240348692403488,0.0005521133672780811,0.00012448700410396787,0.0,0.0,0.9142857142857143,0.9166666666666666,0.9166666666666666,0.41666666666666663,0.0,0.003457972336221331,0.7872340425531915,0.31627680595576513
epithelial cells,IKZF2,0.025377791131254268,up_in_CKD,1.764791335756151,0.01869153777353358,0.0774069799542824,0.03870485678704857,0.021287037605054904,0.003874999999999997,0.0,0.0,0.880952380952381,0.875,0.9666666666666666,0.375,0.003651699616610516,0.10763888888888884,0.6808510638297873,0.3161263210107926
epithelial cells,PRR26,-0.014726502476205187,down_in_CKD,-1.7411313262792034,0.004860132890022303,0.0,0.005977584059775841,0.025090485246303907,0.004640161346767959,0.0,0.0,0.8761904761904763,0.8666666666666666,0.925,0.3666666666666666,0.0,0.12889337074355445,0.6595744680851063,0.31538713553146436
epithelial cells,NAP1L5,-0.03894475746724735,down_in_CKD,-2.134255330495689,0.0010168224184038486,0.24875196896796625,0.03163138231631382,0.09079197595239556,0.002000000000000001,0.0,0.0,0.880952380952381,0.8916666666666666,0.9416666666666668,0.3916666666666666,0.01173495555889052,0.055555555555555594,0.7234042553191489,0.3139309154616599
epithelial cells,USP36,-0.06695363132834584,down_in_CKD,-1.8034526645516507,0.0040524646169354805,0.2888624120699219,0.05656288916562889,0.14078890865591068,0.0018872849348567557,0.0,0.0,0.8857142857142858,0.8916666666666666,0.8666666666666666,0.3916666666666666,0.013627178841390333,0.05242458152379879,0.7234042553191489,0.3130569705054571
epithelial cells,MIR22HG,-0.2170300065752145,down_in_CKD,-1.917622714248026,0.0037735347784832113,1.0085129163030653,0.09317559153175592,0.3069750322066131,0.004323825203436318,0.0,0.0,0.8523809523809526,0.8583333333333332,0.9583333333333333,0.35833333333333317,0.04757692693844612,0.12010625565100887,0.6382978723404252,0.31287703658426286
epithelial cells,COX5B,-0.3876891655153263,down_in_CKD,-2.020167892932658,0.0018255951174658783,2.1448603671361943,0.834321295143213,0.9177964542052635,0.000793220338983051,0.0,0.0,0.8809523809523808,0.8833333333333332,0.9166666666666666,0.3833333333333332,0.10118448988683247,0.022033898305084756,0.7021276595744679,0.30990152112918756
epithelial cells,ENAH,0.041767081303516404,up_in_CKD,1.8056292978044153,0.015392566739290915,0.13670550673803905,0.09494396014943961,0.07551683945770198,0.004000000000000001,0.0,0.0,0.880952380952381,0.8666666666666666,0.9194444444444445,0.3666666666666666,0.006449127027545605,0.11111111111111116,0.6595744680851063,0.30956405708399615
epithelial cells,MEPCE,-0.0673077533423713,down_in_CKD,-1.9110851237477258,0.003128597968595397,0.3221752797509025,0.08742216687422166,0.1771056990368689,7.600757630126063e-19,0.0,0.0,0.9142857142857143,0.9083333333333332,0.975,0.4083333333333332,0.015198724278386852,2.1113215639239072e-17,0.7659574468085104,0.30942272357908157
epithelial cells,ING2,-0.06110714241571019,down_in_CKD,-2.062708288055377,0.0018255951174658783,0.3451895854298673,0.07686176836861769,0.15661615851788233,0.002984247135842881,0.0,0.0,0.8809523809523808,0.875,0.925,0.375,0.016284431681957808,0.08289575377341338,0.6808510638297873,0.3087556133776718
epithelial cells,LGALS9,0.013932004763197945,up_in_CKD,1.70316821788353,0.025469595701882237,0.0,0.01863013698630137,0.009631310962517637,0.004,0.0,0.0,0.880952380952381,0.8666666666666666,0.9083333333333332,0.3666666666666666,0.0,0.11111111111111115,0.6595744680851063,0.308274231678487
epithelial cells,TGM7,-0.0029304213158996505,down_in_CKD,-1.862230960414779,0.00359055945140998,0.0,0.00042341220423412204,0.004600944727317343,0.00010585452395032678,0.0,0.0,0.9047619047619048,0.9083333333333332,0.9361111111111111,0.4083333333333332,0.0,0.0029404034430646334,0.7659574468085104,0.30755914010063007
epithelial cells,PINK1,-0.08553817122032803,down_in_CKD,-1.7481652841522877,0.004122803395624129,0.3566118402696277,0.22667496886674968,0.33936568308692716,0.002000000000000002,0.0,0.0,0.8761904761904763,0.8833333333333332,0.9055555555555556,0.3833333333333332,0.016823280292817135,0.05555555555555563,0.7021276595744679,0.30643794211057285
epithelial cells,MTFR2,0.0026261590806505772,up_in_CKD,1.7200207231682152,0.014873151927973954,0.0,0.002889165628891656,0.0009201889454634685,1.940386849018888e-18,0.0,0.0,0.9095238095238095,0.9083333333333332,0.9277777777777778,0.4083333333333332,0.0,5.389963469496913e-17,0.7659574468085104,0.3063829787234042
epithelial cells,SEMA3B-AS1,-0.03605150365271251,down_in_CKD,-2.3211248343484785,0.0003596275961063412,0.2882063594157412,0.032179327521793276,0.081712778357156,0.002013419389327379,0.0,0.0,0.880952380952381,0.8833333333333332,0.925,0.3833333333333332,0.013596229342686688,0.05592831637020499,0.7021276595744679,0.30594163624640647
epithelial cells,SH3BP4,-0.10357747120174791,down_in_CKD,-1.7190615541687306,0.004564298574643091,0.41676260864232945,0.10348692403486924,0.2342801055149991,0.0,0.0,0.0,0.8857142857142858,0.9,0.9333333333333332,0.4,0.01966091247967099,0.0,0.74468085106383,0.3018045229214662
epithelial cells,TRIM27,0.03419583641065259,up_in_CKD,1.9768549437019574,0.004250112668428963,0.16032062395884775,0.09848069738480697,0.09895098460217165,0.0017459459459459484,0.0,0.0,0.8857142857142858,0.8833333333333332,0.9,0.3833333333333332,0.007563177912263899,0.04849849849849858,0.7021276595744679,0.3017630988116394
epithelial cells,KLF6,-0.6575152338590833,down_in_CKD,-1.9523877523358906,0.0028816299386689352,3.261125153323741,0.21496886674968868,0.5513158701920128,0.002015538033395177,0.0,0.0,0.8476190476190476,0.8499999999999999,0.9,0.34999999999999987,0.15384464655699814,0.055987167594310494,0.6170212765957445,0.2999723069874216
epithelial cells,MMP2,0.030526570947549708,up_in_CKD,1.8531739184745095,0.018330040818454584,0.09825465981611435,0.03382316313823163,0.004539598797619778,1.2930133154652266e-18,0.0,0.0,0.9095238095238095,0.9,0.8833333333333334,0.4,0.004635195738066663,3.591703654070075e-17,0.74468085106383,0.29879937957314534
epithelial cells,COX6C,-0.37568644812265717,down_in_CKD,-1.8619375468708557,0.002836894526122339,1.7817481699087934,0.7859028642590287,0.8887184835286179,2.549349620295514e-18,0.0,0.0,0.8857142857142858,0.8833333333333332,0.9666666666666666,0.3833333333333332,0.08405455312680073,7.081526723043096e-17,0.7021276595744679,0.29766197445514736
epithelial cells,DUSP8,-0.07898773683257519,down_in_CKD,-1.9569245638530544,0.003128597968595397,0.38715140802977255,0.025305105853051058,0.11269247285442612,0.004232964601769911,0.0,0.0,0.8428571428571429,0.85,0.9111111111111111,0.35,0.018263994398276844,0.11758235004916423,0.6170212765957448,0.297494249537619
epithelial cells,HOXB3,0.13720273652422912,up_in_CKD,1.734157532646819,0.015734200586120402,0.4290268346433005,0.21412204234122043,0.16146248696398993,0.0011054164239953418,0.0,0.0,0.8857142857142858,0.8833333333333332,0.8916666666666668,0.3833333333333332,0.020239481355658936,0.030706011777648392,0.7021276595744679,0.29718136481197827
epithelial cells,RGS3,-0.1290429572900652,down_in_CKD,-1.718035356164586,0.00509424750814621,0.508341187289941,0.0912079701120797,0.20299368136924115,0.001000000000000003,0.0,0.0,0.880952380952381,0.8833333333333332,0.9527777777777778,0.3833333333333332,0.023981161903362892,0.02777777777777787,0.7021276595744679,0.2967584073215708
epithelial cells,MDK,0.13707597489283949,up_in_CKD,1.828340507496479,0.019781111710266582,0.42699630427131774,0.13843088418430885,0.05564075823569106,0.001000000000000001,0.0,0.0,0.8857142857142858,0.8833333333333332,0.9083333333333332,0.3833333333333332,0.02014369042071657,0.027777777777777814,0.7021276595744679,0.2959909130250416
epithelial cells,ZFP64,0.010572061308874288,up_in_CKD,1.7104110962989056,0.013720254954744259,0.0,0.027621419676214197,0.022513956199006195,0.001999999999999998,0.0,0.0,0.880952380952381,0.875,0.9166666666666667,0.375,0.0,0.05555555555555551,0.6808510638297873,0.29456264775413715
epithelial cells,SLC25A4,-0.27938865767908233,down_in_CKD,-1.7736205964991163,0.003997165077235877,1.1884025369955369,0.3532503113325031,0.5310717133918165,0.00021198156682027786,0.0,0.0,0.8761904761904763,0.8833333333333334,0.9444444444444444,0.3833333333333334,0.05606327867704754,0.005888376856118831,0.7021276595744684,0.2944190703076444
epithelial cells,GPX8,0.05693511266029054,up_in_CKD,2.07690831408798,0.006757958370281215,0.2566221647050868,0.07414694894146949,0.02607202012146494,0.0010001532661006055,0.0,0.0,0.880952380952381,0.8833333333333332,0.8638888888888889,0.3833333333333332,0.012106234618903802,0.02778203516946127,0.7021276595744679,0.29438512482135243
epithelial cells,SLFN5,0.04069728813262216,up_in_CKD,1.7245421864465846,0.020774087452292034,0.11808335917912458,0.057285180572851806,0.026440095699650328,0.0009999999999999996,0.0,0.0,0.8857142857142858,0.8833333333333332,0.9083333333333332,0.3833333333333332,0.005570621120952742,0.027777777777777773,0.7021276595744679,0.2930762991650888
epithelial cells,CYCS,-0.42771380658700753,down_in_CKD,-2.1891418990870255,0.000693509906063184,2.9578051973410706,0.5194769613947696,0.7048033862953194,0.003893691588785046,0.0,0.0,0.8238095238095238,0.825,0.8833333333333332,0.32499999999999996,0.13953542834920318,0.10815809968847352,0.5531914893617021,0.2924469212899109
epithelial cells,ACO2,-0.19309951202789805,down_in_CKD,-2.1003757387856212,0.0010168224184038486,1.2138061067826544,0.3270485678704857,0.5057971903564199,0.00301739421048836,0.0,0.0,0.8523809523809524,0.85,0.95,0.35,0.057261700396987324,0.08381650584689891,0.6170212765957448,0.2917874530564549
epithelial cells,DUSP1,-0.5992534482070149,down_in_CKD,-2.083651878490926,0.0011441122911233388,3.6729006813190948,0.23887920298879203,0.5461628120974173,0.0038690147942543147,0.0,0.0,0.819047619047619,0.8166666666666667,0.8527777777777776,0.31666666666666665,0.1732702918747501,0.107472633173731,0.5319148936170214,0.29040906909125097
epithelial cells,PRR15,-0.08789419090408085,down_in_CKD,-1.926280800716735,0.003128597968595397,0.4240595582394238,0.05576587795765878,0.15735230967425312,0.0027977272727272746,0.0,0.0,0.8523809523809524,0.8583333333333332,0.9333333333333332,0.35833333333333317,0.02000514846539054,0.07771464646464654,0.6382978723404252,0.29040603721510677
epithelial cells,TCEAL2,-0.11365710503787155,down_in_CKD,-2.0943597439979302,0.0011865704738644436,0.6964318468988021,0.07175591531755915,0.18710508557757194,0.003106308411214956,0.0,0.0,0.8523809523809524,0.85,0.8722222222222223,0.35,0.03285440033725297,0.08628634475597102,0.6170212765957448,0.28789392860813695
epithelial cells,ZNF672,-0.04654789828387229,down_in_CKD,-1.9270202794622415,0.002836894526122339,0.2284767665862586,0.06301369863013699,0.13655603950677872,0.0018945835760046604,0.0,0.0,0.8523809523809524,0.8666666666666666,0.888888888888889,0.3666666666666666,0.01077846624994563,0.052627321555685024,0.6595744680851063,0.2870364091063057
epithelial cells,ZNF331,-0.12716152139466305,down_in_CKD,-1.9651170531543987,0.003128597968595397,0.6258802215473099,0.04652552926525529,0.15551193178332617,0.003045474551669241,0.0,0.0,0.8476190476190476,0.8499999999999999,0.961111111111111,0.34999999999999987,0.02952610431796046,0.08459651532414561,0.6170212765957445,0.2865523376315481
epithelial cells,UBE2B,-0.1562315747290947,down_in_CKD,-1.9103400258935563,0.0024370277182488454,0.7799056837792753,0.356239103362391,0.5354272744003435,0.0028927710843373506,0.0,0.0,0.8523809523809524,0.85,0.9222222222222222,0.35,0.036792305915192634,0.0803547523427042,0.6170212765957448,0.2863088727584181
epithelial cells,ADAM12,0.009008678501582653,up_in_CKD,2.1524336254918115,0.0073700450745286744,0.0,0.008717310087173101,0.001288264523648856,0.002000000000000003,0.0,0.0,0.880952380952381,0.8666666666666666,0.9583333333333333,0.3666666666666666,0.0,0.05555555555555566,0.6595744680851063,0.2860520094562648
epithelial cells,BTG2,-0.629886412064601,down_in_CKD,-1.8863134047708225,0.004024240198786193,2.8460264065743823,0.16311332503113324,0.4699711674130421,0.0011063084112149571,0.0,0.0,0.8476190476190476,0.8499999999999999,0.9333333333333333,0.34999999999999987,0.13426222730675222,0.030730789200415484,0.6170212765957445,0.28595327177981444
epithelial cells,PLEKHH1,0.029961962475434378,up_in_CKD,2.054401794284207,0.0063419951933665385,0.13528158746100474,0.05038605230386052,0.03846389792037298,0.001870827285921626,0.0,0.0,0.880952380952381,0.8666666666666666,0.8916666666666666,0.3666666666666666,0.006381953169566628,0.05196742460893407,0.6595744680851063,0.2858931477115295
epithelial cells,SEL1L3,0.048133246477281524,up_in_CKD,2.4260661169248827,0.0035475447022171092,0.28610579618396703,0.05200498132004981,0.012698607447395866,0.0038750000000000017,0.0,0.0,0.8523809523809524,0.8416666666666666,0.8916666666666666,0.34166666666666656,0.013497134584660135,0.10763888888888896,0.5957446808510637,0.2840528548129131
epithelial cells,DCDC1,0.014930708762858083,up_in_CKD,1.8398577271239498,0.013863316122902506,0.0,0.020821917808219178,0.011962456291025091,0.0010000000000000018,0.0,0.0,0.880952380952381,0.875,0.8638888888888889,0.375,0.0,0.027777777777777835,0.6808510638297873,0.2834515366430261
epithelial cells,RHBDL2,0.0056200370054064015,up_in_CKD,1.7453188823721935,0.01944271682104179,0.0,0.0060523038605230384,0.0017790319612293725,0.0008756868131868151,0.0,0.0,0.8761904761904763,0.875,0.8972222222222224,0.375,0.0,0.02432463369963376,0.6808510638297873,0.28207027901176845
epithelial cells,LIMD2,0.019612762599089024,up_in_CKD,1.7048229182955277,0.024490137471465074,0.0,0.028816936488169364,0.012575915588000737,0.0012510782346555958,0.0,0.0,0.8761904761904763,0.8666666666666666,0.8916666666666666,0.3666666666666666,0.0,0.03475217318487767,0.6595744680851063,0.2777306565079936
epithelial cells,LTB,0.02237645133287993,up_in_CKD,1.8674042747727273,0.0064708248366129395,0.0,0.0250560398505604,0.011901110361327526,0.0027405258865654874,0.0,0.0,0.8523809523809524,0.85,0.8666666666666668,0.35,0.0,0.07612571907126356,0.6170212765957448,0.27725879826680333
epithelial cells,PLEKHA1,0.1323426807065151,up_in_CKD,1.9174774626771152,0.00912439950015442,0.5176269375247369,0.2495392278953923,0.22041592540334948,0.0,0.0,0.0,0.8857142857142858,0.875,0.85,0.375,0.024419220210150885,0.0,0.6808510638297873,0.27722426957394514
epithelial cells,STAT1,0.13372085104083772,up_in_CKD,2.0960108578109367,0.00539406158328884,0.6356994181794836,0.21379825653798257,0.15176983007177475,0.003635533168274567,0.0,0.0,0.8428571428571429,0.8333333333333334,0.85,0.33333333333333337,0.029989328133155285,0.10098703245207133,0.5744680851063833,0.2761799126500129
epithelial cells,PRKD3,0.05618217371583906,up_in_CKD,1.918660476013758,0.011463266012435356,0.20919591521613431,0.09987546699875467,0.08091528127108766,0.00013793103448276128,0.0,0.0,0.8809523809523808,0.875,0.95,0.375,0.009868885775448486,0.0038314176245211476,0.6808510638297873,0.2758467697368131
epithelial cells,YPEL2,0.06407198824342682,up_in_CKD,2.041146541865538,0.0042445840324071065,0.3102324734475161,0.11960149439601495,0.08146739463836575,2.1094237467877947e-18,0.0,0.0,0.880952380952381,0.875,0.9166666666666666,0.375,0.014635318481841278,5.859510407743876e-17,0.6808510638297873,0.2752674892282832
epithelial cells,CCDC51,0.030646545851574697,up_in_CKD,1.9053050664160345,0.004276123183124439,0.13832539253004217,0.08273972602739726,0.0652720691982087,0.000129172714078376,0.0,0.0,0.8761904761904763,0.875,0.9333333333333332,0.375,0.006525545670013045,0.003588130946621557,0.6808510638297873,0.2750807870445662
epithelial cells,TMEM63A,0.042816851201587874,up_in_CKD,1.970143735569394,0.005507439141726358,0.19056298079631276,0.09222914072229141,0.07214281332433593,8.206250324580588e-19,0.0,0.0,0.8809523809523808,0.875,0.9333333333333332,0.375,0.008989870995161518,2.2795139790501638e-17,0.6808510638297873,0.2741383997309473
epithelial cells,ARG2,-0.317439573280895,down_in_CKD,-2.1261930453311577,0.0010168224184038486,2.0199234385041223,0.13967621419676216,0.3616342555671431,0.002999999999999999,0.0,0.0,0.819047619047619,0.8249999999999998,0.8972222222222221,0.32499999999999984,0.09529054938358987,0.08333333333333333,0.5531914893617019,0.2736680389547321
epithelial cells,TMEM159,0.07595815538047834,up_in_CKD,2.1042295325929126,0.007439595292038207,0.3401974971564291,0.1273972602739726,0.07784798478620944,0.002873408769448375,0.0,0.0,0.8476190476190476,0.8416666666666666,0.9166666666666666,0.34166666666666656,0.016048928283621294,0.07981691026245488,0.5957446808510637,0.2734344221021317
epithelial cells,CDH6,0.18834961285070256,up_in_CKD,1.7810090456828338,0.020250630979714575,0.5681091891190303,0.15476961394769614,0.06398380467455984,0.0018945835760046607,0.0,0.0,0.8476190476190476,0.8499999999999999,0.9166666666666666,0.34999999999999987,0.026800736953232634,0.05262732155568503,0.6170212765957445,0.27321958665121837
epithelial cells,NDUFV3,-0.11267888426657247,down_in_CKD,-1.814696600734799,0.0032936826773957667,0.5075794407977725,0.35250311332503115,0.5123612048340592,0.0018734087694483761,0.0,0.0,0.8523809523809524,0.85,0.8527777777777779,0.35,0.0239452262632559,0.05203913248467713,0.6170212765957448,0.27241320888481996
epithelial cells,TBX19,0.005263019345737291,up_in_CKD,1.8978162761014519,0.010591436817798304,0.0,0.006450809464508094,0.0025151831176001473,1.393472232189779e-18,0.0,0.0,0.880952380952381,0.875,0.8916666666666666,0.375,0.0,3.8707562005271645e-17,0.6808510638297873,0.27234042553191495
epithelial cells,STK40,-0.041472049503995814,down_in_CKD,-1.9244046725098243,0.003128597968595397,0.19989364572292095,0.05519302615193026,0.1158211152690019,0.001999999999999998,0.0,0.0,0.8476190476190476,0.85,0.9305555555555556,0.35,0.009430048167237476,0.05555555555555551,0.6170212765957448,0.27091674249396763
epithelial cells,SOCS2,-0.0864511717925574,down_in_CKD,-1.7222340446027933,0.004389073525442153,0.3510251044243475,0.09105853051058531,0.194282559352187,0.0010912987016213948,0.0,0.0,0.8476190476190476,0.8583333333333332,0.9222222222222222,0.35833333333333317,0.016559724200635742,0.03031385282281653,0.6382978723404252,0.27075663490542384
epithelial cells,FMNL2,0.03971514329086745,up_in_CKD,1.9794281568487557,0.0072856165209026135,0.16803851939661918,0.08642590286425902,0.07140666216796515,0.001999999999999999,0.0,0.0,0.8571428571428571,0.85,0.925,0.35,0.007927272155803635,0.055555555555555546,0.6170212765957448,0.27061618729168085
epithelial cells,CTSS,0.04794878093476343,up_in_CKD,2.0979641992531737,0.008303040354431973,0.20931397655687597,0.05942714819427148,0.02018281087049874,0.0018756868131868136,0.0,0.0,0.8571428571428571,0.85,0.8666666666666666,0.35,0.009874455357842444,0.0521024114774115,0.6170212765957448,0.26962436630083103
epithelial cells,MIR181A1HG,0.008991820271043454,up_in_CKD,1.7431718433198387,0.014873151927973954,0.0,0.008468244084682441,0.0015949941721366788,0.002000000000000001,0.0,0.0,0.8523809523809524,0.85,0.9166666666666666,0.35,0.0,0.055555555555555594,0.6170212765957448,0.26903073286052015
epithelial cells,PTP4A1,-0.272087875239304,down_in_CKD,-1.7945732879443432,0.004024240198786193,1.169588859016261,0.14127023661270235,0.37838169437457825,3.237468772597724e-18,0.0,0.0,0.8523809523809524,0.8583333333333332,0.9777777777777779,0.35833333333333317,0.055175737260181365,8.992968812771458e-17,0.6382978723404252,0.2663542963882064
epithelial cells,PAM,0.10782151752958127,up_in_CKD,1.7311743845164567,0.019741053633689377,0.31818250825787087,0.24859277708592778,0.21403594871480278,0.0030000000000000005,0.0,0.0,0.8523809523809524,0.8333333333333333,0.9166666666666666,0.33333333333333326,0.015010363976267737,0.08333333333333337,0.5744680851063829,0.26612264017114007
epithelial cells,RNF144B,0.11124234915252572,up_in_CKD,1.9714570254380288,0.007178414185208295,0.4701933379147711,0.13337484433374844,0.06766456045641371,0.0019999999999999996,0.0,0.0,0.8523809523809524,0.8416666666666666,0.8833333333333332,0.34166666666666656,0.022181524622330886,0.05555555555555556,0.5957446808510637,0.26495639948711386
epithelial cells,WFDC2,0.9053743484441845,up_in_CKD,1.7194221924529385,0.016636248877992647,2.769319953259144,0.7021917808219178,0.46690387092816393,8.914826548924617e-19,0.0,0.0,0.8476190476190476,0.8416666666666666,0.8388888888888889,0.34166666666666656,0.13064357526363873,2.4763407080346167e-17,0.5957446808510637,0.2644265873931532
epithelial cells,EFCAB12,0.005301627398365474,up_in_CKD,1.7054571146307644,0.013807117794168381,0.0,0.0069489414694894145,0.0024538371879025828,1.3375915060425415e-18,0.0,0.0,0.880952380952381,0.8666666666666666,0.7749999999999999,0.3666666666666666,0.0,3.715531961229283e-17,0.6595744680851063,0.26382978723404255
epithelial cells,LRRK2,0.1905169140703889,up_in_CKD,2.1181940888077597,0.0064708248366129395,0.8833911786667814,0.20605230386052303,0.11373535365928471,2.025612792968053e-18,0.0,0.0,0.8523809523809524,0.8583333333333332,0.95,0.35833333333333317,0.04167426800993715,5.626702202689038e-17,0.6382978723404252,0.2636540025381575
epithelial cells,ENPP5,0.05320495232716059,up_in_CKD,2.050950657567127,0.005862448382066464,0.24354884972460358,0.11466998754669988,0.08784737132691246,0.001999999999999999,0.0,0.0,0.8476190476190476,0.8416666666666666,0.8777777777777779,0.34166666666666656,0.01148949670547203,0.055555555555555546,0.5957446808510637,0.2628179939037421
epithelial cells,STAT2,0.04517536052051596,up_in_CKD,1.7021449739305707,0.02348202039850867,0.1252823176728228,0.11444582814445828,0.1000552113367278,0.002000000000000001,0.0,0.0,0.8523809523809524,0.8416666666666666,0.9166666666666666,0.34166666666666656,0.005910234344294605,0.055555555555555594,0.5957446808510637,0.26170214143150666
epithelial cells,RPS20,-0.20506434502002524,down_in_CKD,-1.8648156111834697,0.003128597968595397,0.9577962653364944,0.43594022415940226,0.6178148579841728,0.0027704236552920755,0.0,0.0,0.8238095238095238,0.825,0.8444444444444444,0.32499999999999996,0.04518435232825232,0.07695621264700211,0.5531914893617021,0.26109595126913215
epithelial cells,VIM-AS1,0.010261756607360391,up_in_CKD,1.8108538152614135,0.017285470381877274,0.0,0.012926525529265256,0.004355561008527084,0.0020000000000000026,0.0,0.0,0.8523809523809524,0.8416666666666666,0.8777777777777779,0.34166666666666656,0.0,0.05555555555555564,0.5957446808510637,0.26052009456264774
epithelial cells,PIM3,-0.2915059719746539,down_in_CKD,-2.216741620808273,0.0008616980663576506,1.9803533595527671,0.18181818181818182,0.4073983191215263,0.0002540540540540544,0.0,0.0,0.8428571428571429,0.8416666666666666,0.875,0.34166666666666656,0.09342381795676953,0.0070570570570570685,0.5957446808510637,0.25980545875460226
epithelial cells,SATB2,0.033465673051957336,up_in_CKD,1.9103621981920067,0.008082061215159392,0.13377536730869935,0.03775840597758406,0.01128765106435188,0.001000000000000001,0.0,0.0,0.8571428571428571,0.85,0.875,0.35,0.006310896740857574,0.027777777777777814,0.6170212765957448,0.2591818010975806
epithelial cells,MIDN,-0.2392608197347113,down_in_CKD,-1.9981101255361167,0.0018286191178820996,1.3088952745355966,0.16391033623910337,0.3720017176860315,0.002887323943661974,0.0,0.0,0.819047619047619,0.8166666666666667,0.9,0.31666666666666665,0.061747563010828024,0.08020344287949929,0.5319148936170214,0.2571968472007739
epithelial cells,WDR5B,0.016702044388277524,up_in_CKD,2.0418659822579275,0.007068159390861521,0.07334582928876932,0.034097135740971354,0.02754432243420649,0.003867117117117115,0.0,0.0,0.819047619047619,0.8166666666666667,0.8444444444444444,0.31666666666666665,0.0034601135046473503,0.10741991991991988,0.5319148936170214,0.256425948115706
epithelial cells,FAM181B,0.013717542596153773,up_in_CKD,1.7224715174285197,0.019094583893256942,0.0,0.024831880448318803,0.013373412674069076,0.0023731133777303423,0.0,0.0,0.8428571428571429,0.8333333333333334,0.9,0.33333333333333337,0.0,0.06591981604806509,0.5744680851063833,0.25615516046177933
epithelial cells,AGRP,-0.011597682939815406,down_in_CKD,-1.8418329064271044,0.003128597968595397,0.0,0.008567870485678706,0.025274523035396602,0.0030000000000000014,0.0,0.0,0.819047619047619,0.8249999999999998,0.85,0.32499999999999984,0.0,0.0833333333333334,0.5531914893617019,0.25460992907801416
epithelial cells,DNMT3B,0.007890848749169642,up_in_CKD,2.4334007767447554,0.001668234520575824,0.0,0.012328767123287671,0.007668241212195571,0.0036599944379309404,0.0,0.0,0.8238095238095238,0.8166666666666667,0.8944444444444445,0.31666666666666665,0.0,0.10166651216474837,0.5319148936170214,0.25343256231270794
epithelial cells,ZNF608,0.04972504247912818,up_in_CKD,1.8438305942253579,0.010545266755306605,0.18125508618806546,0.08443337484433375,0.05398441813385682,0.0009999999999999992,0.0,0.0,0.8523809523809524,0.8416666666666666,0.9083333333333332,0.34166666666666656,0.008550768020307539,0.027777777777777762,0.5957446808510637,0.2511191370555981
epithelial cells,RSPRY1,0.03781465075157542,up_in_CKD,1.992889680115243,0.004564298574643091,0.17639057189118654,0.11785803237858032,0.11643457456597754,0.0010000000000000002,0.0,0.0,0.8523809523809524,0.8416666666666666,0.9,0.34166666666666656,0.008321282966073403,0.02777777777777779,0.5957446808510637,0.2510732400447513
epithelial cells,RAB3A,-0.025213006440937193,down_in_CKD,-1.780721827504275,0.0040524646169354805,0.10740706912520995,0.026002490660024906,0.061039200049076744,0.0009809499710815503,0.0,0.0,0.8523809523809524,0.8416666666666666,0.8166666666666667,0.34166666666666656,0.005066963643038881,0.027248610307820848,0.5957446808510637,0.2502107091921616
epithelial cells,VWDE,0.004606564077307759,up_in_CKD,1.7433061358357616,0.02178043154621469,0.0,0.004881693648816936,0.0010428808048585977,0.0001243131868131908,0.0,0.0,0.8476190476190476,0.8499999999999999,0.9416666666666668,0.34999999999999987,0.0,0.0034531440781441903,0.6170212765957445,0.24818976826955547
epithelial cells,WDR19,0.0367242199249052,up_in_CKD,1.7002496342076938,0.018309394392080985,0.10847922999602566,0.07287671232876712,0.05723575240782774,1.1829161988565646e-18,0.0,0.0,0.8571428571428571,0.85,0.8,0.35,0.0051175431830650505,3.285878330157125e-17,0.6170212765957448,0.24783201927491094
epithelial cells,JOSD1,-0.07084661581471897,down_in_CKD,-1.8117257407425953,0.0040524646169354805,0.30706033086387247,0.07290161892901618,0.16097171952640943,0.0021280652019844077,0.0,0.0,0.819047619047619,0.825,0.8777777777777779,0.32499999999999996,0.01448567161713519,0.05911292227734467,0.5531914893617021,0.24781889897904577
epithelial cells,MRPL54,-0.1485427733183894,down_in_CKD,-1.9496756699298743,0.0021123475573396723,0.77477531741313,0.3948194271481943,0.5670204281945893,0.0008945835760046608,0.0,0.0,0.8285714285714285,0.8333333333333333,0.9,0.33333333333333326,0.03655027920257073,0.02484954377790725,0.5744680851063829,0.24703710739423024
epithelial cells,ACKR4,0.011787838348061313,up_in_CKD,1.914189309910607,0.015120562493390348,0.0,0.01339975093399751,0.002576529047297712,3.520239655330213e-18,0.0,0.0,0.8523809523809524,0.85,0.9,0.35,0.0,9.778443487028372e-17,0.6170212765957448,0.24680851063829795
epithelial cells,TRDMT1,0.015860411933555217,up_in_CKD,1.7564221045561108,0.014700406994257295,0.051053765533710334,0.032453300124533,0.02913931660634317,0.0012332474226804135,0.0,0.0,0.8523809523809524,0.8333333333333333,0.7972222222222222,0.33333333333333326,0.002408478100244746,0.034256872852233715,0.5744680851063829,0.24397167880349563
epithelial cells,AIDA,0.04132863489627013,up_in_CKD,1.7055547085632907,0.010591436817798304,0.139217469938216,0.12906600249066003,0.1310349058339979,0.0011065987331170517,0.0,0.0,0.8476190476190476,0.8333333333333333,0.8444444444444444,0.33333333333333326,0.0065676297137432,0.03073885369769589,0.5744680851063829,0.24339630146438018
epithelial cells,MRPL41,-0.2469385733134809,down_in_CKD,-1.8953285869163508,0.004122803395624129,1.1161607689940385,0.587173100871731,0.7529599411079075,8.764775397837322e-19,0.0,0.0,0.8238095238095238,0.8333333333333333,0.861111111111111,0.33333333333333326,0.052655249625014444,2.4346598327325902e-17,0.5744680851063829,0.24031828396755608
epithelial cells,ITGB8,0.3085964625135552,up_in_CKD,2.1478221864539555,0.005704384995808943,1.487207963989085,0.33476961394769617,0.1964910128212993,0.0012000000000000038,0.0,0.0,0.8238095238095238,0.8166666666666667,0.8666666666666666,0.31666666666666665,0.07015952250206083,0.03333333333333345,0.5319148936170214,0.24013119528055413
epithelial cells,SDC3,0.04143058773285744,up_in_CKD,1.7328703872696674,0.013798304210086461,0.1335490523617303,0.06169364881693649,0.024783755597816086,3.1275566931598325e-18,0.0,0.0,0.8523809523809524,0.8416666666666666,0.8861111111111111,0.34166666666666656,0.00630022025915569,8.687657480999538e-17,0.5957446808510637,0.23955791639225665
epithelial cells,VANGL1,0.02630984505925451,up_in_CKD,1.7217771526445176,0.018309394392080985,0.07870033034587674,0.04836861768368618,0.03490583399791424,4.234148644235488e-18,0.0,0.0,0.8523809523809524,0.8416666666666666,0.8666666666666666,0.34166666666666656,0.003712713844680356,1.1761524011765249e-16,0.5957446808510637,0.2390404151093616
epithelial cells,CMC1,-0.12103144158098217,down_in_CKD,-1.7919975056478208,0.003700870734924115,0.5274058009399107,0.22804483188044833,0.37003864793570945,0.0011094619666048256,0.0,0.0,0.819047619047619,0.825,0.9222222222222222,0.32499999999999996,0.024880541292631658,0.030818387961245166,0.5531914893617021,0.23858005918770525
epithelial cells,SKA3,0.001144486242945467,up_in_CKD,1.714924674654934,0.022942168208423527,0.0,0.0011457036114570361,0.00012269185939512914,1.859979406960156e-18,0.0,0.0,0.8476190476190476,0.8416666666666666,0.8583333333333334,0.34166666666666656,0.0,5.1666094637782125e-17,0.5957446808510637,0.23829787234042552
epithelial cells,IL18BP,0.006428308065151385,up_in_CKD,2.3039975818292913,0.00227651327355484,0.0,0.00891656288916563,0.0053370958836881175,0.002999999999999998,0.0,0.0,0.8238095238095238,0.8083333333333332,0.8833333333333332,0.30833333333333324,0.0,0.0833333333333333,0.5106382978723404,0.23758865248226949
epithelial cells,FIGN,0.02423251190012553,up_in_CKD,1.8348278630053065,0.006332337639842842,0.09774793150640317,0.033349937733499375,0.01760628182320103,0.002000000000000001,0.0,0.0,0.8142857142857143,0.8166666666666667,0.825,0.31666666666666665,0.004611290664191014,0.055555555555555594,0.5319148936170214,0.235910437801869
epithelial cells,ZFP36,-0.5966709872020359,down_in_CKD,-1.7316936470798594,0.004276123183124439,2.4477205899550087,0.21549190535491905,0.5046929636218637,8.840150833577806e-19,0.0,0.0,0.819047619047619,0.8166666666666667,0.8166666666666667,0.31666666666666665,0.11547202003214019,2.4555974537716135e-17,0.5319148936170214,0.2358603614532366
epithelial cells,NDUFA8,-0.1762912453197254,down_in_CKD,-1.8063248983373459,0.0034086675008541305,0.7857219356272168,0.33676214196762144,0.49610453346420463,0.0010000000000000024,0.0,0.0,0.8238095238095238,0.8166666666666667,0.9666666666666668,0.31666666666666665,0.037066689499925976,0.027777777777777853,0.5319148936170214,0.2312904064579049
epithelial cells,RNF217,0.03415350104586533,up_in_CKD,2.0421129424740747,0.00801206462832026,0.14620398630296613,0.05327521793275218,0.03846389792037298,2.483525367928644e-18,0.0,0.0,0.8476190476190476,0.8333333333333334,0.9,0.33333333333333337,0.006897220910114242,6.898681577579569e-17,0.5744680851063833,0.23116667822457618
epithelial cells,KIF5A,0.007122435366149578,up_in_CKD,1.7772859903332585,0.014834152902372544,0.0,0.010485678704856788,0.005705171461873505,0.0008750000000000055,0.0,0.0,0.8238095238095238,0.825,0.7972222222222222,0.32499999999999996,0.0,0.024305555555555716,0.5531914893617021,0.23099881796690316
epithelial cells,CYSTM1,-0.38757507121280255,down_in_CKD,-1.9047513256779507,0.0027886294790532774,1.8858996916457016,0.7340224159402241,0.8544874547573769,1.4900361646284985e-18,0.0,0.0,0.819047619047619,0.8166666666666667,0.9166666666666666,0.31666666666666665,0.08896793525617328,4.1389893461902747e-17,0.5319148936170214,0.23055954449804325
epithelial cells,UQCRB,-0.3511417091258193,down_in_CKD,-2.012895568760097,0.002157495397189006,1.8843951266642012,0.7886674968866749,0.8974296055456721,3.334723564823239e-18,0.0,0.0,0.819047619047619,0.8166666666666667,0.9277777777777778,0.31666666666666665,0.08889695691068872,9.263121013397888e-17,0.5319148936170214,0.23054534882894634
epithelial cells,ELK3,0.021816949515806858,up_in_CKD,1.7418388841577246,0.016424175894101167,0.06781449853351865,0.038854296388542965,0.024906447457211215,0.0020000000000000013,0.0,0.0,0.819047619047619,0.8083333333333333,0.9,0.30833333333333335,0.003199171165723593,0.05555555555555561,0.5106382978723407,0.22711737560430328
epithelial cells,FLOT2,0.05691209080739304,up_in_CKD,1.839448519756735,0.008515162779454851,0.21668160286264618,0.156612702366127,0.14324274584381327,0.0010000000000000007,0.0,0.0,0.8238095238095238,0.8166666666666667,0.9083333333333334,0.31666666666666665,0.010222025540428054,0.027777777777777804,0.5319148936170214,0.22592147366600532
epithelial cells,COX8A,-0.3783472513821964,down_in_CKD,-1.7410280946847234,0.008626546935891164,1.3596914099377682,0.8303860523038605,0.9311698668793326,2.5296876818299558e-18,0.0,0.0,0.8238095238095238,0.8166666666666667,0.8222222222222222,0.31666666666666665,0.06414388732528856,7.026910227305435e-17,0.5319148936170214,0.2255947349118663
epithelial cells,GABBR1,0.04308535486860061,up_in_CKD,2.0164740707642785,0.00896651865141695,0.17787706494915456,0.058804483188044834,0.03159315379424575,0.0010000000000000002,0.0,0.0,0.8285714285714285,0.8166666666666667,0.9,0.31666666666666665,0.008391408762649913,0.02777777777777779,0.5319148936170214,0.22555535031044968
epithelial cells,FLCN,0.020074788839717583,up_in_CKD,2.0740571636666028,0.00375064749007202,0.10100514201352523,0.037160647571606475,0.027482976504508927,0.0010000000000000015,0.0,0.0,0.819047619047619,0.8166666666666667,0.961111111111111,0.31666666666666665,0.004764950636032085,0.02777777777777783,0.5319148936170214,0.22483005868512612
epithelial cells,RCAN1,-0.31987980308394504,down_in_CKD,-1.8760170095107491,0.004236785882855399,1.4240152716566195,0.15860523038605231,0.36304521195018713,0.0028895558223289318,0.0,0.0,0.7857142857142858,0.7833333333333333,0.8944444444444445,0.2833333333333333,0.06717838655670627,0.08026543950913702,0.4468085106382981,0.22426525737031533
epithelial cells,BRCA2,0.0041114572662762534,up_in_CKD,1.792646358739907,0.015127153763499669,0.0,0.005280199252801992,0.0028832586957855347,0.0010000000000000015,0.0,0.0,0.8285714285714285,0.8166666666666667,0.7833333333333333,0.31666666666666665,0.0,0.02777777777777783,0.5319148936170214,0.2238770685579197
epithelial cells,ABCC3,0.06519405009181664,up_in_CKD,1.7856342826088545,0.019669459337330258,0.19862428352708592,0.06914072229140722,0.019630697503220662,2.0724747454243937e-18,0.0,0.0,0.8285714285714285,0.825,0.8333333333333333,0.32499999999999996,0.009370165590154526,5.75687429284554e-17,0.5531914893617021,0.2231506288627118
epithelial cells,TNFRSF11B,0.22108253466473113,up_in_CKD,2.0204496601401054,0.008748241499699948,0.9193154535766125,0.20914072229140723,0.12079013557450463,0.003983742146984372,0.0,0.0,0.7857142857142857,0.775,0.8555555555555555,0.275,0.043369007437734496,0.11065950408289925,0.4255319148936173,0.22315036907815355
epithelial cells,MALT1,0.0596954527742638,up_in_CKD,1.743564405147458,0.02086766352696214,0.17491398165069477,0.08179327521793275,0.06238881050242316,0.0028771186440677944,0.0,0.0,0.7952380952380953,0.7916666666666666,0.8222222222222222,0.29166666666666663,0.00825162433815278,0.07991996233521653,0.46808510638297884,0.22085235235490872
epithelial cells,TOB2,-0.10171587975259097,down_in_CKD,-2.368595584317037,0.0003596275961063412,0.8297769242259958,0.1127521793275218,0.23998527697687258,0.0022557639446299993,0.0,0.0,0.7857142857142857,0.7916666666666665,0.9444444444444444,0.2916666666666665,0.03914499800738819,0.06266010957305555,0.46808510638297857,0.2201270859838913
epithelial cells,SAMD9,0.04270649410615267,up_in_CKD,2.187863185748639,0.0046758949621502075,0.21771843887480866,0.06754669987546699,0.04312618857738789,0.0010000000000000015,0.0,0.0,0.819047619047619,0.8083333333333333,0.9027777777777779,0.30833333333333335,0.010270938618684536,0.02777777777777783,0.5106382978723407,0.21742061798378434
epithelial cells,CRY2,-0.02985859807892062,down_in_CKD,-1.772397651229519,0.0040524646169354805,0.12660263000797678,0.07798256537982566,0.13551315870192013,0.0010000000000000002,0.0,0.0,0.8142857142857143,0.8083333333333332,0.8388888888888888,0.30833333333333324,0.0059725205108771984,0.02777777777777779,0.5106382978723404,0.21656093436222273
epithelial cells,DHRS3,-0.1203374139631031,down_in_CKD,-1.9224981175915035,0.00227651327355484,0.6113914508456216,0.1500373599003736,0.2983252561192565,0.0021058545239503253,0.0,0.0,0.7857142857142857,0.7916666666666665,0.9083333333333334,0.2916666666666665,0.028842591817566293,0.05849595899862016,0.46808510638297857,0.21640094451615274
epithelial cells,EIF1,-0.4338754199299637,down_in_CKD,-1.8628016602197943,0.0035475447022171092,1.9802067306097981,0.8556911581569115,0.9450953929206797,0.00010722891566265183,0.0,0.0,0.7904761904761904,0.7999999999999999,0.8777777777777779,0.29999999999999993,0.09341690068838959,0.002978580990629218,0.4893617021276596,0.21561949338499348
epithelial cells,NDUFB7,-0.2211439923209042,down_in_CKD,-1.9070571454559537,0.00227651327355484,1.114529624767724,0.7103860523038605,0.8380467455984295,3.651840734570601e-18,0.0,0.0,0.7952380952380953,0.8083333333333332,0.8833333333333332,0.30833333333333324,0.0525782998622232,1.0144002040473894e-16,0.5106382978723404,0.21477097912138082
epithelial cells,MCM7,0.046302376466892586,up_in_CKD,1.9169877192928289,0.0073700450745286744,0.18928566821122825,0.09755915317559154,0.07674375805165327,5.458596537740349e-19,0.0,0.0,0.8238095238095238,0.8166666666666667,0.8694444444444445,0.31666666666666665,0.00892961335586336,1.5162768160389863e-17,0.5319148936170214,0.21455188011798124
epithelial cells,GOT1,-0.1772521630027426,down_in_CKD,-1.9506400620638935,0.0021123475573396723,0.9249762025632715,0.30503113325031134,0.47549230108582297,0.000893691588785049,0.0,0.0,0.7857142857142857,0.8,0.861111111111111,0.30000000000000004,0.04363605512408681,0.024824766355140256,0.4893617021276599,0.21440179841793744
epithelial cells,BCL2L15,0.011249960249692301,up_in_CKD,1.775676209030489,0.016575670894513877,0.0,0.013997509339975093,0.0022084534691123245,0.0008873239436619726,0.0,0.0,0.8142857142857144,0.8083333333333333,0.8166666666666667,0.30833333333333335,0.0,0.02464788732394369,0.5106382978723407,0.21411447407851378
epithelial cells,AUH,-0.09245634282907,down_in_CKD,-1.9277926607928482,0.002570509823829129,0.4616295129392356,0.1723785803237858,0.3053800380344764,0.0012199049720006809,0.0,0.0,0.8142857142857143,0.7999999999999999,0.9222222222222222,0.29999999999999993,0.021777523375952942,0.03388624922224114,0.4893617021276596,0.2136546852151509
epithelial cells,PQLC1,-0.08998022228246008,down_in_CKD,-1.7138692740828534,0.008253258362537702,0.3212862289928851,0.10438356164383561,0.23464818109318447,0.00020044792833146788,0.0,0.0,0.8142857142857143,0.8083333333333332,0.9277777777777778,0.30833333333333324,0.015156783017868528,0.005567998009207442,0.5106382978723404,0.20951387495619284
epithelial cells,DTX4,0.017238284982552348,up_in_CKD,1.7697052801437938,0.005776872170666835,0.0,0.025006226650062267,0.013373412674069076,0.0011079646017699116,0.0,0.0,0.7904761904761906,0.7999999999999998,0.8722222222222223,0.2999999999999998,0.0,0.030776794493608664,0.48936170212765934,0.20805539864850722
epithelial cells,TPBG,0.05808088925362886,up_in_CKD,1.9140415128919046,0.013807117794168381,0.20676331986779892,0.07257783312577833,0.03263603459910435,0.00012500000000000174,0.0,0.0,0.819047619047619,0.8083333333333332,0.8444444444444444,0.30833333333333324,0.009754127293640625,0.0034722222222222715,0.5106382978723404,0.2075950334965532
epithelial cells,SYT11,0.021767983226898956,up_in_CKD,2.1137505562293692,0.004119031610487812,0.10974825340237229,0.030610211706102116,0.011103613275259187,7.094931551695931e-19,0.0,0.0,0.8142857142857143,0.8083333333333332,0.8222222222222223,0.30833333333333324,0.00517740977764299,1.970814319915537e-17,0.5106382978723404,0.20529080110446477
epithelial cells,STK36,0.026251109610151768,up_in_CKD,1.7820939388019392,0.014557931036420769,0.08593376770284536,0.05053549190535492,0.035948714802772834,2.4841240175987853e-18,0.0,0.0,0.819047619047619,0.8083333333333332,0.8305555555555555,0.30833333333333324,0.004053953619682806,6.900344493329961e-17,0.5106382978723404,0.20506610987287274
epithelial cells,AC005697.2,0.0022205291012333136,up_in_CKD,1.8798597605519738,0.017000839047945717,0.0,0.0019178082191780822,0.00012269185939512914,5.091038960514358e-18,0.0,0.0,0.8238095238095238,0.8083333333333332,0.85,0.30833333333333324,0.0,1.4141774890317665e-16,0.5106382978723404,0.20425531914893622
epithelial cells,PAPPA-AS1,0.0032216230536122265,up_in_CKD,2.0747339003114265,0.0073700450745286744,0.0,0.003088418430884184,0.0005521133672780811,3.3249084006783017e-18,0.0,0.0,0.8095238095238095,0.8083333333333332,0.9055555555555556,0.30833333333333324,0.0,9.235856668550841e-17,0.5106382978723404,0.2042553191489362
epithelial cells,PPTC7,-0.06591540538356662,down_in_CKD,-1.9093404020434235,0.0030994767539156143,0.31573376657059404,0.09093399750933998,0.1878412367339427,0.0012396168917494434,0.0,0.0,0.7904761904761906,0.7916666666666666,0.8833333333333334,0.29166666666666663,0.01489484378563521,0.03443380254859566,0.46808510638297884,0.20398653232975686
epithelial cells,UBALD1,-0.054747611364156415,down_in_CKD,-2.045898892570736,0.0012615550168001124,0.32472192347866746,0.0627148194271482,0.140604870866818,0.0011094619666048243,0.0,0.0,0.7904761904761906,0.7916666666666666,0.8777777777777779,0.29166666666666663,0.01531886302982523,0.030818387961245128,0.46808510638297884,0.20262517034365463
epithelial cells,DNAJC19,-0.23166598475000477,down_in_CKD,-1.8945546455608517,0.0024317840773950086,1.147327623156308,0.3789788293897883,0.5559781608490276,0.0011265912305516283,0.0,0.0,0.780952380952381,0.7833333333333332,0.8722222222222223,0.2833333333333332,0.05412555617182114,0.03129420084865635,0.4468085106382978,0.2020661958291459
epithelial cells,ISCA1,-0.09667853746268706,down_in_CKD,-1.825289854578451,0.003700870734924115,0.429112540938265,0.25643835616438354,0.40696889761364335,2.289002321020915e-18,0.0,0.0,0.7904761904761904,0.7999999999999999,0.8777777777777779,0.29999999999999993,0.02024352457817773,6.358339780613655e-17,0.4893617021276596,0.19979338576669944
epithelial cells,TNFSF10,0.3141234810130912,up_in_CKD,1.8656164442599736,0.012067741995966975,1.1242322480096123,0.2959651307596513,0.1895589227654745,0.00010526315789474177,0.0,0.0,0.7904761904761906,0.7916666666666666,0.9194444444444445,0.29166666666666663,0.05303602428957388,0.0029239766081872723,0.46808510638297884,0.19901083805438122
epithelial cells,GALNT1,0.048850765700737,up_in_CKD,2.0058864987141076,0.004024240198786193,0.23471484867675318,0.12485678704856787,0.11342862401079688,2.026430455436178e-18,0.0,0.0,0.8142857142857144,0.7999999999999999,0.8388888888888889,0.29999999999999993,0.011072749814447152,5.628973487322719e-17,0.4893617021276596,0.1979592308139533
epithelial cells,SPATA6L,0.02124804259478562,up_in_CKD,1.7445764420078804,0.011360594309150584,0.0,0.02904109589041096,0.016502055088644867,0.00010630841121495553,0.0,0.0,0.7952380952380953,0.8,0.8833333333333332,0.30000000000000004,0.0,0.0029530114226376547,0.4893617021276599,0.19692588542011905
epithelial cells,PARP8,0.02864083568432383,up_in_CKD,1.9224684159760945,0.007146202522701292,0.11815697771706211,0.05300124533001245,0.04183792405373903,1.4762156638704586e-18,0.0,0.0,0.819047619047619,0.7999999999999998,0.8416666666666666,0.2999999999999998,0.00557409409957716,4.10059906630683e-17,0.48936170212765934,0.1968594996709792
epithelial cells,ARNT,0.031190364478576205,up_in_CKD,2.150379539963628,0.002157495397189006,0.17881497198354976,0.07631382316313823,0.0711612784491749,0.0021017187574942117,0.0,0.0,0.7857142857142857,0.775,0.8833333333333334,0.275,0.00843565483399826,0.05838107659706145,0.4255319148936173,0.19525232756307118
epithelial cells,ECT2,0.02225894049357082,up_in_CKD,2.069463330062238,0.00375064749007202,0.11174651804349751,0.0388293897882939,0.02729893871541623,0.0011243131868131878,0.0,0.0,0.7857142857142857,0.7833333333333333,0.9333333333333332,0.2833333333333333,0.005271678566170757,0.03123092185592189,0.4468085106382981,0.19227010871092215
epithelial cells,GRPEL1,-0.0800217360529426,down_in_CKD,-1.9465365540447646,0.0020677087919813287,0.41815342669987404,0.15608966376089664,0.27096497147414267,3.66419857418994e-18,0.0,0.0,0.7904761904761906,0.7916666666666666,0.7222222222222221,0.29166666666666663,0.01972652477678567,1.0178329372749836e-16,0.46808510638297884,0.1911793475085487
epithelial cells,TFAP4,0.023121915450593125,up_in_CKD,1.7264618408374273,0.009743531705500153,0.0802886405275958,0.04348692403486924,0.02889393288755291,0.0002461692881524645,0.0,0.0,0.7904761904761906,0.7916666666666666,0.8722222222222221,0.29166666666666663,0.0037876428973971474,0.006838035782012904,0.46808510638297884,0.1907267854454761
epithelial cells,EPB41L4A,0.04292774162598878,up_in_CKD,1.9048050973062436,0.004306901336095543,0.1934519236210201,0.09397260273972603,0.08146739463836575,0.00010630841121495515,0.0,0.0,0.7952380952380953,0.7916666666666666,0.875,0.29166666666666663,0.009126157818541324,0.002953011422637644,0.46808510638297884,0.19024047868595484
epithelial cells,ZNF462,0.040529347530110636,up_in_CKD,2.0604195945735033,0.0041788323206934114,0.19865966331583526,0.07188044831880448,0.04944481933623704,1.776356839400249e-18,0.0,0.0,0.7952380952380953,0.7916666666666666,0.8916666666666666,0.29166666666666663,0.009371834643269477,4.934324553889582e-17,0.46808510638297884,0.18910840948184546
epithelial cells,AGPS,0.0519029854225867,up_in_CKD,1.7304398943597281,0.014179472141583657,0.16600864511665375,0.11922789539227896,0.10514692350162566,8.881784197001243e-19,0.0,0.0,0.7904761904761904,0.7916666666666666,0.8944444444444445,0.29166666666666663,0.007831512172216946,2.4671622769447903e-17,0.46808510638297884,0.18880034498763493
epithelial cells,VPS37B,-0.1265884309290563,down_in_CKD,-1.8405005331537494,0.004024240198786193,0.5580752967722743,0.09148194271481942,0.22894300963131095,0.0019073269066662802,0.0,0.0,0.7619047619047619,0.7666666666666666,0.8833333333333332,0.2666666666666666,0.026327384797427036,0.05298130296295224,0.40425531914893625,0.1881601258042408
epithelial cells,MST1R,0.005930052979794978,up_in_CKD,1.725496035322166,0.020127518325205988,0.0,0.006600249066002491,0.001840377890926937,4.914516087531418e-18,0.0,0.0,0.7952380952380953,0.7916666666666666,0.7583333333333333,0.29166666666666663,0.0,1.3651433576476163e-16,0.46808510638297884,0.1872340425531916
epithelial cells,COX7B,-0.40541204270178244,down_in_CKD,-2.062908425542865,0.0012615550168001124,2.4245930880845035,0.7779078455790784,0.8849763818170664,0.0010000000000000022,0.0,0.0,0.7571428571428571,0.7583333333333333,0.8777777777777779,0.2583333333333333,0.11438097256118132,0.027777777777777846,0.3829787234042555,0.1871787949850496
epithelial cells,PPIF,-0.08888279184515027,down_in_CKD,-1.8758176814463783,0.002570509823829129,0.43182208091724056,0.16268991282689912,0.2823753143978897,0.00010630841121495666,0.0,0.0,0.7761904761904762,0.7833333333333333,0.9222222222222223,0.2833333333333333,0.02037134801358704,0.002953011422637686,0.4468085106382981,0.1839788784270917
epithelial cells,CASP10,0.017124303267444237,up_in_CKD,1.9274381439076949,0.010274509469027832,0.06562388343712425,0.03272727272727273,0.022882031777191583,0.0017662248465819884,0.0,0.0,0.7857142857142858,0.7666666666666665,0.8,0.2666666666666665,0.003095828181507322,0.049061801293944135,0.404255319148936,0.18194601381345352
epithelial cells,ZNF300,0.017446245234528986,up_in_CKD,1.9977399380373775,0.010523110821187447,0.0,0.02535491905354919,0.015520520213483836,0.0010000000000000002,0.0,0.0,0.7857142857142857,0.775,0.925,0.275,0.0,0.02777777777777779,0.4255319148936173,0.18132387706855807
epithelial cells,GPC4,0.08815807603712895,up_in_CKD,1.7804538850955083,0.018531916004288936,0.27186963191511654,0.13621419676214197,0.08520949634991719,2.759366809120439e-18,0.0,0.0,0.7952380952380953,0.7833333333333332,0.8111111111111111,0.2833333333333332,0.012825538875419581,7.664907803112333e-17,0.4468085106382978,0.18128851203040308
epithelial cells,ZNF662,0.015302786359968856,up_in_CKD,1.725421657669318,0.010532609309244,0.0,0.02933997509339975,0.02417029630084044,0.00021172483521029618,0.0,0.0,0.7904761904761906,0.7833333333333332,0.9083333333333332,0.2833333333333332,0.0,0.005881245422508229,0.4468085106382978,0.18107590242432242
epithelial cells,SAMD13,0.01221743754323342,up_in_CKD,2.064475216931502,0.00375064749007202,0.0,0.021369863013698632,0.011962456291025091,0.00010541642399534587,0.0,0.0,0.7904761904761906,0.7833333333333332,0.8638888888888889,0.2833333333333332,0.0,0.0029282339998707193,0.4468085106382978,0.1798946978552674
epithelial cells,RGS17,0.0038021899878425084,up_in_CKD,2.085164520316042,0.0064512327766056525,0.0,0.0036363636363636364,0.000858843015765904,4.942864106720129e-18,0.0,0.0,0.7904761904761906,0.7833333333333332,0.9333333333333332,0.2833333333333332,0.0,1.3730178074222585e-16,0.4468085106382978,0.17872340425531918
epithelial cells,UQCRH,-0.36925822831188526,down_in_CKD,-1.9930597270008166,0.0018286191178820996,2.014950530108564,0.7180074719800748,0.8462057542482057,0.002000000000000001,0.0,0.0,0.7285714285714285,0.7416666666666666,0.7972222222222222,0.24166666666666659,0.0950559508022704,0.055555555555555594,0.34042553191489366,0.1774036251486338
epithelial cells,DGKH,0.06753682013336153,up_in_CKD,2.056231765292805,0.004820741266018078,0.32174912250182275,0.08221668742216687,0.0507330838598859,0.004784229622180221,0.0,0.0,0.7285714285714285,0.7249999999999999,0.8305555555555555,0.22499999999999987,0.015178620170669442,0.13289526728278395,0.29787234042553185,0.17534276711746022
epithelial cells,GRAMD1B,-0.031210453645369434,down_in_CKD,-1.7788821100185586,0.004119031610487812,0.13242590117043845,0.016288916562889166,0.053493650696276304,0.001091828549601659,0.0,0.0,0.7666666666666667,0.7666666666666666,0.8694444444444445,0.2666666666666666,0.006247235234070633,0.030328570822268315,0.40425531914893625,0.17508300303529595
epithelial cells,WASF1,0.014151487702377803,up_in_CKD,1.7386027334389529,0.00850098023480636,0.0,0.02323785803237858,0.014416293478927674,0.0008895558223289341,0.0,0.0,0.761904761904762,0.7666666666666666,0.85,0.2666666666666666,0.0,0.02470988395358151,0.40425531914893625,0.1715860812410071
epithelial cells,MRPL15,-0.12629302280201898,down_in_CKD,-1.9290279700577102,0.002157495397189006,0.6495105248005361,0.24682440846824408,0.3981964296668916,0.0003058643523268087,0.0,0.0,0.7666666666666667,0.7666666666666666,0.8166666666666667,0.2666666666666666,0.03064087160872882,0.008496232009078022,0.40425531914893625,0.17122879478495148
epithelial cells,COX7C,-0.42176681688666884,down_in_CKD,-1.8437397712262726,0.004973538556902753,1.791137995174052,0.8757409713574097,0.9595116863996074,1.0683991817612137e-18,0.0,0.0,0.761904761904762,0.7583333333333332,0.8694444444444445,0.2583333333333332,0.08449752120721721,2.967775504892261e-17,0.3829787234042552,0.17009099360314553
epithelial cells,NDUFB6,-0.15703483769324722,down_in_CKD,-1.8461835439758019,0.002999644373310034,0.731435653799534,0.36547945205479454,0.5289246058524016,3.94235632176094e-18,0.0,0.0,0.7666666666666667,0.7666666666666666,0.7777777777777778,0.2666666666666666,0.034505716385428535,1.0950989782669281e-16,0.40425531914893625,0.16860327093666028
epithelial cells,ITGB6,0.18254177995794418,up_in_CKD,1.7039851562523824,0.01655311225229458,0.5540147805383955,0.20356164383561645,0.11888841175388012,0.00012500000000000317,0.0,0.0,0.780952380952381,0.7666666666666666,0.8083333333333332,0.2666666666666666,0.026135828614983883,0.0034722222222223114,0.40425531914893625,0.1683181822714602
epithelial cells,EMD,-0.12522186840046087,down_in_CKD,-1.7671950363760116,0.0042445840324071065,0.5249398362810315,0.14448318804483187,0.285994724250046,1.6015627977256338e-18,0.0,0.0,0.7571428571428571,0.7666666666666665,0.861111111111111,0.2666666666666665,0.024764208602676266,4.4487855492378727e-17,0.404255319148936,0.16665496938010968
epithelial cells,CCDC102A,0.0187282396440483,up_in_CKD,1.7747730128311745,0.013720254954744259,0.061911052987666686,0.033848069738480695,0.02539721489479173,0.0011050893406039574,0.0,0.0,0.7571428571428571,0.7583333333333332,0.8777777777777779,0.2583333333333332,0.002920674189750614,0.030696926127887714,0.3829787234042552,0.1660543946508073
epithelial cells,MT-CYB,-0.4959678134206582,down_in_CKD,-1.7963984978547922,0.004138505602759737,2.123287147114496,0.9989041095890411,0.9998773081406048,0.00011384615384615323,0.0,0.0,0.7571428571428571,0.7499999999999999,0.8777777777777779,0.2499999999999999,0.10016676617084694,0.003162393162393146,0.36170212765957444,0.16597916156295642
epithelial cells,XRCC4,0.027924563317850863,up_in_CKD,1.857924435508385,0.006708519120453177,0.11275836554003515,0.08184308841843088,0.07318569412919453,0.0009999999999999998,0.0,0.0,0.7666666666666667,0.7583333333333332,0.8666666666666666,0.2583333333333332,0.0053194128030232615,0.02777777777777778,0.3829787234042552,0.16536648303341786
epithelial cells,TM4SF18,0.0344106198308892,up_in_CKD,1.7057801876722598,0.025002580474118137,0.09403340980257983,0.041967621419676214,0.013496104533464205,0.001000000000000002,0.0,0.0,0.761904761904762,0.7583333333333332,0.8555555555555555,0.2583333333333332,0.004436056886956011,0.02777777777777784,0.3829787234042552,0.16518981185020443
epithelial cells,CD83,-0.048138202609434154,down_in_CKD,-1.7501655462968828,0.0042445840324071065,0.19985447150487207,0.03496886674968867,0.1071713391816453,0.0008941454760496739,0.0,0.0,0.7619047619047619,0.7583333333333333,0.888888888888889,0.2583333333333333,0.009428200110678304,0.02483737433471317,0.3829787234042555,0.16501207911772311
epithelial cells,RUFY3,0.07979146529194307,up_in_CKD,1.8770541679468327,0.012869515149259393,0.283136358467928,0.1457783312577833,0.10870498742408441,0.003083180147058824,0.0,0.0,0.7333333333333333,0.7333333333333333,0.8222222222222222,0.23333333333333328,0.013357050388433737,0.08564389297385624,0.3191489361702129,0.16458854173531443
epithelial cells,PLS1,0.06477696843093518,up_in_CKD,1.7603666089873133,0.015035127157722516,0.20786668658136312,0.12550435865504359,0.0971106067112447,2.455046747906221e-18,0.0,0.0,0.7857142857142857,0.7666666666666665,0.8444444444444444,0.2666666666666665,0.00980617897951292,6.819574299739505e-17,0.404255319148936,0.163663363455477
epithelial cells,MCTP2,0.01505183834711728,up_in_CKD,1.7043782115951318,0.022375784309993364,0.0,0.01970112079701121,0.008097662720078523,0.00012431318681318992,0.0,0.0,0.7666666666666667,0.7666666666666666,0.9,0.2666666666666666,0.0,0.003453144078144165,0.40425531914893625,0.16308338529083216
epithelial cells,IFI16,0.03506070903930908,up_in_CKD,1.7611825398523295,0.01783733757496442,0.10797741284564885,0.051606475716064755,0.023066069566284278,1.032828220380131e-18,0.0,0.0,0.7761904761904762,0.7666666666666666,0.8694444444444445,0.2666666666666666,0.005093869794738547,2.868967278833698e-17,0.40425531914893625,0.1627209016185222
epithelial cells,HNF1B,0.11528819044190583,up_in_CKD,1.774706510433074,0.012869515149259393,0.38678868511049597,0.22657534246575342,0.20023311453285075,0.0012106795818900818,0.0,0.0,0.7571428571428571,0.7499999999999999,0.8111111111111111,0.2499999999999999,0.018246882825831565,0.03362998838583561,0.36170212765957444,0.16178222298333034
epithelial cells,FIGNL1,0.015393114924498203,up_in_CKD,1.7659086896388356,0.013779769490751445,0.0,0.025554171855541718,0.017667627752898596,1.1820609850420771e-18,0.0,0.0,0.761904761904762,0.7666666666666666,0.8805555555555555,0.2666666666666666,0.0,3.283502736227993e-17,0.40425531914893625,0.1617021276595745
epithelial cells,HSPA9,-0.1646373624729771,down_in_CKD,-1.9675955590815346,0.0028816299386689352,0.8229241468201921,0.381892901618929,0.5505183731059444,3.361728884683432e-18,0.0,0.0,0.7571428571428571,0.7583333333333333,0.8777777777777777,0.2583333333333333,0.038821715990181596,9.338135790787314e-17,0.3829787234042555,0.16095583255973855
epithelial cells,CFI,0.18358106943999347,up_in_CKD,1.7297189883692048,0.020594172780860887,0.5354597930345956,0.30794520547945203,0.22010919575486165,0.0010000000000000028,0.0,0.0,0.7523809523809524,0.75,0.8166666666666667,0.25,0.025260491005974238,0.027777777777777863,0.3617021276595747,0.16084406037613588
epithelial cells,UBE2Q2,0.03190803441482193,up_in_CKD,1.7246494379410948,0.008872371748720482,0.11291972990253439,0.09504358655043586,0.08809275504570271,0.0011054164239953433,0.0,0.0,0.7571428571428571,0.7499999999999999,0.8472222222222223,0.2499999999999999,0.005327025219642811,0.030706011777648434,0.36170212765957444,0.15802866081881772
epithelial cells,RASGEF1B,0.036802349016349906,up_in_CKD,1.794999074133799,0.008987912680464928,0.13518167000590742,0.055840597758405976,0.032942764247592175,0.0009819952244017685,0.0,0.0,0.7571428571428571,0.7499999999999999,0.8,0.2499999999999999,0.006377239530916895,0.027277645122271352,0.36170212765957444,0.1568673570189217
epithelial cells,TP53,0.06234016542209786,up_in_CKD,1.7882875113355243,0.016258364151587757,0.19943298015032931,0.11459526774595268,0.07533280166860928,8.187894806610522e-19,0.0,0.0,0.761904761904762,0.7583333333333332,0.7805555555555556,0.2583333333333332,0.009408316118062943,2.274415224058479e-17,0.3829787234042552,0.15507315258531468
epithelial cells,NDUFB1,-0.3770171107419462,down_in_CKD,-1.8137398169231784,0.0042445840324071065,1.6221122983474254,0.6854047322540473,0.8453469112324398,0.001,0.0,0.0,0.7333333333333334,0.7333333333333332,0.8166666666666667,0.23333333333333317,0.07652367863302477,0.027777777777777787,0.3191489361702126,0.15407542130580112
epithelial cells,MRPS36,-0.193574287969155,down_in_CKD,-1.804199839108451,0.004365686829813523,0.8242038472282444,0.3846824408468244,0.5796576897122876,7.986844803753731e-19,0.0,0.0,0.761904761904762,0.7499999999999998,0.8194444444444444,0.24999999999999978,0.03888208627580985,2.2185680010427038e-17,0.36170212765957416,0.15245726831899165
epithelial cells,CYTIP,-0.0283400995018452,down_in_CKD,-1.7180881692834735,0.005862448382066464,0.10867399442144597,0.012752179327521793,0.05189865652413962,0.00010585452395032503,0.0,0.0,0.7571428571428571,0.7499999999999999,0.788888888888889,0.2499999999999999,0.005126731258585588,0.002940403443064585,0.36170212765957444,0.14688235869277275
epithelial cells,EPG5,0.031196628001907034,up_in_CKD,2.019171040486324,0.003700870734924115,0.15317576517893824,0.07190535491905355,0.06306361572909637,2.2716033846987255e-18,0.0,0.0,0.761904761904762,0.7499999999999998,0.8472222222222223,0.24999999999999978,0.007226116860628226,6.310009401940906e-17,0.36170212765957416,0.14612607443595532
epithelial cells,RBBP8NL,0.004956660060319368,up_in_CKD,1.7706727470966954,0.008987912680464928,0.0,0.007073474470734744,0.003128642414575793,0.00012431318681319146,0.0,0.0,0.761904761904762,0.7499999999999998,0.7805555555555556,0.24999999999999978,0.0,0.003453144078144208,0.36170212765957416,0.14606210869508734
epithelial cells,RCBTB2,0.032237254204342106,up_in_CKD,1.913416908604604,0.01121930804517301,0.12028454196077265,0.08537982565379826,0.08011778418501933,1.6653345369377328e-18,0.0,0.0,0.761904761904762,0.7499999999999998,0.7944444444444444,0.24999999999999978,0.005674462639179927,4.6259292692714815e-17,0.36170212765957416,0.1458157435916657
epithelial cells,RAC2,0.00815621110689223,up_in_CKD,1.8258643012061622,0.018734555764186773,0.0,0.009613947696139477,0.0015949941721366788,1.6560826783991897e-18,0.0,0.0,0.7571428571428571,0.7499999999999999,0.825,0.2499999999999999,0.0,4.6002296622199725e-17,0.36170212765957444,0.1446808510638298
epithelial cells,ANKRD9,-0.13862185977218447,down_in_CKD,-1.778388632420923,0.00375064749007202,0.5980399144241744,0.19920298879202988,0.35003987485430343,0.0010000000000000005,0.0,0.0,0.7285714285714285,0.7333333333333333,0.836111111111111,0.23333333333333328,0.02821272871658811,0.027777777777777797,0.3191489361702129,0.1444132313225139
epithelial cells,CNBP,-0.13007183472968264,down_in_CKD,-1.8358562666521985,0.003128597968595397,0.5980934281597048,0.35374844333748445,0.5161033065456107,0.001692803686454305,0.0,0.0,0.7285714285714285,0.725,0.8694444444444442,0.22499999999999998,0.02821525324457816,0.0470223246237307,0.2978723404255321,0.14360091666862076
epithelial cells,NDUFAF4,-0.14179970155462437,down_in_CKD,-1.8348517837922227,0.0042445840324071065,0.6171932591823062,0.17569115815691158,0.33243359303110237,0.0008941454760496777,0.0,0.0,0.7333333333333334,0.7333333333333332,0.861111111111111,0.23333333333333317,0.029116294024928362,0.024837374334713277,0.3191489361702126,0.143417783006956
epithelial cells,SLC38A9,0.026922948328333803,up_in_CKD,1.9932701726560502,0.005518074091115571,0.12118631714805839,0.048742216687422166,0.03576467701368014,1.4441439497239516e-18,0.0,0.0,0.7571428571428571,0.7416666666666666,0.9111111111111111,0.24166666666666659,0.005717004178814015,4.0115109714554223e-17,0.34042553191489366,0.1373136136017203
epithelial cells,RAB3D,0.03042189403558901,up_in_CKD,1.7338575467432755,0.019669459337330258,0.08999772447601098,0.06298879202988791,0.05110115943807128,2.263744747210691e-18,0.0,0.0,0.7571428571428571,0.7416666666666666,0.6972222222222222,0.24166666666666659,0.00424567211069299,6.288179853363033e-17,0.34042553191489366,0.1370193471880961
epithelial cells,MPC1,-0.3635577872032548,down_in_CKD,-1.9000722607062004,0.0025565489734298012,1.7907564161917908,0.5181070983810709,0.6818600085884302,1.2669657752720973e-18,0.0,0.0,0.7285714285714285,0.7249999999999999,0.8388888888888889,0.22499999999999987,0.08447952009382856,3.5193493757558265e-17,0.29787234042553185,0.13604484018897847
epithelial cells,IDI1,-0.19619012260855204,down_in_CKD,-1.9155112690389176,0.002836894526122339,0.9572327133364176,0.15830635118306352,0.342494325501503,0.0019844619666048256,0.0,0.0,0.6952380952380952,0.7083333333333333,0.8388888888888888,0.20833333333333326,0.045157766578183836,0.05512394351680072,0.25531914893617036,0.1332087902968252
epithelial cells,STOX2,0.025719890438106213,up_in_CKD,1.816150913957796,0.01273360654061505,0.08851999772074237,0.04328767123287671,0.029998159622109073,0.0010000000000000015,0.0,0.0,0.7285714285714285,0.725,0.8527777777777779,0.22499999999999998,0.004175959867315758,0.02777777777777783,0.2978723404255321,0.13109523925478714
epithelial cells,ORC4,0.061849375077437097,up_in_CKD,1.77589492759805,0.012869515149259393,0.20764189255923,0.19389788293897883,0.19109257100791363,0.0001104441776710711,0.0,0.0,0.7476190476190475,0.7333333333333333,0.8027777777777777,0.23333333333333328,0.009795574247938005,0.0030678938241964202,0.3191489361702129,0.13084584684735132
epithelial cells,GSTCD,0.01641812145553613,up_in_CKD,1.9835269462751277,0.0042445840324071065,0.07725141406409541,0.0399252801992528,0.0351512177167045,0.00010630841121495328,0.0,0.0,0.7619047619047619,0.7333333333333333,0.8666666666666666,0.23333333333333328,0.0036443607448202846,0.0029530114226375918,0.3191489361702129,0.12956965118610425
epithelial cells,CCNA2,0.005098848887564057,up_in_CKD,1.7436831355661777,0.017308266092170174,0.0,0.005579078455790785,0.0022084534691123245,0.0,0.0,0.0,0.7476190476190475,0.7333333333333333,0.788888888888889,0.23333333333333328,0.0,0.0,0.3191489361702129,0.12765957446808515
epithelial cells,GNG7,-0.06596991076482335,down_in_CKD,-1.9137326537237527,0.0024588285094963233,0.32941735654039195,0.09075965130759651,0.17219802466106374,0.001106308411214952,0.0,0.0,0.7285714285714285,0.7166666666666666,0.825,0.21666666666666656,0.015540371621446378,0.03073078920041534,0.2765957446808511,0.12603868787679584
epithelial cells,NUDT16,-0.10151590648384773,down_in_CKD,-1.7154744635489447,0.0046758949621502075,0.40578826643250643,0.18326276463262764,0.31323231703576465,1.317068147665438e-18,0.0,0.0,0.7285714285714285,0.7249999999999999,0.8000000000000002,0.22499999999999987,0.01914319429374212,3.6585226324039955e-17,0.29787234042553185,0.12297757502896119
epithelial cells,TTC30B,0.01800850024888653,up_in_CKD,1.752974918032827,0.004250112668428963,0.07486772024659011,0.04017434620174346,0.03245199681001166,1.1612473722794512e-18,0.0,0.0,0.7285714285714285,0.7249999999999999,0.925,0.22499999999999987,0.003531909208736045,3.2256871452206986e-17,0.29787234042553185,0.11985531801195996
epithelial cells,SLC31A2,-0.01728085460139487,down_in_CKD,-1.6999102425438057,0.004931034447027481,0.0677720255429098,0.02054794520547945,0.04478252867922213,0.0002151935174325613,0.0,0.0,0.7238095238095237,0.7166666666666666,0.8333333333333334,0.21666666666666656,0.003197167488489134,0.0059775977064600375,0.2765957446808511,0.11366877045262228
epithelial cells,CTXN1,0.07760836320962039,up_in_CKD,1.7797327107454737,0.018007236649830453,0.24096138833918723,0.10478206724782067,0.053677688485368996,1.775960331177169e-18,0.0,0.0,0.7285714285714285,0.7166666666666666,0.8722222222222221,0.21666666666666656,0.011367432367673295,4.9332231421588036e-17,0.2765957446808511,0.11291178434587511
epithelial cells,CDIP1,-0.05759734014947113,down_in_CKD,-1.7161000522207945,0.004799911517919935,0.2291933963125143,0.12064757160647571,0.20943500398748544,4.4490998454733295e-18,0.0,0.0,0.7285714285714285,0.7166666666666666,0.8777777777777779,0.21666666666666656,0.010812273491852825,1.2358610681870362e-16,0.2765957446808511,0.11280075257071105
epithelial cells,OGDHL,-0.21329395377423843,down_in_CKD,-1.8022756017462156,0.0042445840324071065,0.911894543760913,0.39584059775840597,0.5764677013680143,1.1374343732679293e-18,0.0,0.0,0.7047619047619048,0.7083333333333333,0.7722222222222221,0.20833333333333326,0.04301892358812692,3.159539925744249e-17,0.25531914893617036,0.11073144429209354
epithelial cells,GBP4,0.0068527668295709256,up_in_CKD,1.834226368846584,0.00850098023480636,0.0,0.010062266500622665,0.0044782528679222135,0.0010000000000000015,0.0,0.0,0.7190476190476189,0.7,0.8444444444444444,0.19999999999999996,0.0,0.02777777777777783,0.23404255319148956,0.10472813238770695
epithelial cells,YRDC,-0.0431744341559362,down_in_CKD,-1.895684951950615,0.0024317840773950086,0.21394929463656445,0.05202988792029888,0.11833629838660205,7.090458324939917e-18,0.0,0.0,0.6952380952380952,0.7083333333333333,0.7444444444444445,0.20833333333333326,0.010093128005508887,1.9695717569277554e-16,0.25531914893617036,0.10414628517557001
epithelial cells,ENC1,0.024943587869012882,up_in_CKD,1.7879034164241863,0.009263618967064492,0.09067492470295918,0.03706102117061021,0.01693147659652782,1.9206858326015192e-18,0.0,0.0,0.7238095238095237,0.7083333333333333,0.8861111111111111,0.20833333333333326,0.0042776192530640765,5.3352384238931104e-17,0.25531914893617036,0.10298318342508099
epithelial cells,SETD1B,0.02121662550754,up_in_CKD,1.7585635480680637,0.004564298574643091,0.08733058992860744,0.0576587795765878,0.059996319244218145,2.4800476348141353e-18,0.0,0.0,0.6904761904761905,0.7083333333333333,0.8222222222222222,0.20833333333333326,0.004119849165398464,6.889021207817044e-17,0.25531914893617036,0.10295162940754787
epithelial cells,TFPI,0.13795113231048073,up_in_CKD,1.8859556965406479,0.005318941364055051,0.5916714289463673,0.19521793275217933,0.12618857738789033,2.5373222041954085e-18,0.0,0.0,0.7,0.7,0.8583333333333334,0.19999999999999996,0.027912293329605785,7.048117233876137e-17,0.23404255319148956,0.09919947994251702
epithelial cells,ZBTB16,-0.06312269183771238,down_in_CKD,-1.9295001680202795,0.00227651327355484,0.3218719237553182,0.01808219178082192,0.09342985092939084,0.00010796460176991292,0.0,0.0,0.6952380952380952,0.7,0.8138888888888889,0.19999999999999996,0.015184413359999054,0.0029990167158309156,0.23404255319148956,0.097853510634928
epithelial cells,MED9,-0.05536892480028518,down_in_CKD,-1.7985059116730255,0.0037707861484699234,0.24134215522172278,0.053823163138231635,0.13183240292006626,0.00011267605633803271,0.0,0.0,0.6952380952380952,0.7,0.8388888888888889,0.19999999999999996,0.011385395169991564,0.003129890453834243,0.23404255319148956,0.09714605649212785
epithelial cells,SIK2,-0.06823914686377147,down_in_CKD,-1.8160098200671402,0.003155142227598668,0.3099289777600391,0.10635118306351184,0.21041653886264647,2.0472512574087873e-18,0.0,0.0,0.6952380952380952,0.7,0.8,0.19999999999999996,0.014621000973442717,5.686809048357744e-17,0.23404255319148956,0.0965412214712844
epithelial cells,SKP2,0.010523984091847294,up_in_CKD,1.8748538879574113,0.00509424750814621,0.0,0.01982565379825654,0.013864180111649593,2.7404978871010418e-18,0.0,0.0,0.7,0.7,0.8027777777777778,0.19999999999999996,0.0,7.612494130836229e-17,0.23404255319148956,0.09361702127659585
epithelial cells,ALDH1L1-AS2,-0.008124824441277892,down_in_CKD,-1.890406679645367,0.002570509823829129,0.0,0.004881693648816936,0.014416293478927674,1.15127814688994e-18,0.0,0.0,0.6904761904761905,0.7,0.9166666666666666,0.19999999999999996,0.0,3.197994852472056e-17,0.23404255319148956,0.09361702127659584
epithelial cells,COX6B1,-0.30340153948871973,down_in_CKD,-1.8060828195106082,0.0042445840324071065,1.2998711665613074,0.8021170610211706,0.897859027053555,0.0010000000000000024,0.0,0.0,0.6666666666666667,0.675,0.8222222222222222,0.17500000000000004,0.06132184776332158,0.027777777777777853,0.17021276595744728,0.09146058704675437
epithelial cells,GADD45G,-0.10972675893542135,down_in_CKD,-1.7687173477099087,0.0042445840324071065,0.4603793715602899,0.0965628891656289,0.1842218268817864,7.600757630126066e-19,0.0,0.0,0.7,0.6916666666666667,0.8388888888888889,0.19166666666666665,0.021718547547198208,2.1113215639239078e-17,0.2127659574468088,0.08945009248816319
epithelial cells,CCNB1IP1,-0.09085992343926716,down_in_CKD,-1.8234353824763612,0.003128597968595397,0.4149634370287775,0.1958904109589041,0.3187534507085455,1.0835776720341525e-18,0.0,0.0,0.6904761904761905,0.6916666666666667,0.8416666666666668,0.19166666666666665,0.01957603596988719,3.009937977872647e-17,0.2127659574468088,0.08902159017270098
epithelial cells,FAM111A,0.07611180394001055,up_in_CKD,1.7448527990727924,0.014834152902372544,0.24286342801668184,0.155093399750934,0.13532912091282742,0.0,0.0,0.0,0.7,0.6916666666666667,0.7333333333333333,0.19166666666666665,0.011457161712044917,0.0,0.2127659574468088,0.08739781532113251
epithelial cells,RLN2,0.013270330288275064,up_in_CKD,1.7252011004168335,0.008987912680464928,0.04684891070962375,0.03008717310087173,0.022452610269308632,8.280413391995954e-19,0.0,0.0,0.7,0.6916666666666667,0.7833333333333333,0.19166666666666665,0.0022101126975628605,2.3001148311099878e-17,0.2127659574468088,0.08554840551823611
epithelial cells,DSEL,0.04787054539751403,up_in_CKD,1.782542940278031,0.010124673832648473,0.1702034342292324,0.06734744707347447,0.0399975461628121,0.00035457634470792323,0.0,0.0,0.6904761904761905,0.6833333333333333,0.8388888888888889,0.18333333333333335,0.008029402721663682,0.009849342908553426,0.19148936170212805,0.08214136238860534
epithelial cells,COL4A2,0.14705400680785555,up_in_CKD,1.779662343401026,0.015734200586120402,0.471897428100041,0.22971357409713575,0.17097110606711244,0.0001265912305516272,0.0,0.0,0.6904761904761905,0.6749999999999999,0.8166666666666667,0.17499999999999993,0.022261915634612918,0.0035164230708785342,0.17021276595744697,0.0739440587382528
epithelial cells,RASGRP1,0.036867703246462095,up_in_CKD,1.7934442808265694,0.0064512327766056525,0.14482679956441652,0.0660024906600249,0.04410772345254892,0.001,0.0,0.0,0.6714285714285715,0.6666666666666665,0.7777777777777779,0.16666666666666652,0.006832251674935025,0.027777777777777787,0.14893617021276592,0.07205202953120449
epithelial cells,CHCHD10,-0.35949348185747887,down_in_CKD,-1.9519559041188856,0.002250113316660974,1.8579990202647514,0.7591282689912827,0.8681675970799337,0.0001063084112149555,0.0,0.0,0.6571428571428571,0.6583333333333333,0.8138888888888889,0.15833333333333333,0.08765171195117977,0.002953011422637654,0.12765957446808546,0.0697753767465252
epithelial cells,FAM227A,0.01543473844542912,up_in_CKD,1.8044493732118334,0.00970623571954743,0.0,0.023013698630136987,0.013312066744371511,0.00010506965944272751,0.0,0.0,0.6095238095238095,0.6083333333333332,0.7277777777777776,0.10833333333333317,0.0,0.002918601651186876,0.0,0.0011674406604747505
