gene,knn_single_gene_accuracy_mean,knn_single_gene_balanced_accuracy_mean,knn_single_gene_roc_auc_mean,knn_single_gene_importance_score
SRGN,1.0,1.0,1.0,0.5
SH3BP5,1.0,1.0,1.0,0.5
C9orf139,1.0,1.0,1.0,0.5
PCDH9,1.0,1.0,1.0,0.5
CD163,1.0,1.0,1.0,0.5
DDIT4,1.0,1.0,1.0,0.5
ZBTB16,1.0,1.0,1.0,0.5
FKBP5,1.0,1.0,1.0,0.5
CLEC4E,1.0,1.0,1.0,0.5
TSC22D3,1.0,1.0,1.0,0.5
HERPUD1,0.9714285714285715,0.975,0.9666666666666668,0.475
PKP2,0.9714285714285715,0.975,0.975,0.475
SMAP2,0.9714285714285715,0.975,1.0,0.475
JDP2,0.9714285714285715,0.975,0.975,0.475
PER1,0.9666666666666666,0.9666666666666666,1.0,0.46666666666666656
METRNL,0.9714285714285715,0.9666666666666666,1.0,0.46666666666666656
HMGB2,0.9714285714285715,0.9666666666666666,1.0,0.46666666666666656
IL21R,0.9714285714285715,0.9666666666666666,0.9666666666666666,0.46666666666666656
GATA2,0.9666666666666666,0.9666666666666666,0.9777777777777779,0.46666666666666656
CXCR4,0.9666666666666666,0.9666666666666666,1.0,0.46666666666666656
CD180,0.9714285714285715,0.9666666666666666,0.9666666666666666,0.46666666666666656
SLA,0.9666666666666668,0.9666666666666666,1.0,0.46666666666666656
NFIL3,0.9666666666666668,0.9666666666666666,1.0,0.46666666666666656
CHKA,0.9428571428571428,0.95,0.975,0.44999999999999996
KLF9,0.9380952380952381,0.9416666666666667,1.0,0.44166666666666665
MCL1,0.9380952380952381,0.9416666666666667,0.9416666666666667,0.44166666666666665
TLR7,0.9428571428571428,0.9416666666666667,0.975,0.44166666666666665
GRASP,0.9380952380952381,0.9416666666666667,0.9666666666666666,0.44166666666666665
SAP30,0.9380952380952381,0.9333333333333332,1.0,0.43333333333333324
FGFR3,0.9428571428571428,0.9333333333333332,0.9333333333333332,0.43333333333333324
PSTPIP2,0.9095238095238095,0.9166666666666666,0.925,0.41666666666666663
CEBPB,0.9047619047619048,0.9166666666666666,1.0,0.41666666666666663
FAT1,0.9380952380952381,0.9166666666666666,0.95,0.41666666666666663
ISG20,0.9333333333333333,0.9166666666666666,1.0,0.41666666666666663
AP5S1,0.9095238095238095,0.9166666666666666,0.9416666666666668,0.41666666666666663
CELF2,0.9047619047619048,0.9083333333333332,0.975,0.4083333333333332
MAPK8IP3,0.9095238095238095,0.9083333333333332,0.9222222222222222,0.4083333333333332
SH3TC1,0.9095238095238095,0.9083333333333332,0.9833333333333332,0.4083333333333332
SEC14L1,0.9047619047619048,0.9083333333333332,1.0,0.4083333333333332
SYTL3,0.9095238095238095,0.9083333333333332,0.975,0.4083333333333332
THRB,0.9095238095238095,0.9083333333333332,0.9416666666666667,0.4083333333333332
NUDT16,0.9047619047619048,0.9083333333333332,0.975,0.4083333333333332
ARL6,0.9142857142857143,0.9083333333333332,0.9083333333333332,0.4083333333333332
NOD2,0.9095238095238095,0.9083333333333332,0.9666666666666666,0.4083333333333332
MCU,0.9095238095238095,0.9083333333333332,0.9583333333333333,0.4083333333333332
HMGB1,0.9095238095238095,0.9083333333333332,0.9111111111111111,0.4083333333333332
AC021016.3,0.9095238095238095,0.9,0.9,0.4
IGHG3,0.9095238095238095,0.9,0.9,0.4
HIST1H2BH,0.9095238095238095,0.9,0.9333333333333332,0.4
SLC11A1,0.9,0.9,0.9,0.4
GIPR,0.9095238095238095,0.9,0.9,0.4
STOX2,0.9047619047619048,0.8999999999999998,0.9333333333333332,0.3999999999999998
SOCS1,0.9047619047619048,0.8916666666666666,0.9666666666666666,0.3916666666666666
CREM,0.8761904761904763,0.8916666666666666,0.975,0.3916666666666666
P2RY6,0.880952380952381,0.8916666666666666,0.8388888888888889,0.3916666666666666
AKAP13,0.8761904761904763,0.8833333333333332,0.9333333333333332,0.3833333333333332
S100A1,0.9047619047619048,0.8833333333333332,0.8944444444444445,0.3833333333333332
RILPL2,0.8761904761904763,0.8833333333333332,0.888888888888889,0.3833333333333332
IRS2,0.8761904761904763,0.8833333333333332,0.9333333333333333,0.3833333333333332
CYTIP,0.8809523809523808,0.8833333333333332,0.8944444444444445,0.3833333333333332
FAM111B,0.9047619047619048,0.8833333333333332,0.9333333333333332,0.3833333333333332
DYNLT1,0.8761904761904761,0.875,0.9388888888888889,0.375
CH25H,0.8714285714285713,0.875,0.925,0.375
ELF1,0.8714285714285713,0.875,1.0,0.375
DZIP1,0.880952380952381,0.875,0.9,0.375
WEE1,0.8761904761904763,0.875,0.8944444444444445,0.375
FLRT3,0.8761904761904763,0.875,0.9555555555555555,0.375
BTG1,0.8761904761904763,0.875,0.9666666666666666,0.375
YY2,0.8761904761904763,0.875,0.9069444444444443,0.375
C2orf81,0.8714285714285716,0.875,0.9111111111111111,0.375
PRKAG2-AS1,0.8714285714285716,0.875,0.9222222222222222,0.375
NR2F1,0.8761904761904763,0.8749999999999998,0.8861111111111111,0.3749999999999998
DNALI1,0.8761904761904763,0.8749999999999998,0.9,0.3749999999999998
CEBPD,0.8761904761904763,0.8749999999999998,0.9833333333333332,0.3749999999999998
GLUL,0.8714285714285716,0.8749999999999998,0.9777777777777779,0.3749999999999998
ZFP36L1,0.8761904761904763,0.8749999999999998,0.925,0.3749999999999998
PRDM1,0.8714285714285716,0.8749999999999998,0.9305555555555556,0.3749999999999998
LCA5,0.8761904761904763,0.8666666666666666,0.888888888888889,0.3666666666666666
LINC01355,0.8761904761904763,0.8666666666666666,0.8805555555555555,0.3666666666666666
FRK,0.8761904761904761,0.8666666666666666,0.85,0.3666666666666666
TNFAIP3,0.8761904761904763,0.8666666666666666,0.9777777777777779,0.3666666666666666
ZNF724,0.8761904761904763,0.8666666666666666,0.8666666666666666,0.3666666666666666
AL117379.1,0.880952380952381,0.8666666666666666,0.8666666666666666,0.3666666666666666
ROR1,0.880952380952381,0.8666666666666666,0.8666666666666666,0.3666666666666666
MIR3142HG,0.8761904761904763,0.8666666666666666,0.9,0.3666666666666666
AREG,0.8761904761904763,0.8666666666666666,0.925,0.3666666666666666
GPR68,0.880952380952381,0.8666666666666666,0.925,0.3666666666666666
AC009065.4,0.880952380952381,0.8666666666666666,0.8666666666666666,0.3666666666666666
ETS2,0.8428571428571429,0.8666666666666666,0.9666666666666666,0.3666666666666666
FHL2,0.8761904761904763,0.8666666666666666,0.9444444444444444,0.3666666666666666
AC064805.1,0.880952380952381,0.8666666666666666,0.8666666666666666,0.3666666666666666
AC022364.1,0.8761904761904763,0.8666666666666666,0.8666666666666666,0.3666666666666666
RAB38,0.8809523809523808,0.8666666666666666,0.9333333333333332,0.3666666666666666
PRR35,0.880952380952381,0.8666666666666666,0.8666666666666666,0.3666666666666666
AC116913.1,0.8761904761904763,0.8666666666666666,0.8555555555555555,0.3666666666666666
AL022328.4,0.8761904761904763,0.8666666666666666,0.8666666666666666,0.3666666666666666
USP53,0.8714285714285716,0.8583333333333332,0.8722222222222221,0.35833333333333317
ZMIZ2,0.8476190476190476,0.8583333333333332,0.9444444444444444,0.35833333333333317
NLRP12,0.8761904761904763,0.8583333333333332,0.8583333333333334,0.35833333333333317
NCKAP1,0.8476190476190476,0.8583333333333332,0.8777777777777779,0.35833333333333317
DTX4,0.8714285714285716,0.85,0.85,0.35
ZNF629,0.8666666666666668,0.85,0.861111111111111,0.35
ZNF79,0.8761904761904763,0.85,0.9,0.35
MYO1C,0.8523809523809524,0.85,0.925,0.35
PPP2R5C,0.8666666666666666,0.85,0.9305555555555556,0.35
COL5A2,0.8761904761904761,0.85,0.8833333333333332,0.35
AC023908.3,0.8761904761904763,0.85,0.9,0.35
SYAP1,0.8428571428571429,0.8499999999999999,0.8930555555555555,0.34999999999999987
S100Z,0.8714285714285716,0.8416666666666666,0.9111111111111111,0.34166666666666656
INTU,0.8428571428571427,0.8416666666666666,0.85,0.34166666666666656
FPR1,0.8476190476190476,0.8416666666666666,0.9166666666666666,0.34166666666666656
LINC01410,0.8523809523809524,0.8416666666666666,0.8416666666666666,0.34166666666666656
RNF43,0.8476190476190475,0.8416666666666666,0.9027777777777779,0.34166666666666656
REL,0.8428571428571429,0.8416666666666666,0.8722222222222221,0.34166666666666656
C5AR1,0.8380952380952381,0.8416666666666666,0.9083333333333332,0.34166666666666656
ZNF792,0.8476190476190476,0.8416666666666666,0.8583333333333334,0.34166666666666656
CD200R1,0.8380952380952381,0.8416666666666666,0.8847222222222222,0.34166666666666656
CBR3,0.8523809523809526,0.8416666666666666,0.8777777777777779,0.34166666666666656
IQCB1,0.8476190476190475,0.8416666666666666,0.9277777777777778,0.34166666666666656
NEK5,0.8428571428571429,0.8333333333333334,0.8333333333333334,0.33333333333333337
PAPPA,0.8476190476190476,0.8333333333333334,0.8555555555555555,0.33333333333333337
SORCS2,0.8428571428571429,0.8333333333333334,0.8333333333333334,0.33333333333333337
NOMO2,0.8523809523809524,0.8333333333333333,0.8333333333333333,0.33333333333333326
AC002553.2,0.8476190476190476,0.8333333333333333,0.8333333333333333,0.33333333333333326
LINC02345,0.8523809523809524,0.8333333333333333,0.8333333333333333,0.33333333333333326
AC004540.1,0.8476190476190476,0.8333333333333333,0.8333333333333333,0.33333333333333326
AC004585.1,0.8428571428571429,0.8333333333333333,0.8333333333333333,0.33333333333333326
ELFN1-AS1,0.8476190476190476,0.8333333333333333,0.8333333333333333,0.33333333333333326
TXNRD3,0.8380952380952381,0.8333333333333333,0.925,0.33333333333333326
AC016027.1,0.8476190476190475,0.8333333333333333,0.8333333333333333,0.33333333333333326
AC010531.6,0.8428571428571429,0.8333333333333333,0.8333333333333333,0.33333333333333326
AC005070.3,0.8428571428571429,0.8333333333333333,0.8666666666666666,0.33333333333333326
MTFR2,0.8523809523809526,0.8333333333333333,0.8333333333333333,0.33333333333333326
AL138899.1,0.8476190476190475,0.8333333333333333,0.8333333333333333,0.33333333333333326
AP001437.1,0.8428571428571429,0.8333333333333333,0.8666666666666666,0.33333333333333326
RTL5,0.8476190476190475,0.8333333333333333,0.8555555555555555,0.33333333333333326
SGO1,0.8476190476190475,0.8333333333333333,0.8333333333333333,0.33333333333333326
ADAMTSL3,0.8380952380952381,0.8333333333333333,0.8666666666666666,0.33333333333333326
AC083843.3,0.8476190476190476,0.8333333333333333,0.8555555555555555,0.33333333333333326
RGS1,0.8142857142857143,0.825,0.9555555555555555,0.32499999999999996
CMYA5,0.8238095238095238,0.825,0.8833333333333332,0.32499999999999996
FRAS1,0.8523809523809524,0.825,0.875,0.32499999999999996
LFNG,0.819047619047619,0.825,0.8416666666666666,0.32499999999999996
RARG,0.8238095238095238,0.825,0.9166666666666666,0.32499999999999996
NR6A1,0.8476190476190476,0.825,0.8416666666666666,0.32499999999999996
SUCNR1,0.819047619047619,0.8166666666666667,0.9083333333333332,0.31666666666666665
TIPARP,0.8142857142857143,0.8166666666666667,0.9222222222222222,0.31666666666666665
SIGLEC1,0.8428571428571429,0.8166666666666667,0.8166666666666667,0.31666666666666665
CNOT6L,0.8047619047619048,0.8166666666666667,0.9055555555555556,0.31666666666666665
GAS6-AS1,0.8476190476190476,0.8166666666666667,0.8166666666666667,0.31666666666666665
KCNN4,0.8142857142857143,0.8166666666666667,0.9277777777777778,0.31666666666666665
AC018647.2,0.8476190476190476,0.8166666666666667,0.85,0.31666666666666665
GNAZ,0.8380952380952381,0.8166666666666667,0.8166666666666667,0.31666666666666665
LAD1,0.8380952380952381,0.8166666666666667,0.8694444444444445,0.31666666666666665
MAP3K1,0.8142857142857143,0.8166666666666667,0.8444444444444444,0.31666666666666665
MRPL10,0.8095238095238095,0.8166666666666667,0.8763888888888889,0.31666666666666665
NHS,0.8142857142857143,0.8166666666666667,0.8694444444444442,0.31666666666666665
AMBP,0.8428571428571429,0.8166666666666667,0.8166666666666667,0.31666666666666665
SRGAP1,0.8238095238095238,0.8166666666666667,0.8194444444444444,0.31666666666666665
HBEGF,0.8142857142857143,0.8166666666666667,0.8555555555555555,0.31666666666666665
ID2,0.8095238095238095,0.8166666666666667,0.8416666666666668,0.31666666666666665
TNF,0.8142857142857143,0.8083333333333333,0.925,0.30833333333333335
LPP-AS2,0.8142857142857143,0.8083333333333333,0.7916666666666667,0.30833333333333335
TXNIP,0.8095238095238095,0.8083333333333332,0.8777777777777779,0.30833333333333324
SP1,0.7857142857142857,0.8083333333333332,0.8666666666666666,0.30833333333333324
FILIP1L,0.8047619047619048,0.8083333333333332,0.9222222222222222,0.30833333333333324
ANKRD33B,0.8142857142857143,0.8083333333333332,0.8416666666666666,0.30833333333333324
AL450384.2,0.8238095238095238,0.8,0.8,0.30000000000000004
LINC00954,0.8095238095238095,0.8,0.8444444444444443,0.30000000000000004
CADPS2,0.8095238095238095,0.8,0.8694444444444445,0.30000000000000004
CPLANE2,0.8142857142857143,0.8,0.8,0.30000000000000004
CHST11,0.8047619047619048,0.8,0.8944444444444445,0.30000000000000004
OSGEPL1-AS1,0.8238095238095238,0.8,0.8,0.30000000000000004
ADH1B,0.8142857142857143,0.8,0.8,0.30000000000000004
TLR10,0.8095238095238096,0.7999999999999999,0.8388888888888889,0.29999999999999993
PIK3IP1,0.8095238095238096,0.7999999999999999,0.9,0.29999999999999993
LINC01943,0.8142857142857143,0.7999999999999999,0.8333333333333334,0.29999999999999993
E2F2,0.819047619047619,0.7999999999999999,0.7999999999999999,0.29999999999999993
ZNF584,0.8095238095238095,0.7999999999999999,0.8555555555555554,0.29999999999999993
AVPI1,0.8047619047619048,0.7999999999999999,0.8555555555555555,0.29999999999999993
LTA,0.8142857142857143,0.7999999999999999,0.8333333333333334,0.29999999999999993
ADGRL1,0.819047619047619,0.7999999999999998,0.7999999999999998,0.2999999999999998
AP002490.1,0.819047619047619,0.7999999999999998,0.7999999999999998,0.2999999999999998
NPIPB13,0.8190476190476191,0.7999999999999998,0.7999999999999998,0.2999999999999998
SPON2,0.780952380952381,0.7916666666666666,0.8444444444444443,0.29166666666666663
FAM53B,0.8,0.7916666666666666,0.8166666666666667,0.29166666666666663
TMCC3,0.780952380952381,0.7916666666666666,0.9194444444444443,0.29166666666666663
PAX8,0.8095238095238095,0.7916666666666666,0.9583333333333333,0.29166666666666663
TXK,0.780952380952381,0.7916666666666666,0.9,0.29166666666666663
EPHB3,0.8142857142857143,0.7916666666666666,0.8,0.29166666666666663
DNAJB6,0.7857142857142858,0.7916666666666666,0.8083333333333333,0.29166666666666663
CD247,0.7857142857142857,0.7916666666666666,0.8833333333333334,0.29166666666666663
PRDM5,0.8142857142857143,0.7916666666666666,0.8416666666666666,0.29166666666666663
PHC2,0.7761904761904763,0.7916666666666666,0.9833333333333332,0.29166666666666663
PDE4A,0.7761904761904762,0.7916666666666666,0.8402777777777779,0.29166666666666663
BIK,0.8142857142857143,0.7916666666666666,0.8486111111111111,0.29166666666666663
RNF144B,0.7714285714285715,0.7916666666666665,0.8083333333333332,0.2916666666666665
AL080317.1,0.8142857142857143,0.7833333333333333,0.7833333333333333,0.2833333333333333
SGK1,0.7857142857142857,0.7833333333333333,0.8666666666666666,0.2833333333333333
MILR1,0.7761904761904762,0.7833333333333332,0.8361111111111112,0.2833333333333332
SLC37A2,0.8142857142857143,0.7833333333333332,0.7944444444444445,0.2833333333333332
HAVCR2,0.7761904761904763,0.7833333333333332,0.8083333333333332,0.2833333333333332
FUT7,0.8095238095238095,0.7833333333333332,0.8166666666666667,0.2833333333333332
AC008014.1,0.8095238095238095,0.7833333333333332,0.7833333333333332,0.2833333333333332
AC034236.2,0.7857142857142858,0.7833333333333332,0.7805555555555556,0.2833333333333332
TAB2,0.7523809523809524,0.775,0.8861111111111111,0.275
CENPO,0.7857142857142858,0.775,0.825,0.275
MACC1,0.8095238095238095,0.7749999999999999,0.8680555555555556,0.2749999999999999
STK17B,0.8047619047619048,0.7749999999999999,0.8805555555555555,0.2749999999999999
NUAK2,0.7666666666666666,0.7666666666666666,0.8833333333333334,0.2666666666666666
CCR2,0.7857142857142858,0.7666666666666666,0.8194444444444444,0.2666666666666666
C1orf226,0.7857142857142857,0.7666666666666666,0.7888888888888889,0.2666666666666666
FRZB,0.7904761904761906,0.7666666666666666,0.7666666666666666,0.2666666666666666
CD207,0.7809523809523808,0.7666666666666666,0.8,0.2666666666666666
WASF2,0.7857142857142858,0.7666666666666666,0.8416666666666666,0.2666666666666666
AC074117.1,0.7857142857142857,0.7666666666666666,0.8,0.2666666666666666
IPCEF1,0.7761904761904762,0.7666666666666666,0.8361111111111112,0.2666666666666666
LINC01480,0.7857142857142857,0.7666666666666666,0.8333333333333334,0.2666666666666666
PLA2G16,0.7523809523809524,0.7583333333333333,0.8111111111111111,0.2583333333333333
PIP4K2A,0.7428571428571429,0.7583333333333333,0.8305555555555555,0.2583333333333333
SRGAP2,0.7476190476190475,0.7583333333333332,0.8722222222222221,0.2583333333333332
THEMIS2,0.7428571428571428,0.7583333333333332,0.7666666666666668,0.2583333333333332
PLCB3,0.7428571428571429,0.7583333333333332,0.8083333333333333,0.2583333333333332
KLC2,0.7476190476190476,0.7583333333333332,0.85,0.2583333333333332
TP53,0.7571428571428571,0.7583333333333332,0.8222222222222223,0.2583333333333332
PGM3,0.7428571428571428,0.7583333333333332,0.7833333333333334,0.2583333333333332
NFKBIA,0.7523809523809524,0.7583333333333332,0.9277777777777778,0.2583333333333332
FAM171A1,0.7523809523809524,0.75,0.8166666666666667,0.25
AC067852.2,0.7523809523809524,0.75,0.8111111111111111,0.25
ERCC6,0.7523809523809525,0.75,0.8388888888888889,0.25
NECTIN3,0.7761904761904762,0.75,0.788888888888889,0.25
SEMA3B,0.780952380952381,0.75,0.7611111111111112,0.25
ANO9,0.7428571428571429,0.75,0.8277777777777777,0.25
DCAF4L1,0.7904761904761906,0.75,0.75,0.25
ETS1,0.7761904761904762,0.75,0.888888888888889,0.25
CD209,0.780952380952381,0.75,0.8166666666666667,0.25
BAHCC1,0.780952380952381,0.75,0.8166666666666667,0.25
TAS2R4,0.7761904761904762,0.75,0.7611111111111111,0.25
RDH5,0.7476190476190475,0.7499999999999999,0.8472222222222221,0.2499999999999999
PIK3R1,0.7761904761904762,0.7499999999999999,0.8944444444444445,0.2499999999999999
CCR5,0.7476190476190475,0.7499999999999999,0.8611111111111113,0.2499999999999999
AL160272.1,0.7857142857142858,0.7499999999999998,0.7499999999999998,0.24999999999999978
MAP3K8,0.7380952380952381,0.7416666666666667,0.8444444444444444,0.2416666666666667
ARHGDIB,0.7476190476190476,0.7416666666666666,0.8305555555555555,0.24166666666666659
TNFAIP8L1,0.7476190476190476,0.7416666666666666,0.7666666666666667,0.24166666666666659
AC092279.1,0.7523809523809525,0.7416666666666666,0.8416666666666666,0.24166666666666659
PLIN2,0.7523809523809524,0.7416666666666666,0.8444444444444444,0.24166666666666659
ENAH,0.7523809523809525,0.7416666666666666,0.861111111111111,0.24166666666666659
SIAH2,0.7761904761904762,0.7416666666666666,0.8305555555555557,0.24166666666666659
RABGAP1,0.7142857142857142,0.7333333333333333,0.8416666666666666,0.23333333333333328
DNAAF4,0.7761904761904762,0.7333333333333333,0.763888888888889,0.23333333333333328
NAMPT,0.7095238095238094,0.7333333333333333,0.8722222222222221,0.23333333333333328
CDH2,0.7523809523809524,0.7333333333333333,0.7722222222222223,0.23333333333333328
TP53BP2,0.7428571428571428,0.7333333333333332,0.8527777777777776,0.23333333333333317
SPTBN1,0.7476190476190476,0.7333333333333332,0.8555555555555555,0.23333333333333317
HOXB5,0.7476190476190476,0.7333333333333332,0.8666666666666666,0.23333333333333317
CD55,0.7190476190476189,0.7333333333333332,0.8722222222222223,0.23333333333333317
CDHR1,0.7571428571428571,0.7333333333333332,0.8,0.23333333333333317
CCDC24,0.7142857142857143,0.725,0.7833333333333334,0.22499999999999998
UPP1,0.7190476190476189,0.725,0.7666666666666666,0.22499999999999998
TIFA,0.719047619047619,0.725,0.7638888888888888,0.22499999999999998
MZF1-AS1,0.7571428571428572,0.725,0.8416666666666666,0.22499999999999998
PGAP1,0.7523809523809524,0.7249999999999999,0.9027777777777779,0.22499999999999987
GAREM1,0.7523809523809524,0.7249999999999999,0.8277777777777778,0.22499999999999987
ZFP36L2,0.7142857142857142,0.7166666666666666,0.8722222222222223,0.21666666666666656
AXIN2,0.7476190476190475,0.7166666666666666,0.7722222222222221,0.21666666666666656
JCHAIN,0.7238095238095238,0.7083333333333333,0.8027777777777778,0.20833333333333326
ZFYVE9,0.7095238095238094,0.7083333333333333,0.8333333333333333,0.20833333333333326
CARMIL1,0.7142857142857142,0.7083333333333333,0.7861111111111111,0.20833333333333326
FYN,0.6857142857142857,0.7,0.7583333333333333,0.19999999999999996
MPP5,0.6904761904761905,0.6916666666666667,0.7222222222222221,0.19166666666666665
THBD,0.6857142857142857,0.6916666666666667,0.7777777777777777,0.19166666666666665
ZNF696,0.7190476190476189,0.6916666666666667,0.8055555555555556,0.19166666666666665
FZD2,0.6857142857142857,0.6916666666666667,0.7416666666666666,0.19166666666666665
SLC31A2,0.680952380952381,0.6916666666666667,0.861111111111111,0.19166666666666665
PIK3C2B,0.680952380952381,0.6833333333333333,0.8722222222222221,0.18333333333333335
DCTN3,0.6857142857142857,0.6833333333333333,0.8027777777777778,0.18333333333333335
KIF22,0.6857142857142857,0.6833333333333333,0.7236111111111111,0.18333333333333335
SPIN3,0.6952380952380952,0.6833333333333332,0.7555555555555555,0.18333333333333324
ARL4A,0.6904761904761905,0.6749999999999999,0.725,0.17499999999999993
FAM49A,0.6523809523809525,0.6666666666666666,0.7388888888888889,0.16666666666666663
DBI,0.6571428571428571,0.6583333333333333,0.7388888888888889,0.15833333333333333
KLRF1,0.6571428571428571,0.6583333333333333,0.7638888888888888,0.15833333333333333
ARHGAP17,0.6619047619047619,0.6583333333333333,0.7694444444444444,0.15833333333333333
SP100,0.6761904761904762,0.6583333333333333,0.7694444444444446,0.15833333333333333
RUNX3,0.6761904761904762,0.6583333333333333,0.6777777777777778,0.15833333333333333
CCNH,0.6190476190476191,0.65,0.711111111111111,0.15000000000000002
HNRNPH1,0.6476190476190476,0.65,0.8166666666666668,0.15000000000000002
C3AR1,0.6523809523809524,0.6416666666666666,0.8111111111111111,0.1416666666666666
FAM199X,0.6523809523809524,0.6333333333333333,0.8083333333333332,0.1333333333333333
SH2D3C,0.6523809523809524,0.6333333333333333,0.7527777777777777,0.1333333333333333
SESN3,0.6333333333333334,0.6333333333333333,0.7888888888888889,0.1333333333333333
STX11,0.6238095238095238,0.6333333333333333,0.8055555555555557,0.1333333333333333
DGUOK,0.6619047619047619,0.6166666666666666,0.7583333333333334,0.11666666666666659
DUSP2,0.6523809523809523,0.6166666666666666,0.7916666666666666,0.11666666666666659
HCFC2,0.5904761904761904,0.6166666666666666,0.736111111111111,0.11666666666666659
TMTC4,0.5952380952380952,0.6,0.6444444444444445,0.09999999999999998
LITAF,0.5904761904761904,0.5916666666666666,0.7972222222222222,0.09166666666666656
ZNF296,0.6285714285714284,0.5833333333333333,0.8027777777777778,0.08333333333333326
SLC22A5,0.5952380952380952,0.5666666666666667,0.7027777777777777,0.06666666666666665
