gene,rank_score,adj_p_value,diff_mean_log_expr,cohen_d,pct_expr_case,pct_expr_control,traditional_rank,combined_ml_biomarker_score,knn_single_gene_balanced_accuracy_mean,knn_single_gene_roc_auc_mean,ml_rank,random_forest_importance,rf_rank,traditional_score_scaled,ml_score_scaled,rf_score_scaled,consensus_score,mean_rank
PROM1,0.6971012219548752,0.012635594169472,0.1869801566248675,1.963864902851639,0.1637611346866995,0.0592609699769053,9,0.4955535033226081,0.9083333333333332,0.9222222222222222,2,0.0117489217653443,20,0.3195596887108355,1.0,1.0,0.7731865629036118,10.333333333333334
DYRK2,0.2340317783148884,0.0044562553580607,0.0456783057223727,2.179248158487828,0.071414917612876,0.0423094688221709,63,0.4935347875130379,0.9416666666666668,0.9583333333333331,3,0.0099999999999999,27,0.08506966426936956,0.9943031140064631,0.8511419345302663,0.6435049042686997,31.0
MAP3K1,1.2140945006723722,0.0005733932015604,0.1342241365919468,2.790419436427797,0.1816530947738655,0.1115473441108545,3,0.3949289778192851,0.9083333333333332,0.9666666666666666,8,0.0041052631578947,63,0.581355771841705,0.7160341008731637,0.34941616259663605,0.5489353451038349,24.666666666666668
ITGB8,1.4808660810546963,0.0027316851941731,0.2424911509166755,2.3821813502610247,0.2645372175708223,0.1499769053117783,2,0.3679030891811697,0.9083333333333332,0.9361111111111112,19,0.0019518240044555,128,0.7164440944751742,0.6397661062820164,0.1661279259014882,0.5074460422195596,49.666666666666664
GALNT3,0.231306663009328,0.0207521818637028,0.0805385138471395,1.7065415647036433,0.1302328248652368,0.089284064665127,64,0.4583745730563192,0.9666666666666666,0.9666666666666666,4,0.0059999999999999,48,0.08368971496936033,0.8950797699782242,0.5106851607181564,0.4964848818885803,38.666666666666664
CDH6,0.5557351332782497,0.0109361174699046,0.146357586386128,1.9361754901926,0.1303857476010246,0.0576443418013856,16,0.3776050316314808,0.85,0.9333333333333332,13,0.0066821200196753,44,0.2479744479996216,0.6671453241953315,0.5687432560309913,0.4946210094086481,24.333333333333332
WFDC2,2.0408305218660825,0.0207521818637028,0.7291309249503034,1.6631589641903657,0.5678403486638376,0.3615242494226328,1,0.266806331181329,0.8083333333333333,0.8472222222222221,87,3.5487485965696973e-19,449,1.0,0.35446755068003344,3.02048874564593e-17,0.45148918356001116,179.0
CLDN1,0.128921986643072,0.0297006818958177,0.0521551317535306,1.618543879941515,0.0590664066980158,0.0256812933025404,160,0.3582914696240274,0.8083333333333332,0.9666666666666666,21,0.0079999999999999,39,0.03184395923381215,0.6126417827042733,0.6809135476242113,0.44179976318743225,73.33333333333333
SAMD12,0.3991979420684075,0.0016743700338718,0.0599864985166735,2.3971327150612525,0.1073326451810222,0.0765357967667436,27,0.3794792136789277,0.8833333333333332,0.9333333333333332,12,0.0049999999999999,56,0.16870683426060812,0.6724343309018829,0.42557096726512894,0.42223737747587325,31.666666666666668
VCAM1,0.3992864589753166,0.0214392844514902,0.1423372656553319,1.6809869792781444,0.1400581106395993,0.0700230946882217,26,0.3729078121367097,0.8749999999999998,0.9222222222222222,16,0.0049999999999999,55,0.16875165762770714,0.6538896079516336,0.42557096726512894,0.41607074428148993,32.333333333333336
LRRK2,0.8802791359083698,0.0027316851941731,0.1490339767159879,2.3040401761783382,0.17566999273617,0.1030484988452655,5,0.333092312704589,0.8499999999999999,0.9111111111111112,30,0.003232277788583,75,0.4123176845363726,0.5415288883470197,0.27511271699137735,0.4096530966249232,36.666666666666664
TBL1XR1,0.937512014911631,0.0011592476120147,0.1363970067696523,2.3412188763036816,0.272450969147838,0.2255889145496535,4,0.3761429748532844,0.9416666666666668,0.9416666666666668,14,0.001,195,0.44129938346005276,0.6630193492849572,0.08511419345302748,0.3964776420660125,71.0
RASGRP1,0.2503734036144454,0.0011040354811954,0.0385204177518141,2.1980794604187106,0.0596398669572198,0.036581986143187,58,0.3894467901233685,0.9166666666666666,0.925,9,0.003893691588785,71,0.09334476894003217,0.7005631771548537,0.33140841913427244,0.3751054550763861,46.0
CXADR,0.290041492372337,0.0215203443536671,0.1060292023443997,1.6408155226000518,0.1836793210230531,0.1340877598152424,47,0.3691637412167017,0.9083333333333332,0.9277777777777778,18,0.0028734087694483,91,0.11343197449880774,0.6433237100268817,0.24456786987244825,0.3337745181327125,52.0
ARRDC3,0.4701311036589663,0.0106583380796775,0.1375117032006143,1.7334209258758353,0.2523225140497763,0.2012471131639722,21,0.3299366455826585,0.8583333333333332,0.8833333333333332,31,0.0028036545644517,92,0.20462610948709448,0.5326234863375028,0.2386307969742055,0.3252934642662676,48.0
TNFRSF11B,0.8269723313919218,0.005705841309885,0.1719002271316976,2.1441420389914208,0.1663417058531177,0.0930254041570438,6,0.2891868159318283,0.8166666666666667,0.9,61,0.002016522402334,103,0.3853240790077893,0.4176260544670661,0.1716346778546198,0.32486160377649176,56.666666666666664
SESN3,0.5309839759809721,0.0015706268160175,0.0857002792205267,2.209695732166867,0.1304813243108919,0.1014780600461893,18,0.3707815382226302,0.9416666666666668,0.95,17,0.0008941454760496,245,0.23544090781616386,0.6478891892586622,0.076104471023635,0.31981152269948704,93.33333333333333
KANSL1L,0.4003555477899718,0.0069336969009158,0.0939245600134934,1.97427192354833,0.1719425010513438,0.1362586605080831,25,0.3237992525798058,0.85,0.9083333333333332,36,0.0028927710843373,86,0.16929302494468668,0.5153035505302798,0.24621587768760902,0.31027081772085846,49.0
HOXA3,0.3068973314074203,0.0039928577413511,0.0582187197742808,2.197614943356628,0.0737278739916657,0.0392609699769053,43,0.3243540557441808,0.85,0.9444444444444444,35,0.0029999999999999,83,0.12196746774200042,0.5168692242924379,0.2553425803590739,0.2980597574645041,53.666666666666664
GPX8,0.1260029950322222,0.0165645654450486,0.0395250397758986,1.7901463591137217,0.0653553542072867,0.031824480369515,166,0.3492853497914115,0.8833333333333332,0.925,25,0.0029999999999999,82,0.03036583446532765,0.5872262003388354,0.2553425803590739,0.29097820505441235,91.0
ITGB6,0.528968306553548,0.0102130048074036,0.1423894080725626,1.8660109982749724,0.1604541805252896,0.0908083140877598,19,0.3063461066653719,0.8416666666666666,0.9361111111111112,46,0.0020184586628628,102,0.23442020912875475,0.46605016774518104,0.17179948110784354,0.29075661932725977,55.666666666666664
ENPP5,0.2139403449886707,0.0037336479284036,0.0418056667240556,2.107816066503541,0.0901479527468746,0.0677598152424942,75,0.3545942975689918,0.9083333333333332,0.902777777777778,22,0.0018744855967078,145,0.07489572436373497,0.602208235002226,0.15954532970310137,0.27888309635635405,80.66666666666667
TMEM159,0.2894772806554895,0.005705841309885,0.0610568138865478,2.1130966886391542,0.1088618725388997,0.069838337182448,48,0.3093502993071659,0.8333333333333333,0.9444444444444444,44,0.0028905380333951,87,0.11314626784920942,0.47452810352087915,0.24602581335772414,0.27790006157593755,59.666666666666664
SLC35F5,0.3900531037305409,0.0195469981594299,0.1351466021658784,1.6888726109259282,0.2454601062813013,0.1891916859122402,31,0.3443054712256411,0.9083333333333332,0.9194444444444444,28,0.001,172,0.1640760528631063,0.5731728103983804,0.08511419345302748,0.2741210189048381,77.0
TNFAIP8,0.3704949040702758,0.007770836368359,0.0879591983003366,1.9967091600212556,0.1174255457430133,0.0624480369515011,33,0.2850484953902861,0.7999999999999999,0.9166666666666666,69,0.0030041357664561,78,0.1541721328801411,0.4059475704436528,0.2556945927853035,0.2719380987030325,60.0
AP1G2,0.1440821721749283,0.0176857943826981,0.0491609766873715,1.6724863803495609,0.0994762396299269,0.0750577367205542,140,0.35421946770813,0.9083333333333332,0.8722222222222221,23,0.0018947368421052,129,0.03952080408878364,0.6011504521413696,0.16126899812152037,0.2673134181172246,97.33333333333333
GALNT7,0.3201728024794854,0.0014247982663157,0.0468866837951139,2.399177568167874,0.0840310433153649,0.0599076212471131,40,0.3435424328993529,0.9083333333333332,0.9055555555555556,29,0.001,216,0.1286899271461253,0.5710194897908163,0.08511419345302748,0.2616078701299897,95.0
SEMA4D,0.168895440900261,0.0298488498859803,0.0687541090952935,1.6107524724777385,0.130729823756547,0.1011547344110854,111,0.3292632054977697,0.875,0.9333333333333332,32,0.0019999999999999,117,0.05208579638052183,0.5307230150730974,0.17022838690604644,0.2510123994532219,86.66666666666667
TPBG,0.149902558806479,0.0146278083303614,0.044643240848409,1.830036245976928,0.0603280192682647,0.0277598152424942,132,0.3290582064499483,0.875,0.875,33,0.002,106,0.042468143029489445,0.5301445006538386,0.17022838690605496,0.24761367686312763,90.33333333333333
DSC2,0.1794271205053609,0.0087856141284638,0.0484058710330361,1.8026806862469007,0.0871659593990136,0.0588914549653579,100,0.3041602130097988,0.8416666666666666,0.8972222222222224,47,0.0021079646017699,98,0.057418849212937884,0.45988150007499207,0.17941770690717732,0.23223935206503576,81.66666666666667
STX7,0.2570926686145883,0.0049347860399875,0.0656557175450563,1.6975401754704016,0.2321558282677677,0.2393071593533487,54,0.2900763825604915,0.825,0.8777777777777779,60,0.001999561900045,126,0.09674728369403342,0.4201364423300451,0.17019109838173332,0.22902494146860394,80.0
MMP7,0.6948201741600796,0.0271779101955901,0.2805094363608366,1.5819513000485943,0.2163092097717628,0.0895150115473441,10,0.2602206316351858,0.8166666666666667,0.8555555555555555,93,0.0,458,0.31840460719876396,0.33588247826706585,0.0,0.2180956951552766,187.0
STAT1,0.3917683602994511,0.0105413868133325,0.1084203940129381,1.827634078114999,0.1944986045800359,0.1431408775981524,29,0.2842916211665218,0.8333333333333333,0.9277777777777778,70,0.001,205,0.1649446278906562,0.4038116451470902,0.08511419345302748,0.21795682216359133,101.33333333333333
MACC1,0.3561770192357167,0.0242831424750955,0.1343265982152632,1.6421519788712184,0.1776006422754903,0.108729792147806,34,0.2906501704718586,0.8416666666666666,0.9222222222222222,59,0.001,194,0.14692181392492176,0.4217556917063225,0.08511419345302748,0.21793056636142394,95.66666666666667
TMEM139,0.2149451405701761,0.0248567496918566,0.0827756621062457,1.6183415359580011,0.1301945941812899,0.0844803695150115,74,0.2882472133199594,0.825,0.9,63,0.001893691588785,137,0.07540453474563756,0.4149744633249794,0.16118003222821747,0.21718634343294482,91.33333333333333
PLEKHA1,0.3950447716474778,0.0073739339365525,0.0970958666947977,1.9080823508210667,0.2135183698436365,0.1934411085450346,28,0.2986720110864812,0.8666666666666666,0.95,53,0.0001079646017699,281,0.16660374357542246,0.44439360399847305,0.009189320001122341,0.20672888919167262,120.66666666666667
ZDHHC2,0.2983296156937011,0.0189904585256637,0.1060519374903336,1.6341039432774092,0.2244714607944336,0.1942263279445727,45,0.3096067680640169,0.8833333333333332,0.875,43,0.0,499,0.11762893084497404,0.4752518672432206,0.0,0.19762693269606488,195.66666666666666
TNFSF10,0.6848996023380972,0.0150967265177583,0.2267663212090012,1.6584808465193142,0.2888710479030469,0.2112240184757506,12,0.2071880637258201,0.7333333333333332,0.7833333333333334,157,0.001,178,0.31338100833911103,0.18622273324903132,0.08511419345302748,0.1949059783470566,115.66666666666667
SEL1L3,0.2648745269690142,0.0035643914097255,0.0465096380708742,2.3263937826078567,0.0510953090950797,0.0158891454965357,52,0.3025652200029683,0.875,0.861111111111111,48,2.589606442013324e-18,319,0.10068787658089214,0.45538037451916846,2.2041226367272824e-16,0.1853560837000203,139.66666666666666
F2RL1,0.1357388655404598,0.0187282817299305,0.0495056784354432,1.587196229669727,0.1122835187521504,0.0951501154734411,150,0.2951305660367538,0.85,0.9416666666666668,55,0.001,219,0.03529590390694356,0.4343995233036933,0.08511419345302748,0.18493654022122144,141.33333333333334
XRCC4,0.1801139266255536,0.0008619969179712,0.0267656998718175,2.1958864275159127,0.0729823756547004,0.0652655889145496,98,0.2559825741606436,0.7833333333333332,0.8944444444444445,95,0.0019999999999999,119,0.05776663545995215,0.3239225331613387,0.17022838690604644,0.18397251850911242,104.0
MDM4,0.4685245292935498,0.0193556816954814,0.1684079905652345,1.6239165986317514,0.3167412165003632,0.2676674364896074,22,0.2579520417089773,0.8166666666666667,0.9,94,1.353386002301209e-18,369,0.20381256916957263,0.32948043885447154,1.151923580164846e-16,0.17776433600801475,161.66666666666666
CASP2,0.0894901811230048,0.0114918947134719,0.0263972542185004,1.7478436637991055,0.0615514011545666,0.0508083140877598,245,0.2946692643999025,0.85,0.85,56,0.001,184,0.011876403250221337,0.4330977140934443,0.08511419345302748,0.17669610359889767,161.66666666666666
MARCKS,0.6626778557949982,0.0087469319353448,0.1802849582307167,1.7859411913055077,0.2880490881981878,0.2229099307159353,13,0.2198018698678345,0.7666666666666666,0.8861111111111111,144,1.0869083411080277e-18,382,0.30212831619630043,0.22181933144029878,9.251132681077785e-17,0.17464921587886642,179.66666666666666
TSPAN1,0.7892237193375666,0.0314284713892451,0.3277829751936804,1.6023160086664805,0.3588331995259395,0.2285912240184757,7,0.1945106658071246,0.7333333333333332,0.8388888888888888,169,1.9031859609043242e-18,339,0.36620886187387947,0.15044667685955626,1.6198813805349665e-16,0.1722185129111453,171.66666666666666
RSPRY1,0.1005748509630642,0.0093695286564187,0.0280324252628873,1.7688879903329842,0.1030508085789654,0.1042956120092378,207,0.2552353173353081,0.7833333333333332,0.9111111111111112,98,0.0019999999999999,124,0.017489480375953458,0.32181374849653,0.17022838690604644,0.16984387192617664,143.0
CEPT1,0.1307316081910585,0.014319609541639,0.042207925601826,1.679613937037985,0.1009290056199105,0.0880831408775981,158,0.2698638493373586,0.8166666666666667,0.9333333333333332,84,0.0011054164239953,168,0.0327603189868583,0.363095972905437,0.09408662735808981,0.16331430641679504,136.66666666666666
MESP1,0.0952280997282927,0.0085434180796156,0.0251875019522389,1.8278987645896736,0.0525480750850632,0.0372286374133949,224,0.274722418510184,0.825,0.9444444444444444,79,0.001,204,0.014781981868021798,0.3768070235338023,0.08511419345302748,0.15890106628495052,169.0
ARNT,0.1267983336334938,0.0021186615346026,0.0243725904879613,1.94563089374502,0.0712811102190618,0.068729792147806,163,0.2406891902512358,0.7666666666666666,0.8444444444444444,114,0.0018945835760046,133,0.03076857960563626,0.2807640736227299,0.1612559530009841,0.15759620207645011,136.66666666666666
FZD1,0.160592941173201,0.0191447056899414,0.0561137562036945,1.6658897699871944,0.097927896930076,0.0664665127020785,122,0.2882495327569148,0.8583333333333332,0.8777777777777779,62,9.357594064697741e-19,403,0.047881560081490304,0.41498100885647093,7.964640714775853e-17,0.15428752297932044,195.66666666666666
FLRT3,0.3379010356063999,0.0037336479284036,0.0728365504092306,1.910800412949197,0.122357303972168,0.0783371824480369,36,0.2222235400030245,0.7583333333333333,0.8333333333333334,138,0.0008905380333951,252,0.13766718504195424,0.2286533685091754,0.07579742645166919,0.14737266000093294,142.0
PAPPA2,0.3906717513068681,0.0238854260304801,0.1494312361755171,1.6119641567767933,0.1174064304010398,0.0690069284064665,30,0.2371972722430239,0.7916666666666666,0.7166666666666666,117,1.2212453270876715e-18,376,0.16438932485132754,0.27090975995596545,1.039453110233459e-16,0.14509969493576436,174.33333333333334
PRKACB,0.241382391297486,0.016930395055582,0.079823865089556,1.7071537710830218,0.1848071261994877,0.1609237875288683,60,0.2557083027087514,0.8166666666666667,0.9,96,9.670626872392806e-19,396,0.0887918822684676,0.3231485296164592,8.231076064288874e-17,0.13731347062830895,184.0
MBTD1,0.0758160972749068,0.012635594169472,0.0243934123162795,1.637194029320387,0.0599457124287953,0.0520092378752886,284,0.254536226423059,0.8,0.836111111111111,101,0.001,193,0.00495209351699697,0.319840889708126,0.08511419345302748,0.1366357255593835,192.66666666666666
GPR180,0.0881207192792854,0.0146278083303614,0.0278946393092101,1.721724434409814,0.0521848835875673,0.037459584295612,251,0.2808653198481525,0.85,0.9277777777777778,72,8.881784197001249e-19,406,0.011182932442298463,0.3941425040536689,7.559658983516067e-17,0.13510847883198915,243.0
COL27A1,0.1566464848816542,0.0141218536908841,0.0485433158815532,1.744191097525249,0.0857705394349504,0.0570900692840646,123,0.2353306285377328,0.7749999999999999,0.8138888888888888,119,0.001,211,0.0458831457076379,0.2656420267122948,0.08511419345302748,0.13221312195765342,151.0
GALNT1,0.207995809044553,0.003496180241276,0.0426294555674541,1.986298962573284,0.1171579309553847,0.1060508083140877,80,0.2553474151018963,0.8166666666666667,0.925,97,2.765047249758432e-18,316,0.07188551844759371,0.3221300922797191,2.353447665227008e-16,0.13133853690910435,164.33333333333334
RNF217,0.0778919709143505,0.0193556816954814,0.02697590142474,1.68543034513524,0.0500821959704859,0.0380600461893764,280,0.2478942947612116,0.7916666666666666,0.825,111,0.001,175,0.006003278532843077,0.30109712831535096,0.08511419345302748,0.13073820010040718,188.66666666666666
AGPS,0.1671581786235212,0.0066307847646906,0.0420018326425125,1.826899977507342,0.1048858814084184,0.0927944572748267,112,0.2616272293061314,0.825,0.902777777777778,89,6.2796989830360405e-19,424,0.051206078058941826,0.3398519456542845,5.344915140689095e-17,0.13035267457107547,208.33333333333334
HNF1B,0.3709547529116335,0.0063277497659457,0.0915550080121339,1.842734825230928,0.1784608326642963,0.1522863741339492,32,0.1959426058341128,0.725,0.8666666666666666,166,0.0008941454760496,244,0.15440499204960334,0.15448766125402166,0.076104471023635,0.12833237477575335,147.33333333333334
TP53INP1,0.1188559343523165,0.0187282817299305,0.0413938685258381,1.6621349403483754,0.0874144588446687,0.0663279445727482,177,0.261171111641326,0.825,0.85,90,1.0408035849535386e-18,390,0.026746691685484315,0.3385647657928518,8.858715767634001e-17,0.12177048582611207,219.0
EPG5,0.1168085130403142,0.0052755476149928,0.0285249170210042,1.7978249205408123,0.0665213900676683,0.0575519630484988,181,0.2611347796423622,0.825,0.8527777777777776,91,3.714349089738572e-19,448,0.02570991441570909,0.3384622356323245,3.161438269760854e-17,0.12139071668267788,240.0
ADAM10,0.3093535448509941,0.0251153409909699,0.120589415179469,1.6032800536439205,0.2186603968344993,0.1744572748267898,42,0.2230622326602288,0.775,0.7361111111111112,137,0.0,461,0.12321124998314706,0.23102018826114756,0.0,0.11807714608143154,213.33333333333334
ZNRF2,0.1228015270253537,0.0049745590907272,0.0320638116325876,1.6628321209007393,0.1110983675497954,0.1137182448036951,170,0.2545257435608861,0.8166666666666667,0.8638888888888889,102,9.469938061237196e-19,400,0.02874466873848084,0.3198113067076849,8.060261401323308e-17,0.11618532514872193,224.0
GPC4,0.1862503108774737,0.0172673757022895,0.0614149289946761,1.7203883753413425,0.1086133730932446,0.0707621247113163,95,0.1827525682830472,0.6916666666666667,0.8305555555555555,175,0.0019999999999999,112,0.06087398990317398,0.11726491805130826,0.17022838690604644,0.11612243162017621,127.33333333333333
TMEM63A,0.1539233490705435,0.0049863992831369,0.0356538863907729,1.8752196086915984,0.0822150858278854,0.0662355658198614,126,0.2481613013093357,0.8083333333333332,0.95,110,2.0187581246670894e-18,337,0.044504198787959005,0.30185063004995843,1.7182496955778562e-16,0.11545160961263921,191.0
CFI,0.4989554732241311,0.0136025664190041,0.1474539910776188,1.8130316518177625,0.2532209351225293,0.1763510392609699,20,0.1848950490613146,0.725,0.8166666666666667,174,2.1869337616551456e-18,330,0.219222250987418,0.12331107307683009,1.8613910325847316e-16,0.11417777468808275,174.66666666666666
FAM117B,0.1060684764249367,0.004509645175899,0.0262924732017298,1.7197021724766666,0.0582635623351301,0.0485912240184757,198,0.2214888738944547,0.7583333333333333,0.8583333333333334,140,0.001,190,0.020271353346669817,0.22658011528353764,0.08511419345302748,0.11065522069441165,176.0
PLS1,0.2161193079426345,0.0060815899055076,0.0521250431511343,1.871029961406084,0.0989601253966433,0.0739953810623556,73,0.2287688533925919,0.7833333333333332,0.8944444444444445,131,2.7933600631172587e-18,315,0.07599911195138426,0.24712446978829694,2.377545887961234e-16,0.1077078605798938,173.0
ABCC3,0.2009485446588192,0.0103469421090642,0.0511990750599091,1.977065751035797,0.0576518713919792,0.0169515011547344,84,0.2286317167682434,0.7833333333333332,0.925,132,0.0,500,0.06831691071337029,0.24673746548053446,0.0,0.10501812539796825,238.66666666666666
RAP1GDS1,0.0769605639557457,0.0099984758863922,0.0235231547294216,1.6357928531890584,0.0830179301907711,0.0857736720554272,281,0.2474189688919698,0.8083333333333333,0.85,112,3.1228580974712697e-18,308,0.0055316308275412535,0.2997557422351449,2.65799548234523e-16,0.10176245768756215,233.66666666666666
RCAN3,0.1388688116898055,0.0100246521752895,0.0407283230491213,1.7057306575533286,0.0816798562526283,0.0646189376443418,145,0.2297388359023666,0.7833333333333332,0.8722222222222221,129,0.0001243131868131,274,0.03688085225354867,0.24986179405539505,0.01058081663117254,0.09910782098003874,182.66666666666666
CCDC51,0.1030287697950461,0.005705841309885,0.0254366352393301,1.8052521672512176,0.0686814237106701,0.054041570438799,203,0.2360661568028255,0.7916666666666666,0.861111111111111,118,0.0001255144032921,271,0.018732100667125526,0.267717712973527,0.01068305720294511,0.09904429028119921,197.33333333333334
TP53,0.2012823478241469,0.0136025664190041,0.0582592476365281,1.8511471587066828,0.1087280651450854,0.0724249422632794,83,0.2219746991879037,0.775,0.8333333333333334,139,5.375816750816544e-19,430,0.06848594262310084,0.22795113110281962,4.5755830689702497e-17,0.09881235790864017,217.33333333333334
RCBTB2,0.0952662713026585,0.0109361174699046,0.028228596018218,1.7208459429694718,0.0803035516305386,0.0752424942263279,223,0.2342655121981609,0.7916666666666666,0.8277777777777777,122,0.0,460,0.0148013112656509,0.262636231479688,0.0,0.09247918091511297,268.3333333333333
RAB3D,0.0660367337594179,0.0186437319537441,0.0232904275462635,1.6394410539532105,0.0570784111327751,0.0491454965357967,339,0.2339839637053311,0.7916666666666666,0.8694444444444445,123,0.0,457,0.0,0.26184169187302336,0.0,0.08728056395767446,306.3333333333333
CTXN1,0.2203673189483982,0.0122999246446614,0.0605912121967619,1.9040660058080687,0.0831708529265588,0.0414318706697459,67,0.1710673901158091,0.6916666666666667,0.9333333333333332,187,0.0011291727140783,154,0.0781502282002542,0.08428894019581551,0.09610862482794053,0.08618259774133674,136.0
ZNF608,0.165749410439044,0.0073739339365525,0.0405533048415641,1.9168021102173407,0.0700003823068394,0.0443879907621247,113,0.2082818105609959,0.7583333333333332,0.95,152,1.2529737596051456e-18,375,0.050492703228130834,0.18930932473271062,1.0664585096659953e-16,0.07993400932028051,213.33333333333334
EFHC1,0.1639142707981815,0.029181358816654,0.0671233458161768,1.5909797173236868,0.1104866766066444,0.0811547344110854,117,0.2016268591296302,0.7499999999999999,0.8472222222222221,160,1.2041649728626693e-18,377,0.04956342157253987,0.1705288210990236,1.0249153044959283e-16,0.0733640808905212,218.0
UBXN11,0.0848500024083698,0.0247716996496765,0.0333880951636755,1.5823506307520243,0.0762893298161104,0.0716859122401847,262,0.2092639554466345,0.7583333333333332,0.8166666666666667,149,0.0001274238227146,268,0.009526700338159935,0.19208097164610632,0.010845575897054741,0.07081774929377367,226.33333333333334
MET,0.2595776962509325,0.0212284942314021,0.0953076844796759,1.627880562045007,0.1569560729441449,0.1208775981524249,53,0.1776105047308199,0.7166666666666666,0.7694444444444444,182,0.0001243131868131,275,0.09800565692333486,0.10275383645691766,0.01058081663117254,0.07044677000380835,170.0
BMP2K,0.1320580691307868,0.0063331601001712,0.0326456141539384,1.840083061794247,0.0774935963604388,0.0663741339491916,154,0.2012849973571171,0.75,0.8805555555555555,163,1.85210643118457e-18,340,0.03343201491162625,0.16956407532632858,1.5764054507943983e-16,0.06766536341265167,219.0
CHL1,0.2376009645547133,0.020690675884025,0.0890339016649294,1.5845013046102236,0.1522728141606453,0.1221247113163972,61,0.1823446266147657,0.725,0.861111111111111,176,1.0732155904709841e-18,386,0.08687703588524186,0.11611369252209039,9.134587938415246e-17,0.06766357613577743,207.66666666666666
STK38,0.1511843819128931,0.0059283899743581,0.03523643356224,1.926559538344992,0.0807049738119815,0.0673441108545034,128,0.1948035639862733,0.7416666666666666,0.9277777777777778,168,2.348365167043745e-18,326,0.043117235159581185,0.1512732456744505,1.998792071261125e-16,0.0647968269446773,207.33333333333334
WDR19,0.0691086079691899,0.0242414532313287,0.0268886969748473,1.5910037143855051,0.0607294414497075,0.0494226327944572,320,0.2073503530105412,0.7583333333333333,0.8222222222222222,153,1.089542399656648e-18,381,0.0015555417625235473,0.18668071923628404,9.273552257965173e-17,0.06274542033293588,284.6666666666667
RUFY3,0.2168730694745835,0.0133361841689365,0.0653148996375092,1.7709218893960017,0.1301563634973429,0.0981062355658198,72,0.1754604601622543,0.7166666666666666,0.8083333333333333,183,2.7012122697353105e-18,317,0.07638080321276486,0.09668633615297496,2.2991150368394266e-16,0.057689046455246674,190.66666666666666
MCM7,0.0930085582055797,0.0204961689813857,0.0351405248287321,1.5676821877136358,0.0915051420269908,0.0762586605080831,231,0.1942510013458691,0.7416666666666666,0.8777777777777779,170,3.0919023791213282e-18,309,0.013658046024147694,0.1497138947486059,2.6316477723440868e-16,0.054457313590917954,236.66666666666666
KCNIP4,0.0854357345769399,0.0155443560697099,0.027162166766564,1.7392984128650888,0.0534082654738693,0.034041570438799,261,0.1941729596770903,0.7416666666666666,0.736111111111111,171,9.779688929523941e-19,395,0.0098233045568372,0.14949365845399207,8.32390335457932e-17,0.053105654336943114,275.6666666666667
YPEL2,0.14971766990118,0.0138795381452048,0.0483495699349749,1.6669493355442817,0.1076193753106243,0.0792147806004618,134,0.1814691930837948,0.725,0.9166666666666666,178,1.369333672762974e-18,367,0.042374518618468644,0.11364318875072384,1.1654973112529242e-16,0.05200590245639753,226.33333333333334
YDJC,0.1059331884173072,0.0209006555062278,0.039244525139237,1.6068858379318476,0.110429330580724,0.1060046189376443,199,0.1877121690111605,0.7333333333333333,0.7277777777777777,173,9.930548447048943e-19,393,0.0202028459367092,0.13126108323096217,8.452306216167854e-17,0.05048797638922382,255.0
RHOF,0.1335935925068481,0.0212378594519103,0.0475889508406442,1.678078627252363,0.0842986581029934,0.0618013856812933,153,0.1813188222081751,0.725,0.8722222222222221,179,1.3962226401069628e-18,364,0.03420957628806418,0.11321883692710777,1.188383638935608e-16,0.049142804405057354,232.0
CDC42SE2,0.2356162212035883,0.0163468799370162,0.0823842839647081,1.6008180132954448,0.2311427151431739,0.2359815242494226,62,0.1623171139511587,0.7,0.85,189,3.5487485965696963e-19,450,0.08587199760576261,0.05959535753021555,3.0204887456459295e-17,0.0484891183786594,233.66666666666666
ORC4,0.2003877827728518,0.0060693554480728,0.0496761241928595,1.8196412461438465,0.1648124784952402,0.1619399538106235,85,0.1619491313112218,0.7,0.9083333333333332,190,9.413766062967469e-19,401,0.06803295099598378,0.058556897764168774,8.01245105804958e-17,0.042196616253384216,225.33333333333334
NLN,0.0937440052397242,0.0068896545147266,0.0234940967599591,1.8457323579421456,0.0588752532782811,0.046189376443418,229,0.1809128942522888,0.725,0.85,180,3.788636071533346e-19,447,0.014030463153760815,0.11207329416407462,3.2246670351560727e-17,0.04203458577261182,285.3333333333333
FLOT2,0.1606217961305537,0.0085311888058392,0.0449874471378928,1.7256576591939148,0.1430974500133807,0.1336720554272517,121,0.168234124751269,0.7083333333333334,0.825,188,8.881784197001245e-19,408,0.04789617171209522,0.07629336712173446,7.559658983516063e-17,0.041396512944609914,239.0
SESTD1,0.1645113231886454,0.0150722868561405,0.0529920425821866,1.7040387556363696,0.1225866880758496,0.1088683602771362,116,0.161616086273205,0.7,0.7805555555555556,191,2.484124017598785e-18,322,0.0498657581476596,0.05761703312185505,2.1143421219521483e-16,0.035827597089838285,209.66666666666666
TRIM27,0.0940377814200698,0.0060404286240128,0.0247300807451823,1.713692118085828,0.0929961387009213,0.0961662817551963,228,0.1609146471855373,0.7,0.7666666666666666,192,1.731772689291016e-18,344,0.014179226119349872,0.05563754770102006,1.473984356929852e-16,0.02327225794012336,254.66666666666666
DSEL,0.1228709610298671,0.0086602959378518,0.0352172853875381,1.6916336427475755,0.0583209083610505,0.0382448036951501,169,0.1411992452489019,0.6749999999999999,0.8111111111111112,199,1.2834178164666805e-18,373,0.02877982886756954,0.0,1.0923707231180716e-16,0.009593276289189883,247.0
CSNK1G1,0.0734446795714584,0.0106516815298736,0.0215846581604321,1.724964404617117,0.0596780976411668,0.0524249422632794,295,0.1473851066755872,0.6833333333333333,0.7277777777777777,196,3.957610253622522e-18,303,0.0037512503111238084,0.017456715379439984,3.3684880473851254e-16,0.007069321896854709,264.6666666666667
