gene,mean_expr_CKD,mean_expr_Ref,diff_mean_log_expr,direction,cohen_d,t_stat,p_value,adj_p_value,f_classif_score,f_classif_p_value,statistical_rank_score,random_forest_importance,knn_permutation_importance_mean,knn_permutation_importance_std,knn_single_gene_accuracy_mean,knn_single_gene_balanced_accuracy_mean,knn_single_gene_roc_auc_mean,knn_single_gene_importance_score,rf_importance_scaled,knn_permutation_importance_scaled,knn_single_gene_importance_scaled,statistical_score_scaled,combined_ml_biomarker_score
TLR1,0.039319711028651935,0.011836180309643871,0.027483530719008064,up_in_CKD,2.050007942846147,5.384443002622505,7.289627912363061e-05,0.006447320296879646,34.384357355991476,1.8087883096308513e-06,0.12342276341350883,0.01811044417767106,0.0,0.0,0.9714285714285715,0.975,1.0,0.475,0.6244980750921055,0.0,0.95,0.005727164644086006,0.6309446629656594
PROM1,0.24432366462331837,0.057343507998450796,0.18698015662486756,up_in_CKD,1.9638649028516397,5.122089666268675,0.00014658767668992252,0.009885614532265018,31.555352918065747,3.657872191954431e-06,0.7362422046774291,0.011748921765344398,0.0,0.0,0.9095238095238095,0.9083333333333332,0.9222222222222222,0.4083333333333332,0.4051352332877379,0.0,0.8166666666666664,0.0341637167042315,0.4955535033226081
DYRK2,0.08655637913577865,0.04087807341340592,0.04567830572237273,up_in_CKD,2.1792481584878294,5.7707244945200165,2.643948702193554e-05,0.0034864069023015907,38.85645711495759,6.32515105266659e-07,0.2446424107912561,0.009999999999999998,0.0,0.0,0.9428571428571428,0.9416666666666667,0.9583333333333333,0.44166666666666665,0.3448275862068965,0.0,0.8833333333333333,0.011352098484729706,0.4935347875130379
GALNT3,0.15364201078626563,0.07310349693912606,0.08053851384713957,up_in_CKD,1.706541564703643,4.508032327246676,0.0003586953718214684,0.016235728043851618,23.827779098682207,3.0167725905821097e-05,0.2459569144785074,0.005999999999999995,0.0,0.0,0.9714285714285715,0.9666666666666666,0.9666666666666666,0.46666666666666656,0.20689655172413776,0.0,0.9333333333333331,0.011413095166653961,0.4583745730563192
C9orf139,0.0023138887297189073,0.0,0.0023138887297189073,up_in_CKD,1.801432493014981,4.688638964928898,0.0003486032570236457,0.01613489746409808,26.55130112910139,1.385901418171021e-05,0.007470593813402503,0.003999999999999998,0.0,0.0,0.9714285714285715,0.9666666666666666,0.9666666666666666,0.46666666666666656,0.13793103448275856,0.0,0.9333333333333331,0.00034665664238209346,0.42857507845491316
IKBKE,0.01655419803977991,0.007347110543959161,0.00920708749582075,up_in_CKD,2.0729572056892054,5.668841307636711,1.0802484701904924e-05,0.0019977316603494006,35.15851289960835,1.5000577874943432e-06,0.05152167355655965,0.008786462673122388,0.0,0.0,0.8714285714285716,0.875,0.9333333333333333,0.375,0.3029814714869789,0.0,0.75,0.0023907510983907617,0.42167073881446976
GRHL3,0.00153005421805724,0.0,0.00153005421805724,up_in_CKD,2.4138410178675844,6.282571839578488,2.013408279166457e-05,0.002921065976348714,47.672414668963775,9.642676562314798e-08,0.009360535412826824,0.0028756868131868114,0.0,0.0,0.9714285714285715,0.9666666666666666,0.9666666666666666,0.46666666666666656,0.09916161424782109,0.0,0.9333333333333331,0.0004343552678888501,0.4130848500860395
MAP3K1,0.23565418905579014,0.1014300524638433,0.13422413659194682,up_in_CKD,2.7904194364277957,7.457572963970682,7.113292144493698e-07,0.0004486013154603526,63.707241527951034,5.185904646894896e-09,1.254017641871597,0.004105263157894735,0.0,0.0,0.9095238095238095,0.9083333333333332,0.9666666666666666,0.4083333333333332,0.14156079854809434,0.0,0.8166666666666664,0.058189958666903734,0.3949289778192851
RASGRP1,0.06881902888903942,0.03029861113722533,0.038520417751814084,up_in_CKD,2.198079460418709,6.09842896180831,2.3525470037835117e-06,0.0008637559144951415,39.53089075348311,5.43129980254552e-07,0.25939864806950425,0.0038936915887850462,0.0,0.0,0.9142857142857143,0.9166666666666666,0.925,0.41666666666666663,0.13426522719948436,0.0,0.8333333333333333,0.012036829551207164,0.3894467901233685
TLR7,0.007975983873467506,0.00015225414973155555,0.00782372972373595,up_in_CKD,2.147598291411499,5.59676244604196,6.315730885644533e-05,0.005929428899435208,37.736005264965726,8.174809442670313e-07,0.03741834689037803,0.005875512995896029,0.0,0.0,0.8857142857142858,0.8833333333333332,0.9666666666666666,0.3833333333333332,0.2026038964102079,0.0,0.7666666666666664,0.0017363169274758194,0.38805548861624495
PLEKHH1,0.04462945107658314,0.0216795080440225,0.022949943032560642,up_in_CKD,2.155316265212733,5.808774835654694,1.2985039918095639e-05,0.002255664718706314,38.007721661650066,7.678709622605793e-07,0.13091864814404686,0.0039999999999999975,0.0,0.0,0.9095238095238095,0.9083333333333332,0.9055555555555556,0.4083333333333332,0.13793103448275854,0.0,0.8166666666666664,0.006074994856419291,0.38305407943105385
SAMD12,0.122503746441488,0.0625172479248144,0.05998649851667359,up_in_CKD,2.3971327150612525,6.416226677133594,4.836319276896938e-06,0.0013099642578916417,47.01473389322944,1.1010119242491536e-07,0.4145254019775561,0.004999999999999995,0.0,0.0,0.8809523809523808,0.8833333333333332,0.9333333333333332,0.3833333333333332,0.17241379310344812,0.0,0.7666666666666664,0.019235148854409415,0.37947921367892773
CDH6,0.2161553174282284,0.06979773104210038,0.14635758638612803,up_in_CKD,1.9361754901926,5.100873666580845,0.00011561375534527098,0.008556007761648754,30.671799781275443,4.589177379800344e-06,0.5859405307115667,0.006682120019675353,0.0,0.0,0.8476190476190476,0.85,0.9333333333333333,0.35,0.23041793171294322,0.0,0.7,0.027189294731517735,0.37760503163148085
TBL1XR1,0.36524492809980363,0.22884792133015136,0.13639700676965227,up_in_CKD,2.341218876303682,6.374020981745161,2.5323370165371607e-06,0.0009069518129597904,44.847047673496434,1.7188077045056612e-07,0.9715505964879222,0.0010000000000000007,0.0,0.0,0.9428571428571428,0.9416666666666667,0.9416666666666667,0.44166666666666665,0.03448275862068968,0.0,0.8833333333333333,0.045082690358375845,0.3761429748532844
MLIP,0.00124712531865148,0.0,0.00124712531865148,up_in_CKD,1.6602273584384901,4.321120393686019,0.0007041902338180105,0.023763560067963745,22.551994486698927,4.405998849388208e-05,0.0033626940277842747,0.001999999999999999,0.0,0.0,0.9428571428571428,0.9333333333333332,0.9333333333333332,0.43333333333333324,0.06896551724137928,0.0,0.8666666666666665,0.00015603849575367203,0.37428408126236906
VCAM1,0.27255927749054343,0.1302220118352116,0.14233726565533183,up_in_CKD,1.680986979278144,4.449412536634199,0.00038854366643477665,0.016773291314394152,23.11950456411267,3.718360338983424e-05,0.42479041586058813,0.0049999999999999975,0.0,0.0,0.8761904761904763,0.8749999999999998,0.9222222222222222,0.3749999999999998,0.1724137931034482,0.0,0.7499999999999996,0.019711474476652925,0.3729078121367097
SESN3,0.18645645891585252,0.10075617969532577,0.08570027922052675,up_in_CKD,2.209695732166867,6.048342134566925,4.296067291904238e-06,0.0012287994588098456,39.94981550800747,4.944632493629662e-07,0.5511694666740862,0.0008941454760496755,0.0,0.0,0.9380952380952381,0.9416666666666667,0.95,0.44166666666666665,0.030832602622402606,0.0,0.8833333333333333,0.02557581920167951,0.37078153822263027
CXADR,0.21832412902930423,0.11229492668490461,0.10602920234439962,up_in_CKD,1.6408155226000507,4.375188420744889,0.0003923342174508921,0.016836709538831922,22.027709284406825,5.162741200798684e-05,0.30858576688660355,0.0028734087694483722,0.0,0.0,0.9095238095238095,0.9083333333333332,0.9277777777777778,0.4083333333333332,0.09908306101546112,0.0,0.8166666666666664,0.014319250719253346,0.3691637412167017
ITGB8,0.4141085393672916,0.17161738845061597,0.2424911509166756,up_in_CKD,2.3821813502610243,6.2807668729069865,1.1934546964834152e-05,0.002137167947221227,46.430083517984485,1.2399741811044796e-07,1.5424397897217934,0.0019518240044555833,0.0,0.0,0.9095238095238095,0.9083333333333332,0.9361111111111111,0.4083333333333332,0.06730427601570978,0.0,0.8166666666666664,0.07157356054109573,0.3679030891811697
SYT16,0.011267388550879697,0.0006194378718480332,0.010647950679031664,up_in_CKD,1.7260034599938137,4.502044604751694,0.0004750628197655094,0.01894398740748152,24.374355904723224,2.5723208700799604e-05,0.03165731919629348,0.0059999999999999975,0.0,0.0,0.8476190476190476,0.8499999999999999,0.8583333333333332,0.34999999999999987,0.20689655172413787,0.0,0.6999999999999997,0.0014689889791246798,0.36305241848548003
CLDN1,0.08223732256545749,0.030082190811926868,0.05215513175353062,up_in_CKD,1.618543879941515,4.251420140626668,0.0006792388955677854,0.023236698538232847,21.43378056515018,6.190978760607795e-05,0.13791998940714675,0.007999999999999993,0.0,0.0,0.8095238095238095,0.8083333333333332,0.9666666666666666,0.30833333333333324,0.275862068965517,0.0,0.6166666666666665,0.00639987685577029,0.3582914696240274
ENPP5,0.09693005847175808,0.05512439174770243,0.04180566672405565,up_in_CKD,2.1078160665035424,5.66192058228006,2.000316715851556e-05,0.002921065976348714,36.35090648354018,1.129381391324853e-06,0.223333088474695,0.0018744855967078216,0.0,0.0,0.9095238095238095,0.9083333333333332,0.9027777777777779,0.4083333333333332,0.06463743436923523,0.0,0.8166666666666664,0.01036328577315592,0.35459429756899186
AP1G2,0.11709446990215851,0.06793349321478691,0.0491609766873716,up_in_CKD,1.6724863803495615,4.48840447234686,0.0002685302653036417,0.01383670159228889,22.88626930190273,3.9859890377898925e-05,0.15284627955013352,0.0018947368421052637,0.0,0.0,0.9095238095238095,0.9083333333333332,0.8722222222222221,0.4083333333333332,0.06533575317604358,0.0,0.8166666666666664,0.007092498855229806,0.35421946770813
DTX4,0.025702603068353282,0.011477817387002183,0.014224785681351099,up_in_CKD,1.8537125174719824,5.214536614618385,1.64265310814062e-05,0.0026039797558008683,28.114773524446207,9.024778341052136e-06,0.06814618181455215,0.004124487004103966,0.0,0.0,0.8523809523809524,0.8666666666666666,0.8916666666666666,0.3666666666666666,0.14222368979668848,0.0,0.7333333333333332,0.0031621752124457985,0.3508552442944978
GPX8,0.06992464562883056,0.030399605852931895,0.03952503977589867,up_in_CKD,1.79014635911372,4.722222476541357,0.0002387534798533486,0.012959494162914672,26.219650803120885,1.5203477992774701e-05,0.13354497635652807,0.0029999999999999988,0.0,0.0,0.8809523809523808,0.8833333333333332,0.925,0.3833333333333332,0.10344827586206894,0.0,0.7666666666666664,0.006196863899586749,0.3492853497914115
ORC5,0.04036433795155237,0.027393864523475885,0.012970473428076487,up_in_CKD,2.176763352951469,6.247498527120729,6.707364606486888e-07,0.00043240143829818806,38.76789841161155,6.45369525608845e-07,0.0949811894688771,0.002999999999999999,0.0,0.0,0.8857142857142858,0.8833333333333332,0.9,0.3833333333333332,0.10344827586206895,0.0,0.7666666666666664,0.004407395322667425,0.3489274560760277
MEGF11,0.005085398682847413,0.0,0.005085398682847413,up_in_CKD,1.616986000543764,4.208574896528739,0.0008758229211131229,0.02632914294455098,21.3925395759915,6.270072500332386e-05,0.012988778018169734,0.0,0.0,0.0,0.9380952380952381,0.9333333333333332,0.9333333333333332,0.43333333333333324,0.0,0.0,0.8666666666666665,0.000602715967283238,0.3467872098601233
SLC35F5,0.30507880303286644,0.169932200866988,0.13514660216587845,up_in_CKD,1.688872610925928,4.493670608238723,0.00031734878349452025,0.015292837556770819,23.33692387583805,3.486101672184438e-05,0.4143822360991044,0.0010000000000000044,0.0,0.0,0.9095238095238095,0.9083333333333332,0.9194444444444443,0.4083333333333332,0.03448275862068981,0.0,0.8166666666666664,0.019228505553492866,0.34430547122564115
GALNT7,0.0966177093554921,0.04973102556037814,0.046886683795113966,up_in_CKD,2.3991775681678726,6.454533857795596,3.573523159853399e-06,0.0011147086759929795,47.094979120362886,1.0832733276493833e-07,0.33216328075777996,0.001,0.0,0.0,0.9095238095238095,0.9083333333333332,0.9055555555555556,0.4083333333333332,0.03448275862068966,0.0,0.8166666666666664,0.01541331392205204,0.3435424328993529
LRRK2,0.2547665503962797,0.10573257368029176,0.14903397671598795,up_in_CKD,2.304040176178338,6.120611009061764,1.1877155294085508e-05,0.002137167947221227,43.43400927363195,2.3142921616229235e-07,0.9168807245014061,0.0032322777885830985,0.0,0.0,0.8476190476190476,0.8499999999999999,0.9111111111111111,0.34999999999999987,0.11145785477872755,0.0,0.6999999999999997,0.04254585396549037,0.33309231270458906
ARRDC3,0.34711712415066304,0.20960542095004875,0.1375117032006143,up_in_CKD,1.7334209258758346,4.726428470499132,0.00011037761118112659,0.008338683594699173,24.584302687616475,2.4206554717065527e-05,0.49553897570953853,0.0028036545644517332,0.0,0.0,0.8523809523809526,0.8583333333333332,0.8833333333333332,0.35833333333333317,0.09667774360178391,0.0,0.7166666666666663,0.022994407376391926,0.3299366455826585
SEMA4D,0.1601523415178681,0.09139823242257455,0.06875410909529356,up_in_CKD,1.6107524724777393,4.235735760741343,0.0006866961700749812,0.023352619611442485,21.227919771216683,6.596700927325111e-05,0.18070006230451058,0.001999999999999999,0.0,0.0,0.880952380952381,0.875,0.9333333333333332,0.375,0.06896551724137928,0.0,0.75,0.008384993006089669,0.3292632054977697
TPBG,0.06896611088544079,0.02432287003703179,0.044643240848409,up_in_CKD,1.8300362459769277,4.826557288183713,0.0001941776772058871,0.011444248103122463,27.401176322094482,1.0959910686133156e-05,0.15861099157613825,0.0020000000000000013,0.0,0.0,0.8761904761904763,0.875,0.875,0.375,0.06896551724137936,0.0,0.75,0.007359997766982889,0.3290582064499483
TRIM59,0.019701136138992083,0.004336007625571145,0.015365128513420938,up_in_CKD,1.7179319121867274,4.512385902095594,0.00040134560220586184,0.017071900175941426,24.146918631078105,2.7481324394911557e-05,0.046661120351601484,0.003886153846153842,0.0,0.0,0.8428571428571429,0.8416666666666666,0.9,0.34166666666666656,0.13400530503978766,0.0,0.6833333333333331,0.0021652077083690103,0.3273684968909221
HOXA3,0.09276497300017708,0.03454625322589621,0.05821871977428087,up_in_CKD,2.1976149433566285,5.8280784535304,2.239790750272487e-05,0.0031238620031444637,39.514184503072016,5.451736249061008e-07,0.3205349596671127,0.002999999999999998,0.0,0.0,0.8476190476190476,0.85,0.9444444444444444,0.35,0.1034482758620689,0.0,0.7,0.014873726996766427,0.3243540557441808
KANSL1L,0.2159020436384984,0.12197748362500499,0.09392456001349342,up_in_CKD,1.9742719235483301,5.270961970045963,5.5723885557522266e-05,0.005424664161153426,31.890678775455463,3.3591256784722657e-06,0.4201211811917535,0.0028927710843373506,0.0,0.0,0.8523809523809524,0.85,0.9083333333333332,0.35,0.09975072704611554,0.0,0.7,0.019494808806798353,0.32379925257980585
BMP4,0.04773745275015194,0.019025285979816117,0.028712166770335824,up_in_CKD,1.7589259403402484,4.680613429865772,0.00021230431044369453,0.012161320646771508,25.313076520378587,1.964006799134935e-05,0.09671340371765792,0.0019999999999999974,0.0,0.0,0.8571428571428571,0.8666666666666666,0.95,0.3666666666666666,0.06896551724137923,0.0,0.7333333333333332,0.004487774953840986,0.32181709522065316
IKZF2,0.042080681328424574,0.017990905214037838,0.024089776114386736,up_in_CKD,2.1152498288823227,5.634774939874074,2.8149885580502506e-05,0.003555714118632119,36.6077604975275,1.0631283980531885e-06,0.12479471450199439,0.000999999999999999,0.0,0.0,0.8857142857142858,0.8833333333333332,0.9083333333333332,0.3833333333333332,0.03448275862068962,0.0,0.7666666666666664,0.00579082704760119,0.32161793552446266
TRDMT1,0.03819298808871975,0.022440675046081913,0.015752313042637838,up_in_CKD,1.713016576593959,4.572155182016602,0.0002506327740710116,0.013316587501465285,24.008938295610175,2.8610072321290445e-05,0.050611330752006925,1.5161483180037284e-18,0.0,0.0,0.9047619047619048,0.8999999999999998,0.8861111111111111,0.3999999999999998,5.228097648288719e-17,0.0,0.7999999999999996,0.0023485086223673977,0.3204697017244733
DCDC1,0.0186411024337761,0.006874567476957777,0.011766534956818325,up_in_CKD,1.917714337112864,5.087879678760811,9.767814595577082e-05,0.007827743133085392,30.08968591719463,5.338881871689903e-06,0.04752978080242987,0.003127423822714679,0.0,0.0,0.8476190476190476,0.8416666666666666,0.9111111111111111,0.34166666666666656,0.10784220078326481,0.0,0.6833333333333331,0.002205516005510538,0.3169113168477413
WDR5B,0.03340178825325997,0.019486408277097928,0.013915379976162042,up_in_CKD,1.9579853029455434,5.27676429754748,4.1690518827695286e-05,0.0044913165817702765,31.36668910814252,3.838299788770045e-06,0.06396368404248516,0.001999999999999999,0.0,0.0,0.8476190476190476,0.8583333333333334,1.0,0.3583333333333334,0.06896551724137928,0.0,0.7166666666666668,0.0029680955086564993,0.31484649266494974
HRK,0.00507089726621334,0.0008411897539187278,0.004229707512294612,up_in_CKD,1.7517621281873383,4.659506235577441,0.00022429994104084121,0.01243999917670603,25.107304530693543,2.0828100128500405e-05,0.014116317024730866,0.001,0.0,0.0,0.8761904761904763,0.875,0.9277777777777778,0.375,0.03448275862068966,0.0,0.75,0.0006550369602233294,0.3139241108403206
ZDHHC2,0.2783042997292143,0.17225236223888063,0.10605193749033365,up_in_CKD,1.6341039432774092,4.402479205479712,0.00030165534173721503,0.014857421840062153,21.847873888102725,5.4533352926615485e-05,0.3168019969109975,0.0,0.0,0.0,0.8809523809523808,0.8833333333333332,0.875,0.3833333333333332,0.0,0.0,0.7666666666666664,0.014700506986751863,0.30960676806401694
TMEM159,0.12467203343732841,0.06361521955078053,0.06105681388654788,up_in_CKD,2.1130966886391542,5.582841338411918,4.1222250976869976e-05,0.0044640360409861565,36.533271399854385,1.0819048484933198e-06,0.303229668276673,0.0028905380333951727,0.0,0.0,0.8380952380952381,0.8333333333333333,0.9444444444444444,0.33333333333333326,0.09967372528948872,0.0,0.6666666666666665,0.01407071262351926,0.30935029930716595
P2RY6,0.023283383768792323,0.007696580912609306,0.015586802856183017,up_in_CKD,1.806311864724615,4.757154610516952,0.00023121984448376103,0.012703953955443008,26.69532997618568,1.3315166873955215e-05,0.05338289260106291,0.0011058545239503257,0.0,0.0,0.8714285714285716,0.8666666666666666,0.9111111111111111,0.3666666666666666,0.03813291461897675,0.0,0.7333333333333332,0.0024771169162655857,0.30908192256417705
ITGB6,0.22289025704961998,0.08050084897705731,0.14238940807256267,up_in_CKD,1.8660109982749715,4.983257338064158,0.00010190970277074819,0.007990271560484877,28.489066737407647,8.158570887207513e-06,0.5572898215471342,0.0020184586628628595,0.0,0.0,0.8428571428571429,0.8416666666666666,0.9361111111111111,0.34166666666666656,0.06960202285733999,0.0,0.6833333333333331,0.025859820945512965,0.3063461066653719
DSC2,0.09899214135111793,0.050586270318081744,0.04840587103303619,up_in_CKD,1.8026806862469011,4.89205114762999,8.316479393448824e-05,0.006873534678175225,26.588108099189437,1.3717815585022252e-05,0.18872837318351762,0.0021079646017699103,0.0,0.0,0.8476190476190476,0.8416666666666666,0.8972222222222224,0.34166666666666656,0.07268843454379001,0.0,0.6833333333333331,0.008757529294747646,0.3041602130097988
SEL1L3,0.06359746416559478,0.01708782609472051,0.04650963807087427,up_in_CKD,2.326393782607858,6.113000605176464,1.855252270973651e-05,0.0027886460301008087,44.28088389618952,1.9350375876425258e-07,0.2764077525315074,2.5896064420133235e-18,0.0,0.0,0.8761904761904763,0.875,0.861111111111111,0.375,8.92967738625284e-17,0.0,0.75,0.012826100014841005,0.3025652200029683
PIK3CG,0.015585794543502486,0.0036040943470406115,0.011981700196461874,up_in_CKD,1.766353196774377,4.702408184457857,0.0002006549466666614,0.011712273647484601,25.527302310723233,1.8479671756396955e-05,0.04087511217770292,0.003999999999999998,0.0,0.0,0.8190476190476191,0.8083333333333332,0.8666666666666668,0.30833333333333324,0.13793103448275856,0.0,0.6166666666666665,0.0018967205952347607,0.302218424578817
PLCH1,0.01473158003235635,0.006885439792423206,0.007846140239933144,up_in_CKD,1.6930882428606517,4.506536275140368,0.0003063401551390349,0.014961158081790242,23.453572893651565,3.367916417396496e-05,0.02424414135444558,0.0019999999999999987,0.0,0.0,0.8476190476190476,0.8416666666666666,0.8055555555555556,0.34166666666666656,0.06896551724137927,0.0,0.6833333333333331,0.0011249965999076534,0.30114453954986653
ADAM12,0.009595686023600867,0.002342507327592967,0.0072531786960079,up_in_CKD,1.9321951650197406,5.30034998454517,2.3802310393476262e-05,0.0032261414399629984,30.545821274119056,4.741339549566237e-06,0.03491469796366314,8.465450562766812e-19,0.0,0.0,0.880952380952381,0.875,0.8777777777777779,0.375,2.9191208837126936e-17,0.0,0.75,0.0016201405494907836,0.3003240281098982
BCL2L15,0.01078969407615184,0.001909308940547611,0.00888038513560423,up_in_CKD,1.7594984666342073,4.718194001769073,0.0001638842190582268,0.01054164344762563,25.329557897084673,1.9548090540682848e-05,0.03089210496284696,2.040414334453478e-18,0.0,0.0,0.8809523809523808,0.875,0.8916666666666666,0.375,7.035911498115441e-17,0.0,0.75,0.0014334808784977043,0.30028669617569964
PLEKHA1,0.2888670053350855,0.1917711386402878,0.09709586669479772,up_in_CKD,1.9080823508210665,5.132041472182816,6.080328114856975e-05,0.005769089091137679,29.78818574330329,5.777597607417202e-06,0.4147927414562427,0.00010796460176991158,0.0,0.0,0.8761904761904763,0.8666666666666666,0.95,0.3666666666666666,0.0037229173024107445,0.0,0.7333333333333332,0.01924755416091817,0.2986720110864812
IRF5,0.038566079530571194,0.01690724501690786,0.021658834513663336,up_in_CKD,1.94980048103461,5.251041221746523,4.5045646534405555e-05,0.0047519062035022005,31.10499749325924,4.104438165543049e-06,0.09810681337056015,0.001999999999999999,0.0,0.0,0.8238095238095238,0.8333333333333333,0.95,0.33333333333333326,0.06896551724137928,0.0,0.6666666666666665,0.004552433095322498,0.29516336018228284
F2RL1,0.1292447980803958,0.07973911964495255,0.04950567843544325,up_in_CKD,1.587196229669725,4.324708482221272,0.0002935144884989771,0.014652304557316082,20.611569857545557,7.990596575338606e-05,0.14411435578563261,0.001,0.0,0.0,0.8523809523809524,0.85,0.9416666666666667,0.35,0.03448275862068966,0.0,0.7,0.006687312942390082,0.29513056603675386
CASP2,0.07345110225840533,0.04705384803990485,0.026397254218500477,up_in_CKD,1.747843663799104,4.7353233915568484,0.00012458850255705957,0.008990827012886313,24.99510659794916,2.150797533041962e-05,0.09440815182119795,0.0010000000000000013,0.0,0.0,0.8476190476190476,0.85,0.85,0.35,0.0344827586206897,0.0,0.7,0.004380804758133371,0.29466926439990254
SLC41A2,0.03506129200669878,0.01777633453282568,0.0172849574738731,up_in_CKD,1.7615220274702454,4.747243827347915,0.00013680201868946523,0.00950482905316584,25.387853344878142,1.9226431054665515e-05,0.061567214630091266,4.91670196619712e-19,0.0,0.0,0.8761904761904763,0.8666666666666666,0.861111111111111,0.3666666666666666,1.6954144711024553e-17,0.0,0.7333333333333332,0.0028568925627030653,0.2939047118458739
MAPK15,0.02959943924895555,0.011299904085385967,0.01829953516356958,up_in_CKD,1.738606929157266,4.591528036911038,0.0003037373926504525,0.014918999654037878,24.731624079111754,2.3199425524538043e-05,0.05810374721174178,1.1787223618816759e-18,0.0,0.0,0.8761904761904763,0.8666666666666666,0.8916666666666666,0.3666666666666666,4.064559868557503e-17,0.0,0.7333333333333332,0.002696177897144508,0.2938725689127622
MACC1,0.23821964542516774,0.1038930472099045,0.13432659821526324,up_in_CKD,1.6421519788712178,4.344704279864136,0.0004880718120769262,0.01899821907234383,22.063607359450835,5.1067383498996635e-05,0.37968958167892686,0.0010000000000000007,0.0,0.0,0.8428571428571429,0.8416666666666666,0.9222222222222222,0.34166666666666656,0.03448275862068968,0.0,0.6833333333333331,0.017618668451247366,0.29065017047185865
STX7,0.3061649641663406,0.24050924662128428,0.06565571754505631,up_in_CKD,1.6975401754703996,4.876373205947645,3.207344756302669e-05,0.00386079134358259,23.577076205476978,3.247432254741647e-05,0.2689726896865472,0.001999561900045015,0.0,0.0,0.8238095238095238,0.825,0.8777777777777779,0.32499999999999996,0.06895041034637983,0.0,0.6499999999999999,0.012481092109698338,0.2900763825604915
TNFRSF11B,0.27012503428312334,0.09822480715142573,0.1719002271316976,up_in_CKD,2.1441420389914208,5.645172909398381,4.111012994861784e-05,0.0044640360409861565,37.61464159121144,8.40733000496931e-07,0.866259850010111,0.002016522402334055,0.0,0.0,0.8095238095238095,0.8166666666666667,0.9,0.31666666666666665,0.06953525525289846,0.0,0.6333333333333333,0.040196902486678086,0.2891868159318283
FZD1,0.12303748126610324,0.06692372506240869,0.05611375620369455,up_in_CKD,1.6658897699871933,4.456721638993471,0.0003072033410333108,0.014978099030884616,22.706089574301686,4.206795144853786e-05,0.1705570898627061,9.35759406469774e-19,0.0,0.0,0.8523809523809524,0.8583333333333332,0.8777777777777779,0.35833333333333317,3.2267565740337035e-17,0.0,0.7166666666666663,0.007914330451241352,0.28824953275691484
TMEM139,0.16365775667715082,0.0808820945709051,0.08277566210624572,up_in_CKD,1.6183415359580002,4.29616451635915,0.0005067881005135833,0.019446987825263298,21.428421766420087,6.201195610163646e-05,0.22922412899323236,0.0018936915887850486,0.0,0.0,0.8238095238095238,0.825,0.9,0.32499999999999996,0.06529970995810513,0.0,0.6499999999999999,0.01063664668358707,0.2882472133199594
EPHA7,0.05480768880675643,0.02057811634048957,0.03422957246626686,up_in_CKD,1.8140281756903145,4.973088031574286,5.370926915604441e-05,0.005281714909209655,26.92389454525907,1.249831027343876e-05,0.14140066582821526,6.004533938224797e-19,0.0,0.0,0.8523809523809524,0.8583333333333332,0.9,0.35833333333333317,2.0705289442154474e-17,0.0,0.7166666666666663,0.006561390067635919,0.28797894468019375
DNMT3B,0.011345741095647038,0.00545277469506344,0.005892966400583599,up_in_CKD,2.3743602829654358,6.564986505001757,8.528779966595489e-07,0.0005049385853692554,46.12570979992122,1.3196112920440918e-07,0.04612836972267681,0.0009999999999999992,0.0,0.0,0.8428571428571429,0.8416666666666666,0.8388888888888889,0.34166666666666656,0.03448275862068963,0.0,0.6833333333333331,0.002140486575235169,0.28755453409665616
SLC12A8,0.021831340274540804,0.010704836021272444,0.01112650425326836,up_in_CKD,1.5687070245683783,4.177034087142722,0.000619509789967754,0.022051507984005576,20.134159600337792,9.285734589932429e-05,0.02891400137609156,0.001,0.0,0.0,0.8476190476190476,0.8416666666666666,0.8833333333333334,0.34166666666666656,0.03448275862068966,0.0,0.6833333333333331,0.0013416912878980395,0.28739477503918875
NOD2,0.004520589373358686,0.00037253426880223887,0.004148055104556447,up_in_CKD,1.8070377366940018,4.7967687435938435,0.00017617654288662647,0.010970560974842981,26.716789487750574,1.323610477051763e-05,0.01468984125011723,0.0009999999999999998,0.0,0.0,0.8523809523809524,0.8416666666666666,0.85,0.34166666666666656,0.03448275862068965,0.0,0.6833333333333331,0.0006816501033366044,0.2872627668022764
WNT7A,0.006717784848912394,0.0011418863636480443,0.005575898485264349,up_in_CKD,1.637210796507024,4.3434366527624615,0.00046404111366222156,0.01872299402968157,21.9310297543568,5.316851875159958e-05,0.015771349760818877,8.049116928532376e-19,0.0,0.0,0.8523809523809524,0.8583333333333332,0.875,0.35833333333333317,2.7755575615628883e-17,0.0,0.7166666666666663,0.0007318351513250102,0.28681303369693156
TNFAIP8,0.15754999339819475,0.06959079509785818,0.08795919830033658,up_in_CKD,1.9967091600212548,5.291626602047336,6.65897649774235e-05,0.006079610653886344,32.619661115831875,2.7957316919838826e-06,0.38921554313323653,0.0030041357664561128,0.0,0.0,0.7904761904761904,0.7999999999999999,0.9166666666666666,0.29999999999999993,0.10359088849848666,0.0,0.5999999999999999,0.018060699954457714,0.28504849539028615
STAT1,0.2501106839252592,0.14169028991232102,0.10842039401293818,up_in_CKD,1.8276340781149985,4.903539613449845,0.00010746073935921588,0.008247185314314424,27.329288101259397,1.1178080458776598e-05,0.4128898636284574,0.0010000000000000005,0.0,0.0,0.8428571428571429,0.8333333333333333,0.9277777777777778,0.33333333333333326,0.034482758620689676,0.0,0.6666666666666665,0.019159255257896572,0.2842916211665218
FAS,0.057622481299838296,0.024780350658688395,0.0328421306411499,up_in_CKD,1.71093990763179,4.507483051242733,0.0003803111832812463,0.016615703956308667,23.950762097948832,2.9100716892510605e-05,0.09999067450329471,0.00298077615379077,0.0,0.0,0.7857142857142857,0.7999999999999999,0.9,0.29999999999999993,0.10278538461347483,0.0,0.5999999999999999,0.004639849570009729,0.28204212375939186
GPR180,0.058208479119216366,0.03031383981000625,0.027894639309210115,up_in_CKD,1.7217244344098157,4.624504030951602,0.00019448515390690707,0.011444248103122463,24.253650229449264,2.664082334020196e-05,0.09324000053484016,8.881784197001249e-19,0.0,0.0,0.8523809523809524,0.85,0.9277777777777778,0.35,3.0626842058624995e-17,0.0,0.7,0.004326599240762499,0.2808653198481525
ANKRD45,0.0158107144454379,0.006200737275418856,0.009609977170019043,up_in_CKD,1.5946071871297482,4.216591145149361,0.0006451725029739303,0.022577146334467692,20.804498846556942,7.523211595118705e-05,0.025228603796164064,0.0010000000000000005,0.0,0.0,0.8428571428571429,0.8333333333333333,0.8111111111111111,0.33333333333333326,0.034482758620689676,0.0,0.6666666666666665,0.0011706784363347865,0.28069390580220943
VWDE,0.003946220260653821,0.00036682972692270003,0.003579390533731121,up_in_CKD,1.6613857429501335,4.375112032223235,0.0005025718452642303,0.019336351765404932,22.58347571081973,4.3644984346408614e-05,0.010190499475659138,0.0010000000000000002,0.0,0.0,0.8428571428571429,0.8333333333333333,0.9222222222222222,0.33333333333333326,0.03448275862068967,0.0,0.6666666666666665,0.00047286794338769524,0.28055434370362003
SAMD13,0.017952385440421704,0.008044347345143954,0.00990803809527775,up_in_CKD,1.9449550154727553,5.336777628685162,2.162607556329977e-05,0.0030603534248357387,30.95059100901239,4.270641029088866e-06,0.04845091234084453,3.255786033967568e-18,0.0,0.0,0.8428571428571429,0.85,0.8888888888888887,0.35,1.1226848392991615e-16,0.0,0.7,0.0022482591092416247,0.28044965182184833
RGS17,0.00435982903797908,0.0008104658133720888,0.0035493632246069912,up_in_CKD,2.082815361921954,5.73272586051557,7.530543936274658e-06,0.0015493693588037435,35.493707715202476,1.3842778984334976e-06,0.020772252191349188,8.534839501805886e-19,0.0,0.0,0.8523809523809524,0.85,0.8166666666666667,0.35,2.9430481040709955e-17,0.0,0.7,0.0009638911416183061,0.2801927782283236
SYT8,0.005584436256408234,0.001226390136624911,0.004358046119783323,up_in_CKD,1.6581905420747354,4.467637368157367,0.00025969437533799163,0.013509346524364143,22.496693513122665,4.479923029926136e-05,0.013508916451545304,1.022330368508997e-18,0.0,0.0,0.8523809523809526,0.85,0.8833333333333332,0.35,3.525277132789645e-17,0.0,0.7,0.0006268518589394508,0.28012537037178786
CDCA2,0.001514715281341513,0.00016469666281963334,0.0013500186185218797,up_in_CKD,1.7535073848327531,4.6684371600184775,0.0002154983229978355,0.012161320646771508,25.15735757997001,2.0532227501136117e-05,0.004533363082283682,0.0,0.0,0.0,0.8476190476190476,0.8499999999999999,0.836111111111111,0.34999999999999987,0.0,0.0,0.6999999999999997,0.00021036084467395853,0.28004207216893473
MESP1,0.055311636420807796,0.03012413446856877,0.025187501952239025,up_in_CKD,1.8278987645896771,4.946946641217738,7.833770623164068e-05,0.006684049581705576,27.337204583905645,1.1153829784554958e-05,0.100135616967931,0.0010000000000000005,0.0,0.0,0.8142857142857144,0.825,0.9444444444444444,0.32499999999999996,0.034482758620689676,0.0,0.6499999999999999,0.0046465753095405364,0.274722418510184
SLITRK2,0.011552560989754048,0.002190471513422911,0.009362089476331137,up_in_CKD,1.6038999585459204,4.198868381306607,0.0008031457678516606,0.025079934042386086,21.047686993829505,6.97525149726083e-05,0.024035482706655616,0.0020000000000000005,0.0,0.0,0.819047619047619,0.8083333333333333,0.85,0.30833333333333335,0.06896551724137934,0.0,0.6166666666666667,0.0011153142496081244,0.27447593641314005
CDT1,0.003807601041773707,0.0009822184079713444,0.0028253826338023626,up_in_CKD,2.0536172028852677,5.790153475865472,3.309436080107859e-06,0.0010787274234149325,34.50553867625164,1.7562991997056491e-06,0.017215800975800107,0.0,0.0,0.0,0.8476190476190476,0.8416666666666666,0.888888888888889,0.34166666666666656,0.0,0.0,0.6833333333333331,0.0007988617653770021,0.27349310568640867
TNFRSF11A,0.004095362493781141,0.0011675804836688724,0.0029277820101122685,up_in_CKD,1.6576589092104461,4.536498984828958,0.00016213200503664617,0.010498771129716753,22.482270485057175,4.499420050981396e-05,0.009603937300647854,2.0490553698238027e-18,0.0,0.0,0.8476190476190476,0.8416666666666666,0.8527777777777779,0.34166666666666656,7.065708171806217e-17,0.0,0.6833333333333331,0.0004456498026057726,0.27342246329385445
GSTCD,0.03888320120404498,0.025106809562407215,0.013776391641637766,up_in_CKD,2.173191985583327,5.941706067925694,5.739123273998937e-06,0.0013557771628166075,38.64079150530221,6.643080147163535e-07,0.08585867963059363,0.0012307775611869168,0.0,0.0,0.819047619047619,0.8166666666666667,0.8166666666666668,0.31666666666666665,0.042440605558169545,0.0,0.6333333333333333,0.003984085113382114,0.2711063925792776
CEPT1,0.12048239241851004,0.07827446681668404,0.042207925601826,up_in_CKD,1.679613937037983,4.556530422656637,0.00018388863721223493,0.011203124940748415,23.08175163402737,3.7603459053811123e-05,0.13828823675286037,0.0011054164239953437,0.0,0.0,0.8238095238095238,0.8166666666666667,0.9333333333333332,0.31666666666666665,0.038117807723977375,0.0,0.6333333333333333,0.006416964572171386,0.26986384933735863
STK32A,0.03624262624028686,0.02329575700014483,0.012946869240142031,up_in_CKD,1.5752822407833902,4.273143690210534,0.0003588486997931251,0.016235728043851618,20.303297493770767,8.802941191472967e-05,0.036497380308967264,0.0011244870041039667,0.0,0.0,0.8285714285714285,0.8166666666666667,0.8833333333333332,0.31666666666666665,0.03877541393461954,0.0,0.6333333333333333,0.0016935814782153857,0.26918221520282426
RLN2,0.02509184819197494,0.013158096856967368,0.011933751335007571,up_in_CKD,2.030823058070645,5.630595451220046,7.782945037709713e-06,0.0015900227855208365,33.74380058065696,2.115464105328725e-06,0.06782493405437351,0.0009797487546025555,0.0,0.0,0.8142857142857143,0.8166666666666667,0.8444444444444444,0.31666666666666665,0.033784439813881226,0.0,0.6333333333333333,0.0031472684094930657,0.2674765629407844
WFDC2,1.487985768992105,0.7588548440418017,0.7291309249503033,up_in_CKD,1.6631589641903648,4.429956049296075,0.00035607337666367263,0.016235728043851618,22.63170878318264,4.301721956634946e-05,2.170090440116291,3.5487485965696973e-19,0.0,0.0,0.8142857142857143,0.8083333333333333,0.8472222222222221,0.30833333333333335,1.2237064126102405e-17,0.0,0.6166666666666667,0.10069832257331184,0.26680633118132907
CX3CR1,0.03747663552496747,0.008710864943024598,0.028765770581942875,up_in_CKD,1.858201459222532,4.865058200178808,0.00021591469525693234,0.012161320646771508,28.251103606827936,8.698431645663232e-06,0.10236275254330734,0.001999999999999999,0.0,0.0,0.7952380952380953,0.7916666666666666,0.8666666666666666,0.29166666666666663,0.06896551724137928,0.0,0.5833333333333333,0.0047499206874279795,0.2618695243673706
AGPS,0.1262316799133238,0.08422984727081126,0.04200183264251253,up_in_CKD,1.8268999775073418,5.002688206754631,5.1348799740026736e-05,0.005187677077229541,27.307337954860852,1.1245615229916291e-05,0.17533731798472033,6.2796989830360405e-19,0.0,0.0,0.8238095238095238,0.825,0.9027777777777779,0.32499999999999996,2.165413442426221e-17,0.0,0.6499999999999999,0.008136146530657293,0.2616272293061314
TP53INP1,0.10501017409089478,0.06361630556505665,0.04139386852583812,up_in_CKD,1.6621349403483765,4.4562385206511514,0.00029437504482881475,0.014652304557316082,22.60384821758374,4.337864676285276e-05,0.12618969771320196,1.0408035849535386e-18,0.0,0.0,0.8238095238095238,0.825,0.85,0.32499999999999996,3.588977879150133e-17,0.0,0.6499999999999999,0.005855558206630214,0.261171111641326
EPG5,0.07914143343986664,0.05061651641886242,0.028524917021004223,up_in_CKD,1.7978249205408126,5.001702073723639,3.5995510965296546e-05,0.0041273904075227385,26.445063640234736,1.427532573290909e-05,0.12227484979881693,3.7143490897385717e-19,0.0,0.0,0.8190476190476191,0.825,0.8527777777777776,0.32499999999999996,1.2808100309443352e-17,0.0,0.6499999999999999,0.0056738982118112544,0.2611347796423622
DNAJC22,0.03565015844667361,0.017855751826516317,0.017794406620157292,up_in_CKD,1.5774688961156298,4.378777091220689,0.00018868720555363384,0.01127175616584669,20.359702785373056,8.647954587589442e-05,0.054680835740528205,0.0,0.0,0.0,0.819047619047619,0.825,0.85,0.32499999999999996,0.0,0.0,0.6499999999999999,0.0025373451420222454,0.2605074690284044
MMP7,0.42805640014055263,0.14754696377971604,0.2805094363608366,up_in_CKD,1.5819513000485952,4.2112050120956255,0.0005779389479176622,0.02126297666596728,20.475572037753608,8.338643052184837e-05,0.7421206143825251,0.0,0.0,0.0,0.8142857142857143,0.8166666666666667,0.8555555555555555,0.31666666666666665,0.0,0.0,0.6333333333333333,0.034436491509262264,0.26022063163518583
MDM4,0.446416628928475,0.27800863836324036,0.16840799056523464,up_in_CKD,1.6239165986317516,4.379429344584808,0.0003118947724034705,0.015143158737484308,21.576314612550412,5.9257204575324277e-05,0.4976753651667238,1.3533860023012087e-18,0.0,0.0,0.8142857142857144,0.8166666666666667,0.9,0.31666666666666665,4.666848283797272e-17,0.0,0.6333333333333333,0.023093541878219572,0.2579520417089773
XRCC4,0.08394195005443213,0.0571762501826146,0.026765699871817525,up_in_CKD,2.1958864275159082,6.161947784123392,1.3948170193709295e-06,0.0006743940288658443,39.45204983903382,5.528466435236738e-07,0.18637881122614508,0.001999999999999999,0.0,0.0,0.7904761904761906,0.7833333333333332,0.8944444444444445,0.2833333333333332,0.06896551724137928,0.0,0.5666666666666664,0.008648502987126659,0.25598257416064363
PRKACB,0.22763303037766155,0.14780916528810553,0.07982386508955602,up_in_CKD,1.7071537710830216,4.562458837665814,0.00024884210639946567,0.013245705516786237,23.84487816646076,3.0016907351605595e-05,0.2559078545430275,9.670626872392806e-19,0.0,0.0,0.8238095238095238,0.8166666666666667,0.9,0.31666666666666665,3.3346989215147607e-17,0.0,0.6333333333333333,0.011874846877090067,0.2557083027087514
GALNT1,0.14370987311804792,0.10108041755059376,0.042629455567454164,up_in_CKD,1.9862989625732856,5.439719369909911,1.7820336181260996e-05,0.002735280172584029,32.280411016797636,3.0442487396043024e-06,0.2170214696669256,2.7650472497584317e-18,0.0,0.0,0.819047619047619,0.8166666666666667,0.925,0.31666666666666665,9.534645688822179e-17,0.0,0.6333333333333333,0.010070408842814488,0.2553474151018963
RSPRY1,0.11989089661105362,0.09185847134816627,0.02803242526288735,up_in_CKD,1.768887990332982,4.818955462550044,9.020824515484185e-05,0.007330367484431266,25.60062045554391,1.8099512846239214e-05,0.10586034520146835,0.0019999999999999983,0.0,0.0,0.7904761904761906,0.7833333333333332,0.9111111111111111,0.2833333333333332,0.06896551724137925,0.0,0.5666666666666664,0.004912218860449132,0.25523531733530813
TMEM144,0.03272746350632798,0.022113737619189153,0.010613725887138825,up_in_CKD,1.6150130018554987,4.399944796441205,0.00024557584417872605,0.013119991233194923,21.34036633223708,6.371681497848013e-05,0.03226107571375815,0.00010526315789473725,0.0,0.0,0.819047619047619,0.8166666666666667,0.8416666666666666,0.31666666666666665,0.0036297640653357678,0.0,0.6333333333333333,0.0014970049859359623,0.2550846399566548
MST1R,0.00604824010739228,0.0013545130145426556,0.004693727092849624,up_in_CKD,1.7633014688408244,4.737100607347953,0.00015057403232668126,0.009986103154814675,25.439171481950808,1.8947941862225087e-05,0.01655791033695113,0.00010541642399534077,0.0,0.0,0.8190476190476191,0.8166666666666667,0.75,0.31666666666666665,0.0036350491032876133,0.0,0.6333333333333333,0.0007683337825131974,0.254941019731151
MBTD1,0.07067458558826493,0.04628117327198536,0.024393412316279575,up_in_CKD,1.6371940293203884,4.5168045903250755,0.00014667588191760535,0.009885614532265018,21.930580551619055,5.317579277177386e-05,0.08007303509120683,0.0010000000000000007,0.0,0.0,0.7904761904761904,0.8,0.836111111111111,0.30000000000000004,0.03448275862068968,0.0,0.6000000000000001,0.0037156148739157483,0.25453622642305906
ZNRF2,0.13367730707560904,0.1016134954430214,0.03206381163258765,up_in_CKD,1.66283212090074,4.856877232568299,3.246610841305219e-05,0.0038919082853828262,22.62281450972116,4.313225194323811e-05,0.1284846643609766,9.469938061237196e-19,0.0,0.0,0.8142857142857143,0.8166666666666667,0.8638888888888889,0.31666666666666665,3.2654958831852404e-17,0.0,0.6333333333333333,0.005962051137763637,0.2545257435608861
ETV4,0.03933627181785961,0.010846947176459678,0.028489324641399937,up_in_CKD,1.8327330691349604,4.888442993815352,0.00012879625012517278,0.00920290447322971,27.481995022097877,1.0720048652019722e-05,0.10631025504879321,9.481304630298832e-19,0.0,0.0,0.8095238095238095,0.8166666666666667,0.8388888888888889,0.31666666666666665,3.269415389758218e-17,0.0,0.6333333333333333,0.004933095947457728,0.2543199525228249
B3GALT5,0.008466600763667554,0.00035909032570816113,0.008107510437959393,up_in_CKD,1.919265113450036,5.009630626524522,0.00017721053542013988,0.010970560974842981,30.138370164870377,5.271437079202491e-06,0.03049494461573271,8.280413391995957e-19,0.0,0.0,0.8142857142857144,0.8166666666666667,0.8527777777777776,0.31666666666666665,2.855314962757227e-17,0.0,0.6333333333333333,0.001415051517210395,0.25361634363677543
EFCAB12,0.006045264868738367,0.0018738999815386724,0.004171364887199694,up_in_CKD,1.8758129540897577,5.173938128373975,2.8190770330416662e-05,0.003555714118632119,28.789152862344075,7.5281878995702705e-06,0.01916326349914638,2.1312316990572187e-18,0.0,0.0,0.8142857142857143,0.8166666666666667,0.8388888888888889,0.31666666666666665,7.349074824335237e-17,0.0,0.6333333333333333,0.0008892295241349505,0.2535111792381604
PAPPA-AS1,0.00268690278729046,0.00027438747629787225,0.0024125153109925876,up_in_CKD,2.2143873735789015,5.874910200019326,2.013833834090806e-05,0.002921065976348714,40.11963905671908,4.760777806441473e-07,0.013539695018385197,9.904930905969527e-19,0.0,0.0,0.8238095238095238,0.8166666666666667,0.95,0.31666666666666665,3.415493415851561e-17,0.0,0.6333333333333333,0.000628280071328526,0.2534589893475991
MSMP,0.002364146947855547,0.00038743839835701674,0.00197670854949853,up_in_CKD,1.6510695742126542,4.486077222699167,0.0002104695663905651,0.012114528017837883,22.303887863651628,4.7481883634720545e-05,0.0062554806541915845,5.366077952354921e-19,0.0,0.0,0.8238095238095238,0.8166666666666667,0.8,0.31666666666666665,1.8503717077085935e-17,0.0,0.6333333333333333,0.0002902719615377596,0.2533913877256409
SPN,0.04567743851414066,0.014485691620897558,0.031191746893243104,up_in_CKD,1.6346761625235715,4.296544088027702,0.0006123151506505292,0.02192995372885414,21.863177642641002,5.427939201128328e-05,0.08458784103894663,0.00021570733556580728,0.0,0.0,0.819047619047619,0.8083333333333332,0.8277777777777778,0.30833333333333324,0.007438183985027838,0.0,0.6166666666666665,0.003925114615160195,0.25042696318370977
UNC5CL,0.04993977580053808,0.017610223526482685,0.032329552274055394,up_in_CKD,1.847905759833876,4.985757917427823,7.753807599550887e-05,0.006674481856995558,27.938910250040845,9.465171278136571e-06,0.12997357204320922,0.001000000000000002,0.0,0.0,0.7857142857142857,0.7916666666666667,0.8444444444444444,0.29166666666666674,0.034482758620689724,0.0,0.5833333333333335,0.006031140657396426,0.24833266491308856
TMEM63A,0.09971916210028252,0.06406527570950964,0.03565388639077288,up_in_CKD,1.8752196086915975,5.151689986033119,3.29206539919747e-05,0.0039011716074381407,28.770942933993826,7.564921056897988e-06,0.1610499691870058,2.0187581246670894e-18,0.0,0.0,0.7952380952380953,0.8083333333333332,0.95,0.30833333333333324,6.961234912645136e-17,0.0,0.6166666666666665,0.007473173213345881,0.24816130130933578
RNF217,0.06110143188240078,0.03412553045766074,0.026975901424740045,up_in_CKD,1.6854303451352404,4.489816178258862,0.00031215473716013847,0.015143158737484308,23.241890031567497,3.585658327424053e-05,0.08273828293858106,0.0010000000000000024,0.0,0.0,0.7904761904761906,0.7916666666666666,0.825,0.29166666666666663,0.03448275862068974,0.0,0.5833333333333333,0.003839289898012132,0.24789429476121164
RAP1GDS1,0.09869950722401045,0.07517635249458872,0.023523154729421736,up_in_CKD,1.6357928531890613,4.580624946318705,9.734222748078576e-05,0.007822432186198323,21.893058478999716,5.378716080289472e-05,0.08106211829000065,3.12285809747127e-18,0.0,0.0,0.8142857142857143,0.8083333333333333,0.85,0.30833333333333335,1.0768476198176793e-16,0.0,0.6166666666666667,0.003761511126515546,0.24741896889196988
PRICKLE2,0.04848554171729856,0.03245700550005932,0.016028536217239243,up_in_CKD,1.584715073735069,4.268320635834854,0.00041174762820856553,0.017336427713106655,20.547178894825738,8.153412187301063e-05,0.044731593315527646,0.00010796460176991128,0.0,0.0,0.8,0.8,0.8583333333333332,0.30000000000000004,0.003722917302410734,0.0,0.6000000000000001,0.002075672206852273,0.2419043013623348
ARNT,0.08735905500558952,0.06298646451762814,0.02437259048796138,up_in_CKD,1.9456308937450202,5.471143033577211,8.284949366703809e-06,0.001657561249159155,30.97210561114129,4.247058754018551e-06,0.13185293304554485,0.0018945835760046585,0.0,0.0,0.7619047619047619,0.7666666666666666,0.8444444444444444,0.2666666666666666,0.06533046813809168,0.0,0.5333333333333332,0.006118348313329307,0.2406891902512358
TTC30B,0.03600516165773512,0.023093936904831268,0.01291122475290385,up_in_CKD,1.5649702755371229,4.665863537241122,6.467381326974821e-05,0.005994208699538006,20.038352427120586,9.57169040391644e-05,0.04490244549408413,8.881784197001247e-19,0.0,0.0,0.7904761904761906,0.7999999999999998,0.8111111111111111,0.2999999999999998,3.062684205862499e-17,0.0,0.5999999999999996,0.002083600230251939,0.24041672004605028
UNC79,0.0036781731397544466,0.001060073985701989,0.002618099154052458,up_in_CKD,1.6544775996319976,4.702645966593857,5.748776949484824e-05,0.005558288157255102,22.396059226505916,4.617864918393843e-05,0.009767982653073671,1.1442014469418354e-18,0.0,0.0,0.7952380952380953,0.8,0.8916666666666666,0.30000000000000004,3.945522230833915e-17,0.0,0.6000000000000001,0.0004532619700573477,0.24009065239401153
PAPPA2,0.23359020065960598,0.08415896448408877,0.1494312361755172,up_in_CKD,1.6119641567767935,4.298699201933277,0.0004625063616473763,0.01868706065653257,21.259869076907336,6.531916115181089e-05,0.41634739660177866,1.2212453270876714e-18,0.0,0.0,0.7857142857142857,0.7916666666666666,0.7166666666666666,0.29166666666666663,4.211190783060936e-17,0.0,0.5833333333333333,0.019319694548452917,0.23719727224302392
CCDC51,0.0746192001493172,0.049182564909987084,0.02543663523933011,up_in_CKD,1.8052521672512154,4.996248740223054,4.0794590904146566e-05,0.0044640360409861565,26.664016805715352,1.3431437272218433e-05,0.10792342534503156,0.000125514403292181,0.0,0.0,0.7857142857142858,0.7916666666666666,0.861111111111111,0.29166666666666663,0.0043280828721441724,0.0,0.5833333333333333,0.005007951603172974,0.23606615680282558
COL27A1,0.1022626004426546,0.05371928456110136,0.048543315881553244,up_in_CKD,1.7441910975252488,4.677175199939842,0.0001794312771816214,0.011048408186961622,24.890748420160897,2.216162458298987e-05,0.16567150339770437,0.0010000000000000002,0.0,0.0,0.7809523809523808,0.7749999999999999,0.8138888888888888,0.2749999999999999,0.03448275862068967,0.0,0.5499999999999998,0.007687625447284842,0.2353306285377328
DOCK11,0.07004397103228538,0.031129114207716618,0.03891485682456876,up_in_CKD,1.6468951547405837,4.394859681442635,0.00037007356857945083,0.016541582853754063,22.19124805124736,4.912805520402629e-05,0.11416906075646167,0.0010190705801086271,0.0,0.0,0.7571428571428571,0.7749999999999999,0.8833333333333332,0.2749999999999999,0.03514036483133197,0.0,0.5499999999999998,0.005297766717653542,0.23511569927606343
PIFO,0.051559897209485256,0.03246742438160499,0.019092472827880264,up_in_CKD,1.7743543372474329,4.7945996702800775,0.00011539711927793596,0.008556007761648754,25.759090751799082,1.7306041580601968e-05,0.07004806078507024,0.0009999999999999996,0.0,0.0,0.7809523809523808,0.7749999999999999,0.8277777777777777,0.2749999999999999,0.03448275862068964,0.0,0.5499999999999998,0.003250427765670431,0.2344431890014099
RCBTB2,0.09549154684437983,0.06726295082616186,0.028228596018217963,up_in_CKD,1.7208459429694665,4.697552348873992,0.00011541426433827451,0.008556007761648754,24.228906213554765,2.6833207563879657e-05,0.1004441976462966,0.0,0.0,0.0,0.7952380952380953,0.7916666666666666,0.8277777777777777,0.29166666666666663,0.0,0.0,0.5833333333333333,0.00466089432413805,0.2342655121981609
RAB3D,0.0653154665806229,0.04202503903435938,0.023290427546263523,up_in_CKD,1.6394410539532114,4.418016713075536,0.00028965804730516747,0.01458615598646497,21.990820658622688,5.2209728846300676e-05,0.07010676614269268,0.0,0.0,0.0,0.7904761904761904,0.7916666666666666,0.8694444444444445,0.29166666666666663,0.0,0.0,0.5833333333333333,0.0032531518599889743,0.23398396370533112
FLVCR2,0.019036633711351513,0.007929205326193726,0.011107428385157787,up_in_CKD,1.6042729020390576,4.334154507481491,0.0003347961193477476,0.015818298733352047,21.057476270864893,6.954106036264345e-05,0.03208979576014908,0.0,0.0,0.0,0.7857142857142857,0.7916666666666665,0.7611111111111112,0.2916666666666665,0.0,0.0,0.583333333333333,0.0014890571125662497,0.23363114475584648
ZFP64,0.024931310305219813,0.01636035071800151,0.008570959587218301,up_in_CKD,1.5777051045213222,4.375213722647047,0.00019325311292497555,0.011441373073374573,20.365800519539746,8.631375019179041e-05,0.026254125756772898,2.545459719448437e-18,0.0,0.0,0.7904761904761904,0.7916666666666666,0.8527777777777779,0.29166666666666663,8.777447308442887e-17,0.0,0.5833333333333333,0.0012182655503492005,0.2335769864434032
TLR6,0.010679306430101593,0.0017402772506076723,0.00893902917949392,up_in_CKD,1.6179411531908505,4.267343890992561,0.0006086654949639904,0.021869663884864766,21.417820160633497,6.221461232751841e-05,0.024010570035391622,1.8354504693393623e-18,0.0,0.0,0.7952380952380953,0.7916666666666666,0.7166666666666666,0.29166666666666663,6.329139549446077e-17,0.0,0.5833333333333333,0.0011141582313331578,0.23355616497959997
RBBP8NL,0.005385339297175492,0.0016777772902946055,0.0037075620068808867,up_in_CKD,1.6404409133483178,4.495650122615921,0.00017453991492283438,0.010936075446892927,22.017652283348692,5.1785479332873984e-05,0.011927715765819203,1.0695734561141823e-18,0.0,0.0,0.7904761904761906,0.7916666666666666,0.9,0.29166666666666663,3.6881843314282153e-17,0.0,0.5833333333333333,0.0005534796834019851,0.23344402927001373
ASCL2,0.04466812292868745,0.017298786060224433,0.027369336868463018,up_in_CKD,1.940034889070107,5.2235552738951485,4.818664162967129e-05,0.004939556444087506,30.794198488439413,4.44631641337678e-06,0.1224593311006513,0.0012108328479906816,0.0,0.0,0.7571428571428571,0.7666666666666665,0.9111111111111111,0.2666666666666665,0.041752856827264886,0.0,0.533333333333333,0.005682458665005945,0.23117096779724033
RCAN3,0.09801347694975883,0.057285153900637424,0.040728323049121405,up_in_CKD,1.7057306575533298,4.693845902324873,9.866377847986419e-05,0.007842911531962085,23.805139713687122,3.0368656789055574e-05,0.1462739228367061,0.00012431318681319013,0.0,0.0,0.7904761904761906,0.7833333333333332,0.8722222222222221,0.2833333333333332,0.004286661614247936,0.0,0.5666666666666664,0.006787522950004345,0.2297388359023666
TFAP4,0.04308628856249524,0.024258055030570953,0.018828233531924286,up_in_CKD,1.5706089677754882,4.36808598909517,0.00018851412806737255,0.01127175616584669,20.18301160628278,9.143450432297041e-05,0.0576061004932683,0.001107964601769912,0.0,0.0,0.7619047619047619,0.7666666666666666,0.8333333333333334,0.2666666666666666,0.03820567592310042,0.0,0.5333333333333332,0.0026730856845537244,0.2291502208394842
PLS1,0.11707509073152265,0.06495004758038836,0.052125043151134295,up_in_CKD,1.8710299614060817,5.101092031203461,4.526749767853628e-05,0.004758007636428759,28.642525498466544,7.829454295349671e-06,0.22651496076058036,2.7933600631172583e-18,0.0,0.0,0.7809523809523811,0.7833333333333332,0.8944444444444445,0.2833333333333332,9.632276079714684e-17,0.0,0.5666666666666664,0.010510933629626821,0.22876885339259195
ABCC3,0.06681938167442086,0.015620306614511763,0.0511990750599091,up_in_CKD,1.977065751035797,5.194687383195724,0.00010380427358608106,0.008095059077237128,31.981000777516957,3.283181812577566e-06,0.21173820629817167,0.0,0.0,0.0,0.7809523809523811,0.7833333333333332,0.925,0.2833333333333332,0.0,0.0,0.5666666666666664,0.009825250507884431,0.22863171676824345
WASF1,0.02177600045368309,0.01115706660746912,0.010618933846213971,up_in_CKD,1.9731913768455025,5.590984834538963,5.136016015393552e-06,0.001336658356295869,31.855779897197326,3.38896873232373e-06,0.06021903649652616,0.0009999999999999996,0.0,0.0,0.761904761904762,0.7666666666666666,0.8833333333333332,0.2666666666666666,0.03448275862068964,0.0,0.5333333333333332,0.002794333291407096,0.22768530343989057
SKP2,0.023179598477960434,0.013471009713816137,0.009708588764144297,up_in_CKD,1.7261316975308563,4.840014271475893,4.7664203069484334e-05,0.004903328124275675,24.377977940897086,2.5696200276862788e-05,0.03870345187747925,1.726260888192707e-18,0.0,0.0,0.7857142857142858,0.7833333333333333,0.8722222222222221,0.2833333333333333,5.952623752388645e-17,0.0,0.5666666666666667,0.001795949426720761,0.22702585655201085
SLC38A9,0.05254977764796186,0.029756841165731365,0.02279293648223049,up_in_CKD,2.027603687031019,5.497006851267576,2.1215670640814064e-05,0.003039534690168571,33.63690036814185,2.1718284203999303e-06,0.11633217551969834,0.0018708272859216254,0.0,0.0,0.7523809523809523,0.7499999999999999,0.8666666666666668,0.2499999999999999,0.06451128572143536,0.0,0.4999999999999998,0.005398141349127346,0.22688414255839953
KIF5A,0.008510273383086927,0.0027651044189044446,0.005745168964182482,up_in_CKD,1.837870108920096,4.90937853080288,0.00011861836977959911,0.008648090811581051,27.636271668507,1.0277574997461445e-05,0.021783799862555728,3.5461829551262357e-19,0.0,0.0,0.7857142857142857,0.7833333333333333,0.8944444444444445,0.2833333333333333,1.2228217086642193e-17,0.0,0.5666666666666667,0.001010829809155121,0.22686883262849772
ADAM10,0.2949120344069471,0.174322619227478,0.12058941517946908,up_in_CKD,1.6032800536439207,4.267174630909576,0.0005137931094935789,0.019649299950053944,21.031420339738254,7.010540462144013e-05,0.3299618926887416,0.0,0.0,0.0,0.7857142857142857,0.775,0.7361111111111112,0.275,0.0,0.0,0.55,0.015311163301143732,0.2230622326602288
FLRT3,0.15689166083295378,0.0840551104237232,0.07283655040923058,up_in_CKD,1.9108004129491956,5.285668798270425,1.9804713185181808e-05,0.002921065976348714,29.87311269376485,5.6502586744544405e-06,0.3527360951239523,0.0008905380333951762,0.0,0.0,0.7571428571428571,0.7583333333333333,0.8333333333333334,0.2583333333333333,0.030708208048109528,0.0,0.5166666666666666,0.016367950585570393,0.22222354000302458
TP53,0.12450836986244501,0.06624912222591686,0.05825924763652815,up_in_CKD,1.8511471587066828,4.888481528711082,0.0001659404658795009,0.010642137319722505,28.037011116991287,9.216752757812309e-06,0.21277791527536805,5.375816750816544e-19,0.0,0.0,0.780952380952381,0.775,0.8333333333333334,0.275,1.8537299140746704e-17,0.0,0.55,0.009873495939518367,0.2219746991879037
FAM117B,0.06713365292510938,0.04084117972337954,0.026292473201729838,up_in_CKD,1.7197021724766686,4.93581038444322,2.726869611542886e-05,0.0035281770915002336,24.196709143807965,2.708576128668146e-05,0.11088805735473455,0.0010000000000000009,0.0,0.0,0.7619047619047619,0.7583333333333333,0.8583333333333334,0.2583333333333333,0.03448275862068969,0.0,0.5166666666666666,0.005145518897561055,0.22148887389445476
ETV1,0.05647617377928935,0.023647918331022737,0.03282825544826662,up_in_CKD,1.718109993731261,4.586522538346965,0.0002420426060274837,0.013003066668254262,24.151925050030087,2.7441273350599467e-05,0.10637263376628063,0.001,0.0,0.0,0.7571428571428571,0.7583333333333333,0.8,0.2583333333333333,0.03448275862068966,0.0,0.5166666666666666,0.004935990496043878,0.2214469682141513
TNIK,0.05487198884281382,0.028974121413530667,0.025897867429283156,up_in_CKD,1.6326926791712755,4.529026596714399,0.00012942086203682874,0.00922481377810418,21.810153146886634,5.516474838131158e-05,0.08604822364619986,0.0009999999999999996,0.0,0.0,0.7571428571428571,0.7583333333333332,0.8444444444444443,0.2583333333333332,0.03448275862068964,0.0,0.5166666666666664,0.0039928804907878295,0.22125834621309998
ANO9,0.05190071737290618,0.024814652362284605,0.027086065010621573,up_in_CKD,1.615969545745447,4.298497895228191,0.0004853862903277282,0.018965602973053997,21.36565286817338,6.3222174018269e-05,0.07537384065594772,1.94982918699793e-18,0.0,0.0,0.7809523809523811,0.775,0.775,0.275,6.723548920682517e-17,0.0,0.55,0.003497558986322844,0.22069951179726463
MARCKS,0.43584651024921783,0.25556155201850106,0.18028495823071677,up_in_CKD,1.7859411913055079,4.862346450270284,8.256273401754801e-05,0.006843271182425908,26.09661222655967,1.5737072072341742e-05,0.6969981692020923,1.0869083411080275e-18,0.0,0.0,0.761904761904762,0.7666666666666666,0.8861111111111111,0.2666666666666666,3.747959796924233e-17,0.0,0.5333333333333332,0.03234268267250599,0.2198018698678345
LINC02471,0.037328382987835806,0.0025613109197847555,0.034767072068051054,up_in_CKD,1.5713483084777515,4.0957574705354025,0.001064223137730551,0.029571947534064443,20.20201778091183,9.088724611465075e-05,0.08353763377306606,0.002000000000000001,0.0,0.0,0.7285714285714285,0.7333333333333333,0.9277777777777777,0.23333333333333328,0.06896551724137935,0.0,0.46666666666666656,0.003876382033294707,0.21502814996987735
MTFR2,0.0031603433186557137,0.00048017815830880557,0.002680165160346908,up_in_CKD,1.7342009024495426,4.652876117749373,0.00018709659915190443,0.011260730998748438,24.606431755010245,2.4052343807719574e-05,0.009056211041657108,0.001000000000000001,0.0,0.0,0.7571428571428571,0.7499999999999999,0.7944444444444445,0.2499999999999999,0.034482758620689696,0.0,0.4999999999999998,0.0004202337579607541,0.21387715019986797
C7orf57,0.0021522712510976066,0.0004228611988825889,0.0017294100522150177,up_in_CKD,1.6925058017820052,4.627237541238561,0.00013256089436284042,0.009356670426924575,23.437439092356122,3.384004718382306e-05,0.00593860200941938,0.0,0.0,0.0,0.7619047619047619,0.7666666666666666,0.775,0.2666666666666666,0.0,0.0,0.5333333333333332,0.0002755678978738713,0.21338844691290806
AC079630.1,0.03752110806973719,0.009957372433559389,0.027563735636177804,up_in_CKD,1.584981943869408,4.218525989331972,0.0005706729983236043,0.02109431643360152,20.55409987411676,8.135743451238105e-05,0.07321389856356748,0.0018750000000000004,0.0,0.0,0.7285714285714285,0.7333333333333333,0.9333333333333333,0.23333333333333328,0.06465517241379312,0.0,0.46666666666666656,0.003397331575733208,0.21320820194733053
UBXN11,0.0976818722609815,0.0642937770973059,0.03338809516367561,up_in_CKD,1.5823506307520252,4.232951867775341,0.0005043860095875351,0.019380447865078667,20.48591060706544,8.311624220618165e-05,0.09048143596794338,0.00012742382271468475,0.0,0.0,0.7523809523809524,0.7583333333333332,0.8166666666666667,0.2583333333333332,0.004393924921196026,0.0,0.5166666666666664,0.004198594057447745,0.20926395544663454
RUNX1,0.055786691202798666,0.02060302885580596,0.0351836623469927,up_in_CKD,1.6676703587506225,4.537758992059631,0.00018089382945981356,0.011071160322002513,22.754654390089883,4.146023504457847e-05,0.11475648014848001,0.00010630841121495506,0.0,0.0,0.7571428571428571,0.7583333333333333,0.6000000000000001,0.2583333333333333,0.0036658072832743125,0.0,0.5166666666666666,0.005325024635724511,0.2091979945071213
FAM227A,0.020047181689002772,0.008175447933330112,0.01187173375567266,up_in_CKD,1.9055598599815098,5.197289542825398,3.5656947693210554e-05,0.004104793859444595,29.709477654322512,5.8983462555100296e-06,0.05399283740921848,0.0001054164239953421,0.0,0.0,0.761904761904762,0.7583333333333332,0.9166666666666666,0.2583333333333332,0.003635049103287659,0.0,0.5166666666666664,0.0025054200772344323,0.2086217703234285
ZNF608,0.08071071410947424,0.04015740926791007,0.04055330484156417,up_in_CKD,1.9168021102173405,5.149378287335801,6.0496943003517936e-05,0.005769089091137679,30.0610663341844,5.378958943793481e-06,0.17403508990651387,1.2529737596051456e-18,0.0,0.0,0.7523809523809524,0.7583333333333332,0.95,0.2583333333333332,4.3205991710522265e-17,0.0,0.5166666666666664,0.008075719471646687,0.20828181056099593
WDR19,0.07039291125891206,0.04350421428406471,0.026888696974847352,up_in_CKD,1.5910037143855063,4.254585228177823,0.0004839293202815962,0.018965602973053997,20.710577611542092,7.746986998132664e-05,0.07366861537341576,1.089542399656648e-18,0.0,0.0,0.7571428571428571,0.7583333333333333,0.8222222222222222,0.2583333333333333,3.757042757436718e-17,0.0,0.5166666666666666,0.0034184317193729154,0.20735035301054128
ECT2,0.0370994028420195,0.01915726175597625,0.01794214108604325,up_in_CKD,1.826074696715709,4.9522318943656805,7.348665642744457e-05,0.006451906162688608,27.28267198351665,1.1322025465244813e-05,0.07176270163857351,1.5583032322761582e-18,0.0,0.0,0.761904761904762,0.7583333333333332,0.8111111111111111,0.2583333333333332,5.3734594216419254e-17,0.0,0.5166666666666664,0.003329991941693527,0.20733266505500528
MARCH1,0.04063503043712749,0.013429242207699834,0.027205788229427656,up_in_CKD,1.5878956655232304,4.1975409128656835,0.0006752740676598508,0.023128336130829128,20.62973981935196,7.945283582782928e-05,0.07066888578598693,1.0463852007092096e-18,0.0,0.0,0.7619047619047619,0.7583333333333333,0.8444444444444444,0.2583333333333333,3.6082248300317576e-17,0.0,0.5166666666666666,0.0032792357982981105,0.20732251382632633
SLFN13,0.03385300997116776,0.012034135387435372,0.02181887458373239,up_in_CKD,1.631726817047626,4.29674700207685,0.0005907484304568965,0.02150264989655529,21.784356044773983,5.560104850978785e-05,0.059367358723714306,0.0,0.0,0.0,0.7571428571428571,0.7583333333333333,0.8638888888888889,0.2583333333333333,0.0,0.0,0.5166666666666666,0.002754813038467531,0.20721762927436016
TNFSF10,0.5143888676372552,0.287622546428254,0.2267663212090012,up_in_CKD,1.6584808465193142,4.504089848490008,0.00020356966717581312,0.011811112089540677,22.504571331311627,4.469311904183777e-05,0.7249875305833042,0.001000000000000002,0.0,0.0,0.7238095238095238,0.7333333333333332,0.7833333333333334,0.23333333333333317,0.034482758620689724,0.0,0.46666666666666634,0.03364146805438862,0.20718806372582016
SLC6A20,0.01751345040398765,0.0017115068549741555,0.015801943549013493,up_in_CKD,1.5927146973798216,4.1649335045192,0.000876878947627338,0.026333600694274407,20.75514633204298,7.639924812145587e-05,0.03975257876254446,1.496303081438554e-18,0.0,0.0,0.7523809523809525,0.7583333333333332,0.7944444444444445,0.2583333333333332,5.159665798063979e-17,0.0,0.5166666666666664,0.001844631875866507,0.20703559304183988
POU2F2,0.04726889859217086,0.01549605478164182,0.03177284381052904,up_in_CKD,1.7336542001885271,4.583695830304513,0.0003009562142783233,0.014848196898323398,24.59091997498353,2.4160330548518606e-05,0.10070992353143528,0.00012500000000000195,0.0,0.0,0.7523809523809524,0.75,0.8111111111111111,0.25,0.0043103448275862745,0.0,0.5,0.004673224755351018,0.20265878288210473
EFHC1,0.1378060634842844,0.07068271766810746,0.06712334581617693,up_in_CKD,1.5909797173236881,4.20731991373773,0.0006569385887415538,0.022830399656718653,20.709952862198413,7.748499096802994e-05,0.1752974307022996,1.2041649728626692e-18,0.0,0.0,0.7523809523809523,0.7499999999999999,0.8472222222222221,0.2499999999999999,4.152293009871273e-17,0.0,0.4999999999999998,0.00813429564815142,0.20162685912963024
SATB2,0.034577335692183145,0.00960874153547924,0.024968594156703904,up_in_CKD,1.8448752009098723,4.99869363953758,6.751835210015223e-05,0.006120960607579425,27.847345965809268,9.703486868862206e-06,0.10194781022403608,0.0010000000000000005,0.0,0.0,0.7333333333333333,0.7333333333333333,0.875,0.23333333333333328,0.034482758620689676,0.0,0.46666666666666656,0.004730666192434187,0.20140590335342934
ZNF799,0.020345727065756884,0.011704986304702524,0.00864074076105436,up_in_CKD,2.06987157287096,5.79188250185376,3.9806972377112865e-06,0.0011783676210816779,35.05392268510337,1.5382637614738945e-06,0.05238079794830088,0.002,0.0,0.0,0.7142857142857142,0.7166666666666666,0.8722222222222221,0.21666666666666656,0.06896551724137932,0.0,0.4333333333333331,0.002430616895470409,0.20140566360897907
BMP2K,0.09643019818348465,0.06378458402954625,0.03264561415393841,up_in_CKD,1.840083061794246,5.034108940734185,4.8677201417173604e-05,0.004954826712674408,27.70286460792617,1.0092638196184926e-05,0.13846111876512635,1.85210643118457e-18,0.0,0.0,0.7571428571428571,0.75,0.8805555555555555,0.25,6.386573900636449e-17,0.0,0.5,0.00642498678558538,0.2012849973571171
ARMC3,0.004928629549184721,0.0006861637445699945,0.004242465804614726,up_in_CKD,1.6940636274929737,4.475799053291811,0.0003821018239869223,0.01664380467546639,23.480603787228976,3.341144403738267e-05,0.01278386995851548,3.5487485965696953e-19,0.0,0.0,0.7571428571428571,0.7499999999999999,0.7861111111111111,0.2499999999999999,1.2237064126102399e-17,0.0,0.4999999999999998,0.0005932076548610931,0.20011864153097214
RPA4,0.0025846154285426005,0.0004759470398549611,0.0021086683886876395,up_in_CKD,1.7286544850416727,4.685352338228862,0.0001386310397292541,0.009598297046648356,24.44928814353836,2.5170577437687463e-05,0.007355223158461632,1.6098233857064748e-18,0.0,0.0,0.7571428571428571,0.75,0.7777777777777778,0.25,5.551115123125775e-17,0.0,0.5,0.0003413031183021904,0.20006826062366048
HNF1B,0.22066255245896835,0.12910754444683428,0.09155500801213406,up_in_CKD,1.8427348252309295,5.039569754804922,4.8464965844891115e-05,0.004950593870282716,27.78276793188162,9.875408544823158e-06,0.3889380593969454,0.000894145476049676,0.0,0.0,0.7238095238095238,0.725,0.8666666666666666,0.22499999999999998,0.030832602622402623,0.0,0.44999999999999996,0.018047823925758932,0.19594260583411283
FLCN,0.040477427079396944,0.02256157131909797,0.017915855760298974,up_in_CKD,2.1870331197325585,5.99903940304156,4.463359462181858e-06,0.001257107359202871,39.13456800114922,5.938900159059818e-07,0.11365404496051174,0.0010000000000000002,0.0,0.0,0.7190476190476189,0.7249999999999999,0.8166666666666667,0.22499999999999987,0.03448275862068967,0.0,0.44999999999999973,0.005273868530835052,0.1948478771544428
STK38,0.10002574506543947,0.0647893115031995,0.035236433562239974,up_in_CKD,1.9265595383449878,5.211543842049137,4.332776923007262e-05,0.004638149761492276,30.367895357356787,4.965476258006798e-06,0.15842038889914795,2.3483651670437452e-18,0.0,0.0,0.7333333333333334,0.7416666666666666,0.9277777777777778,0.24166666666666659,8.097810920840501e-17,0.0,0.48333333333333317,0.007351153264700357,0.19480356398627338
TSPAN1,0.6393737659368703,0.3115907907431898,0.32778297519368055,up_in_CKD,1.602316008666481,4.205071914861595,0.0007584132263369796,0.024588456175889922,21.00613574969086,7.065771931532429e-05,0.8452071053415925,1.903185960904324e-18,0.0,0.0,0.7285714285714285,0.7333333333333332,0.8388888888888888,0.23333333333333317,6.56271021001491e-17,0.0,0.46666666666666634,0.039219995702290594,0.19451066580712467
MCM7,0.11181747375153957,0.07667694892280738,0.035140524828732186,up_in_CKD,1.5676821877136355,4.266874895086231,0.0003435924369836001,0.01603543317556642,20.10786088642863,9.363308502463806e-05,0.09888062334676392,3.0919023791213282e-18,0.0,0.0,0.7333333333333334,0.7416666666666666,0.8777777777777779,0.24166666666666659,1.0661732341797685e-16,0.0,0.48333333333333317,0.004588340062679139,0.19425100134586915
KCNIP4,0.053211987248028704,0.02604982048146464,0.027162166766564064,up_in_CKD,1.7392984128650884,4.642780064758805,0.0002145491358860561,0.012161320646771508,24.75130065541376,2.3068332608869195e-05,0.09047147237881899,9.77968892952394e-19,0.0,0.0,0.7476190476190475,0.7416666666666666,0.736111111111111,0.24166666666666659,3.372306527422048e-17,0.0,0.48333333333333317,0.004198131718785223,0.1941729596770903
SPATA6L,0.026467512188461672,0.009908389879355899,0.01655912230910577,up_in_CKD,1.6987464438168427,4.585017515263923,0.00019143749241139926,0.011367105381408728,23.61059574856666,3.215531674928845e-05,0.054694082875600084,0.0,0.0,0.0,0.7333333333333334,0.7416666666666666,0.8944444444444443,0.24166666666666659,0.0,0.0,0.48333333333333317,0.0025379598464861613,0.1938409253026305
YDJC,0.13360205779089868,0.09435753265166158,0.039244525139237096,up_in_CKD,1.6068858379318496,4.32586583123388,0.0003644452749306439,0.01635188824799525,21.126126241194076,6.807727010409245e-05,0.11265503659475999,9.930548447048942e-19,0.0,0.0,0.7285714285714285,0.7333333333333333,0.7277777777777777,0.23333333333333328,3.424327050706532e-17,0.0,0.46666666666666656,0.005227511722469723,0.18771216901116058
CFI,0.32459186438231863,0.17713787330469988,0.14745399107761875,up_in_CKD,1.8130316518177627,4.816176438102719,0.00016618022081469475,0.010642137319722505,26.89432175857946,1.2600920214006879e-05,0.5274516446947416,2.1869337616551456e-18,0.0,0.0,0.7285714285714285,0.725,0.8166666666666667,0.22499999999999998,7.541150902259123e-17,0.0,0.44999999999999996,0.024475245306572888,0.1848950490613146
GPC4,0.12816259306112962,0.06674766406645351,0.06141492899467611,up_in_CKD,1.7203883753413411,4.580564820053023,0.00025969216826640873,0.013509346524364143,24.216023143715063,2.6933959482402263e-05,0.19751255795429626,0.0019999999999999996,0.0,0.0,0.6952380952380952,0.6916666666666667,0.8305555555555555,0.19166666666666665,0.0689655172413793,0.0,0.3833333333333333,0.009165140265811157,0.18275256828304728
CHL1,0.2058201362351874,0.11678623457025797,0.08903390166492944,up_in_CKD,1.5845013046102243,4.29224502335277,0.00035154060968003645,0.016187608074314058,20.541635871639564,8.167592654457607e-05,0.25263835942456386,1.0732155904709841e-18,0.0,0.0,0.7285714285714285,0.725,0.861111111111111,0.22499999999999998,3.700743415417187e-17,0.0,0.44999999999999996,0.011723133073828818,0.18234462661476578
FAM181B,0.019399046636015833,0.00789653364420215,0.011502512991813683,up_in_CKD,1.6098095448588474,4.295285514371783,0.00046121918618257984,0.018661044060190573,21.20307357860713,6.647556590870624e-05,0.032016828869465795,0.00012448700410396812,0.0,0.0,0.7333333333333333,0.7249999999999999,0.736111111111111,0.22499999999999987,0.004292655313929935,0.0,0.44999999999999973,0.0014856712428534633,0.18201419637414257
YPEL2,0.12451039709223437,0.07616082715725941,0.048349569934974954,up_in_CKD,1.6669493355442822,4.543647402735254,0.00017233505217152694,0.01085882960065795,22.734982532221554,4.1705262469789604e-05,0.15830858868115363,1.369333672762974e-18,0.0,0.0,0.7285714285714285,0.725,0.9166666666666666,0.22499999999999998,4.721840250906808e-17,0.0,0.44999999999999996,0.007345965418974096,0.18146919308379483
RHOF,0.10438701443431327,0.056798063593668985,0.04758895084064428,up_in_CKD,1.6780786272523627,4.4476587011846265,0.00037936530622704887,0.016615703956308667,23.03957355742779,3.8078518441497005e-05,0.1421058163153725,1.3962226401069626e-18,0.0,0.0,0.7285714285714285,0.725,0.8722222222222221,0.22499999999999998,4.8145608279550435e-17,0.0,0.44999999999999996,0.006594111040875487,0.1813188222081751
NLN,0.06385618847150562,0.0403620917115465,0.023494096759959122,up_in_CKD,1.8457323579421478,5.02794521243079,5.499832082953244e-05,0.005390207051570055,27.87322857672012,9.63547985097889e-06,0.09836624082227458,3.7886360715333454e-19,0.0,0.0,0.7285714285714285,0.725,0.85,0.22499999999999998,1.3064262315632227e-17,0.0,0.44999999999999996,0.004564471261444142,0.18091289425228882
MILR1,0.0057228317514901,0.0006497172881248333,0.005073114463365266,up_in_CKD,1.7145048565633056,4.5581350336507835,0.00028140162551144833,0.01434522289546341,24.05067466237496,2.8263518743136456e-05,0.016032737570533903,1.832145546387663e-18,0.0,0.0,0.7333333333333334,0.7249999999999999,0.7416666666666666,0.22499999999999987,6.317743263405735e-17,0.0,0.44999999999999973,0.0007439642835919605,0.18014879285671834
MET,0.20716110312524974,0.11185341864557377,0.09530768447967597,up_in_CKD,1.627880562045006,4.357887110608744,0.00037728095195507273,0.0166083769593576,21.681778289596075,5.737271163232069e-05,0.2761153941138895,0.000124313186813188,0.0,0.0,0.7285714285714285,0.7166666666666666,0.7694444444444444,0.21666666666666656,0.004286661614247862,0.0,0.4333333333333331,0.012812533758937527,0.1776105047308199
RUFY3,0.1551052917888804,0.08979039215137122,0.0653148996375092,up_in_CKD,1.7709218893960004,4.74204579529336,0.00016076791595239176,0.010433729847380056,25.659526404615555,1.780012668302892e-05,0.22920230835999295,2.7012122697353105e-18,0.0,0.0,0.7238095238095238,0.7166666666666666,0.8083333333333333,0.21666666666666656,9.314525068052796e-17,0.0,0.4333333333333331,0.01063563414460525,0.17546046016225433
DOC2A,0.0120384096466477,0.005291142392847294,0.006747267253800406,up_in_CKD,1.6094662164663576,4.468385309848961,0.00014927569408922054,0.00997528573980163,21.19403047047162,6.666169956177058e-05,0.021730667613624435,0.00012917271407837557,0.0,0.0,0.7190476190476189,0.7166666666666666,0.8,0.21666666666666656,0.004454231519943986,0.0,0.4333333333333331,0.001008364322812698,0.1753166988058734
SPIN3,0.03421991623382659,0.014782259523775407,0.019437656710051186,up_in_CKD,1.5985515249202187,4.275539611438122,0.00046048758695030085,0.018661044060190573,20.90754800038437,7.285604541272994e-05,0.05372564412642128,0.00010541642399534072,0.0,0.0,0.7285714285714285,0.7166666666666666,0.7722222222222223,0.21666666666666656,0.003635049103287611,0.0,0.4333333333333331,0.0024930215546276543,0.17528595728557383
IQGAP3,0.002156000901136307,0.0,0.002156000901136307,up_in_CKD,1.5806100121776816,4.113898089541893,0.001053165107171285,0.029377230537537484,20.44086554124271,8.430033096470042e-05,0.005220707428094276,0.0009999999999999992,0.0,0.0,0.6761904761904762,0.7,0.8999999999999998,0.19999999999999996,0.03448275862068963,0.0,0.3999999999999999,0.00024225556268841515,0.17384155456081352
CTXN1,0.09597692880743698,0.035385716610675105,0.060591212196761876,up_in_CKD,1.9040660058080683,5.0136617605511145,0.0001393195348100812,0.00962299929723918,29.662914718422744,5.971044360389979e-06,0.23266480215111407,0.0011291727140783742,0.0,0.0,0.6904761904761905,0.6916666666666667,0.9333333333333332,0.19166666666666665,0.0389369901406336,0.0,0.3833333333333333,0.010796303631111866,0.17106739011580915
FLOT2,0.17294946638347708,0.12796201924558426,0.04498744713789282,up_in_CKD,1.7256576591939154,4.763585660994653,7.776542115355045e-05,0.006674481856995558,24.364590191465105,2.5796179689115673e-05,0.16889684543662656,8.881784197001245e-19,0.0,0.0,0.6952380952380952,0.7083333333333334,0.825,0.20833333333333337,3.062684205862498e-17,0.0,0.41666666666666674,0.007837290423011496,0.168234124751269
CDC42SE2,0.31440285044450245,0.23201856647979435,0.0823842839647081,up_in_CKD,1.6008180132954455,4.383239182590665,0.00023365281463372635,0.012789185193442265,20.966877095655082,7.15245092590583e-05,0.2496738131069115,3.548748596569696e-19,0.0,0.0,0.6952380952380952,0.7,0.85,0.19999999999999996,1.22370641261024e-17,0.0,0.3999999999999999,0.011585569755793794,0.16231711395115875
ORC4,0.19538479239016987,0.14570866819731026,0.049676124192859605,up_in_CKD,1.819641246143847,5.008327272357006,4.484906668748484e-05,0.004748435856218741,27.090771256373987,1.1935748369687848e-05,0.2100229237649162,9.413766062967469e-19,0.0,0.0,0.7,0.7,0.9083333333333332,0.19999999999999996,3.246126228609472e-17,0.0,0.3999999999999999,0.009745656556109374,0.16194913131122185
SESTD1,0.15322687169303517,0.10023482911084845,0.05299204258218672,up_in_CKD,1.704038755636371,4.586262775277202,0.00020283363379757413,0.011791991415766784,23.757938842178874,3.0792184607054645e-05,0.17413663317639294,2.4841240175987846e-18,0.0,0.0,0.7047619047619047,0.7,0.7805555555555556,0.19999999999999996,8.565944888271671e-17,0.0,0.3999999999999999,0.0080804313660251,0.16161608627320503
TRIM27,0.11412061702194033,0.08939053627675801,0.02473008074518232,up_in_CKD,1.7136921180858289,4.832551166693941,4.447241139038551e-05,0.004725804595000306,24.02787825482314,2.845224773881352e-05,0.09855512299963315,1.7317726892910159e-18,0.0,0.0,0.7047619047619048,0.7,0.7666666666666666,0.19999999999999996,5.97162996307247e-17,0.0,0.3999999999999999,0.0045732359276868,0.16091464718553736
ZNF300,0.02564005166885712,0.012975439148077922,0.012664612520779198,up_in_CKD,1.7854729912600322,4.77551274317676,0.00015356017470234058,0.010071632222997132,26.08293111151948,1.5797626956914473e-05,0.04515455219463765,4.857225732735058e-19,0.0,0.0,0.6952380952380952,0.7,0.7944444444444444,0.19999999999999996,1.6749054250810548e-17,0.0,0.3999999999999999,0.002095298692853282,0.16041905973857062
CCDC40,0.023406984688887654,0.011389210542539678,0.012017774146347976,up_in_CKD,1.6892268691277939,4.599708250756506,0.00015379983022363768,0.010071632222997132,23.346715216772363,3.4760132421361514e-05,0.0405385645443338,3.930739053657672e-18,0.0,0.0,0.6952380952380952,0.7,0.7444444444444445,0.19999999999999996,1.355427259881956e-16,0.0,0.3999999999999999,0.001881103834974542,0.16037622076699493
HIST1H2BH,0.002648129543892126,0.0,0.002648129543892126,up_in_CKD,1.5953077119280203,4.15215220564753,0.0009774591516985452,0.027992191501258434,20.822782056030128,7.480458377093956e-05,0.006560619154382315,1.1123455098192924e-18,0.0,0.0,0.7142857142857142,0.7,0.9,0.19999999999999996,3.835674171790664e-17,0.0,0.3999999999999999,0.00030443124935071187,0.16006088624987014
CSNK1G1,0.06895433338660653,0.047369675226174385,0.021584658160432146,up_in_CKD,1.7249644046171202,4.712156150435274,0.00010973394136279833,0.008333475760022597,24.34501797705897,2.5943092159461576e-05,0.07741339454887007,3.957610253622522e-18,0.0,0.0,0.6904761904761905,0.6833333333333333,0.7277777777777777,0.18333333333333335,1.3646931909043182e-16,0.0,0.3666666666666667,0.0035922000446024904,0.14738510667558724
RPGRIP1L,0.04939535194499087,0.029563460944991578,0.01983189099999929,up_in_CKD,1.5973629021770699,4.303902487846995,0.0003771619336087733,0.0166083769593576,20.876467428421787,7.356413593692609e-05,0.056377768923341794,1.6638832650101194e-18,0.0,0.0,0.6952380952380952,0.6833333333333332,0.8583333333333334,0.18333333333333324,5.737528500034895e-17,0.0,0.3666666666666665,0.0026160876321366954,0.14718988419309395
LINC00900,0.0017861012461279733,4.303019155347778e-05,0.0017430710545744954,up_in_CKD,1.7490069092228029,4.565386713410486,0.00041369679486980275,0.017342982686666154,25.0283877423472,2.130386841974357e-05,0.005368283489288156,0.001000000000000001,0.0,0.0,0.6666666666666667,0.6666666666666666,0.8083333333333332,0.16666666666666663,0.034482758620689696,0.0,0.33333333333333326,0.00024910350853412093,0.14717625748331603
DSEL,0.07646076727894392,0.04124348189140577,0.035217285387538155,up_in_CKD,1.6916336427475764,4.70016797761994,8.081074418815323e-05,0.006775490430341981,23.413290392253558,3.40823874164093e-05,0.12922115202576087,1.2834178164666803e-18,0.0,0.0,0.6619047619047619,0.6749999999999999,0.8111111111111112,0.17499999999999993,4.4255786774713115e-17,0.0,0.34999999999999987,0.005996226244509758,0.14119924524890193
STK36,0.04350169616408439,0.02346945208681761,0.02003224407726678,up_in_CKD,1.8406266000506155,4.994870921967601,6.549661494313379e-05,0.006051136304141119,27.719233206659084,1.0047726089807725e-05,0.08178784522750587,7.910339050454233e-19,0.0,0.0,0.6714285714285715,0.6666666666666666,0.7916666666666666,0.16666666666666663,2.7277031208462875e-17,0.0,0.33333333333333326,0.0037951869051384528,0.134092370714361
PPAT,0.03949292251845011,0.025177738301472553,0.014315184216977556,up_in_CKD,1.883433314097499,5.294178196513337,1.3444813878722131e-05,0.0023078937906611187,29.023535852609637,7.071998462492015e-06,0.07109217048602344,1.4335511335510775e-18,0.0,0.0,0.638095238095238,0.6333333333333332,0.8277777777777778,0.1333333333333332,4.943279770865785e-17,0.0,0.2666666666666664,0.0032988774033098998,0.10732644214732856
ZFR2,0.0015200656930548,6.181159821466111e-05,0.001458254094840139,up_in_CKD,1.7457731160682493,4.582794967898576,0.00035316576330190764,0.016189441088289052,24.93592177734528,2.1876116011906237e-05,0.004558903150189601,0.0,0.0,0.0,0.5809523809523809,0.6,0.875,0.09999999999999998,0.0,0.0,0.19999999999999996,0.0002115459759242472,0.08004230919518483
AL451064.1,0.002180699840690954,0.00019615295545134445,0.0019845468852396093,up_in_CKD,1.5756975446361041,4.148847710596832,0.0008019334470649786,0.025078947222919267,20.314004335954753,8.773295131543716e-05,0.005005432892596717,1.3322676295501867e-18,0.0,0.0,0.5238095238095237,0.5666666666666667,0.825,0.06666666666666665,4.5940263087937474e-17,0.0,0.1333333333333333,0.00023226621652264363,0.053379786576637875
PCDHA9,0.0026148143697295335,0.00024434965687225,0.0023704647128572837,up_in_CKD,1.566631373309488,4.160271600524246,0.0006736429914905351,0.023099743715296005,20.080913398671036,9.443514489687888e-05,0.006076981081858777,6.279698983036039e-19,0.0,0.0,0.5380952380952382,0.5416666666666667,0.7666666666666666,0.04166666666666674,2.1654134424262203e-17,0.0,0.08333333333333348,0.0002819890774783266,0.033389731148829066
LINC01122,0.0017402087450326,8.727878075815e-05,0.00165292996427445,up_in_CKD,1.6482618528493302,4.3184311807519835,0.0006230409911905848,0.02211881170086717,22.228094745477065,4.858295497734651e-05,0.004509632616160747,9.393357551485388e-19,0.0,0.0,0.5190476190476191,0.5416666666666666,0.8166666666666667,0.04166666666666663,3.23908881085703e-17,0.0,0.08333333333333326,0.00020925968405489497,0.0333751852701443
LINC00635,0.0010924319255134866,0.0,0.0010924319255134866,up_in_CKD,1.598408930601664,4.160223834625242,0.0009622097657743986,0.027747221973275654,20.90381816804036,7.294063443118314e-05,0.0027183768412811027,0.0,0.0,0.0,0.4904761904761904,0.5333333333333333,0.8666666666666666,0.033333333333333326,0.0,0.0,0.06666666666666665,0.00012614035939648486,0.026691894738545958
LINC01933,0.0024480718553134937,0.00010630290851633889,0.0023417689467971547,up_in_CKD,1.6371649531336137,4.278751972864862,0.0007068679437028394,0.023763560067963745,21.929801594473528,5.3188409082301785e-05,0.006226531248474898,8.367575638227487e-19,0.0,0.0,0.48571428571428577,0.525,0.7999999999999999,0.025000000000000022,2.8853709097336166e-17,0.0,0.050000000000000044,0.0002889286273885118,0.02005778572547773
AC025048.4,0.0012968215371002532,0.0,0.0012968215371002532,up_in_CKD,1.6262739332487863,4.232748859945776,0.000835652512724962,0.025734903815447074,21.639001957891182,5.8129238595266854e-05,0.0033521873784202044,0.0010000000000000007,0.0,0.0,0.45714285714285713,0.5,0.7333333333333332,0.0,0.03448275862068968,0.0,0.0,0.00015555095756297286,0.013824213639788469
KCNK9,0.00111462815708234,0.0,0.00111462815708234,up_in_CKD,1.6662981436252067,4.336920996864058,0.0006830206901329176,0.023305799130650458,22.717223210035723,4.1927795505820736e-05,0.003032113733044425,0.0010000000000000002,0.0,0.0,0.45714285714285713,0.5,0.8666666666666666,0.0,0.03448275862068967,0.0,0.0,0.0001406986368516117,0.01382124317564619
E2F8,0.0006335643563503398,0.0,0.0006335643563503398,up_in_CKD,1.7379957434228783,4.523530354365219,0.0004772236809690857,0.01894398740748152,24.714238943094905,2.3315913410023852e-05,0.0018967316325539945,0.0008755129958960327,0.0,0.0,0.48571428571428577,0.5,0.6333333333333333,0.0,0.03019010330675975,0.0,0.0,8.801370221219503e-05,0.01209364406314634
LINC01410,0.006330806033497701,0.0003768077777876833,0.005953998255710018,up_in_CKD,1.7780871368141438,4.6676600636736225,0.00029827977860125073,0.01479161773884151,25.86758617721388,1.6784246126623027e-05,0.019373545766635445,2.4762955219123257e-18,0.0,0.0,0.42857142857142855,0.4666666666666666,0.7166666666666666,0.0,8.538950075559745e-17,0.0,0.0,0.000898987214971986,0.00017979744299443138
AC097634.1,0.0039182559260479205,0.0002714578329432945,0.003646798093104626,up_in_CKD,1.754663595627886,4.655197960567784,0.00024007335248488212,0.012969325801836929,25.19054454945093,2.0338527454786005e-05,0.01207526012123824,3.8003788150630355e-19,0.0,0.0,0.45714285714285713,0.5,0.7666666666666665,0.0,1.3104754534700123e-17,0.0,0.0,0.0005603261580102329,0.00011206523160205183
LACTB2-AS1,0.00423259222046626,0.00036946018152625004,0.00386313203894001,up_in_CKD,1.5848739545979933,4.194380628212941,0.0006657868094176404,0.022938806818534142,20.55129915242522,8.142888551835652e-05,0.01003753194293651,2.9319800555681125e-18,0.0,0.0,0.3904761904761905,0.4333333333333333,0.5888888888888888,0.0,1.0110276053683147e-16,0.0,0.0,0.00046576981804296474,9.315396360863339e-05
UHRF1,0.0025390403123828668,0.0,0.0025390403123828668,up_in_CKD,1.8511064054401507,4.817926652499871,0.00027320897552552445,0.014002175880717548,28.035776653049098,9.219835204596509e-06,0.008712943648525085,0.0,0.0,0.0,0.45714285714285713,0.5,0.8333333333333333,0.0,0.0,0.0,0.0,0.00040430518187769654,8.086103637553931e-05
AC005697.2,0.00192944258758972,5.941610850156112e-05,0.0018700264790881588,up_in_CKD,1.9566799836464768,5.123459912657449,0.0001311355642115388,0.00927864077506522,31.32488093238636,3.879552830420365e-06,0.007437062893856731,4.925254104341995e-19,0.0,0.0,0.45714285714285713,0.5,0.8333333333333334,0.0,1.6983634842558604e-17,0.0,0.0,0.0003451007130575908,6.902014261152495e-05
AC084782.1,0.00270070656787374,5.766659538846111e-05,0.0026430399724852787,up_in_CKD,1.5936726492777038,4.155683552047056,0.0009390499747015695,0.02740627743067659,20.780120561365756,7.580623768680062e-05,0.006579995096200417,0.0,0.0,0.0,0.42857142857142855,0.4666666666666666,0.7666666666666666,0.0,0.0,0.0,0.0,0.00030533034774923596,6.106606954984719e-05
AC079601.1,0.0020257299840541134,0.0,0.0020257299840541134,up_in_CKD,1.764049621561911,4.591341515040869,0.00041931743747118406,0.01755222534439611,25.46076327817681,1.883205818818886e-05,0.006273858237234065,0.0,0.0,0.0,0.45714285714285713,0.5,0.7333333333333333,0.0,0.0,0.0,0.0,0.0002911247332707342,5.822494665414684e-05
AC090198.1,0.0023223111609396597,0.0002964412365317555,0.002025869924407904,up_in_CKD,1.588516476111291,4.250316619331482,0.0004835436993039613,0.018965602973053997,20.64587395808483,7.905277562708699e-05,0.005541723300516505,2.633695730638566e-19,0.0,0.0,0.3952380952380952,0.4333333333333333,0.6083333333333333,0.0,9.081709415995057e-18,0.0,0.0,0.0002571516053946327,5.1430321078930174e-05
SGO1,0.0020205053160507933,0.0,0.0020205053160507933,up_in_CKD,1.5652229399573325,4.073849724339065,0.0011388642879090148,0.03059116017800048,20.044823332652797,9.552083561362793e-05,0.004789365315299741,0.0,0.0,0.0,0.45714285714285713,0.5,0.8666666666666666,0.0,0.0,0.0,0.0,0.0002222400709786271,4.4448014195725425e-05
DDIAS,0.001493786398477207,0.0,0.001493786398477207,up_in_CKD,1.6404682562016666,4.26969282311715,0.0007778748931257329,0.02487081757285806,22.018386269498215,5.177392571068256e-05,0.003931376211851976,1.086908341108027e-18,0.0,0.0,0.45714285714285713,0.5,0.7333333333333332,0.0,3.747959796924231e-17,0.0,0.0,0.00018242695448070838,3.6485390896156664e-05
SNAP91,0.0010376563247237798,0.0,0.0010376563247237798,up_in_CKD,1.7672771532992908,4.599741902578621,0.0004126663970671785,0.017342982686666154,25.554015299238905,1.834018619561231e-05,0.0032291411315234324,1.0869083411080271e-18,0.0,0.0,0.45714285714285713,0.5,0.7999999999999999,0.0,3.7479597969242316e-17,0.0,0.0,0.00014984126434816725,2.9968252869648443e-05
DCX,0.0010979830632555933,2.176826197391111e-05,0.0010762148012816823,up_in_CKD,1.5829585631733636,4.126566173575093,0.000999375242291185,0.02834005452479695,20.5016548313772,8.270657669651852e-05,0.0026364955158254618,0.0,0.0,0.0,0.45714285714285713,0.5,0.7,0.0,0.0,0.0,0.0,0.00012234083474486684,2.446816694897337e-05
AC078795.1,0.0009432897554129067,0.0,0.0009432897554129067,up_in_CKD,1.6594379089993698,4.3190656714494375,0.0007069922084307268,0.023763560067963745,22.530552331288916,4.434506169298493e-05,0.002542235711514449,0.0,0.0,0.0,0.45714285714285713,0.5,0.7,0.0,0.0,0.0,0.0,0.00011796691372999016,2.3593382745998035e-05
PDIA2,0.0010345580713622933,0.0,0.0010345580713622933,up_in_CKD,1.5728879971197816,4.093799783983053,0.0010953169230914802,0.03000485735494225,20.24162714850118,8.975795432668337e-05,0.002477980845188294,1.3752369206790867e-18,0.0,0.0,0.45714285714285713,0.5,0.7333333333333333,0.0,4.7421962782037477e-17,0.0,0.0,0.00011498530654136561,2.2997061308292095e-05
TFAP2E,0.0008481704913406001,5.755765711367778e-05,0.0007906128342269223,up_in_CKD,1.5753288093483866,4.1511270141796555,0.0007872059873602031,0.024958301304174306,20.304497925515502,8.799612010612748e-05,0.0019962288989634224,0.0,0.0,0.0,0.42380952380952375,0.4666666666666666,0.5416666666666666,0.0,0.0,0.0,0.0,9.263065625376135e-05,1.852613125075227e-05
