gene,original_gene_index
ABCC3,52
AC005697.2,308
AC025048.4,1194
AC078795.1,1490
AC079601.1,1530
AC079630.1,1533
AC084782.1,1581
AC090198.1,1643
ACO2,2579
ADAM10,2657
ADAM12,2659
ADAMTS8,2689
ADCY1,2708
ADIPOR2,2759
AGPS,2864
AGRP,2868
AL451064.1,3750
ALDH1L1-AS2,3945
ANKRD45,4117
ANKRD9,4129
ANKS1A,4130
ANO9,4147
AP1G2,4398
APOLD1,4473
ARG2,4521
ARMC3,4631
ARNT,4649
ARRDC2,4666
ARRDC3,4667
ASCL2,4716
ATF3,4769
ATF4,4770
ATP1B2,4821
ATP4B,4836
AVPI1,4923
B3GALT5,4943
BAIAP2,4993
BCL2L15,5062
BEX1,5101
BEX5,5105
BMP2K,5150
BMP4,5152
BRSK2,5229
BTG2,5258
C11orf96,5338
C14orf132,5361
C17orf107,5390
C1orf115,5436
C7orf57,5609
C9orf139,5630
C9orf24,5637
CASP2,5822
CASP9,5830
CCDC151,5932
CCDC40,5979
CCDC51,5984
CCNB1IP1,6056
CDADC1,6201
CDC42EP4,6227
CDC42SE2,6230
CDCA2,6236
CDH6,6263
CDKN1A,6307
CDT1,6330
CEBPB,6343
CEBPD,6345
CEPT1,6428
CFI,6484
CHL1,6541
CHRM3,6567
CHSY1,6593
CISH,6621
CLDN1,6655
CLEC1A,6688
CLN8,6731
CMTM8,6774
CNBP,6779
COL18A1-AS1,6870
COL27A1,6880
COQ10A,6944
COX5B,6976
COX6C,6981
COX7A1,6982
COX7B,6985
CRABP1,7045
CREM,7073
CRHBP,7075
CRK,7084
CRY2,7105
CSDC2,7121
CSNK1G1,7142
CSRNP1,7151
CSRP1,7154
CTH,7192
CTIF,7194
CTNNAL1,7199
CTXN1,7233
CX3CR1,7267
CXADR,7268
CYCS,7317
DCDC1,7456
DCX,7490
DDIAS,7501
DDIT4,7503
DESI1,7599
DHRS3,7639
DIRAS1,7679
DLGAP1-AS1,7712
DNAJC19,7796
DNAJC22,7799
DNMT3B,7839
DOC2A,7846
DOCK11,7850
DSC2,7930
DSEL,7939
DTX4,7960
DUSP1,7971
DUSP26,7983
DUSP3,7985
DUSP6,7988
DUSP8,7990
DYRK2,8015
E2F8,8030
ECSIT,8061
ECT2,8062
EFCAB12,8103
EFHC1,8114
EGFLAM,8133
EHD3,8147
EIF1,8159
EIF1B,8163
EIF4H,8209
ELL2,8237
EMD,8278
ENPP5,8328
EPAS1,8349
EPG5,8364
EPHA7,8375
ERF,8423
ERRFI1,8455
ESM1,8470
ETV1,8498
ETV4,8501
EXOC3L1,8528
F2RL1,8570
F2RL3,8572
FAM117B,8621
FAM131A,8637
FAM181B,8692
FAM227A,8752
FAM71E1,8797
FAS,8863
FCN3,8977
FERMT2,9001
FILIP1,9071
FKBP5,9089
FLOT2,9107
FLRT3,9110
FLT1,9111
FLVCR2,9116
FOXO1,9195
FOXO3,9196
FXYD6,9305
FZD1,9313
GABARAPL1,9337
GAD1,9360
GADD45A,9361
GADD45B,9362
GADD45G,9363
GALNT1,9378
GALNT3,9389
GALNT7,9392
GAS6,9422
GATA6,9435
GEM,9503
GLUL,9641
GNA11,9663
GNG7,9692
GOT1,9746
GPC4,9774
GPR180,9823
GPX8,9871
GRAMD1B,9873
GRASP,9881
GRHL3,9892
GRPEL1,9936
GSTCD,9967
HAPLN2,10079
HERPUD1,10199
HES4,10203
HEY1,10214
HIST1H2BH,10279
HNF1B,10381
HOXA3,10431
HRK,10482
HSF1,10516
HSPA9,10538
HTRA3,10566
ID2,10603
IDI1,10615
IER3,10624
IKBKE,10750
IKZF2,10753
IL1RL1,10790
ING2,10853
IP6K3,10913
IQGAP3,10941
IRF5,10959
IRS2,10966
ISCA1,10973
ITGA8,11006
ITGB6,11024
ITGB8,11026
ITPRIP,11050
JMJD6,11087
JOSD1,11092
JPH2,11095
KANSL1L,11116
KCNA5,11149
KCNIP4,11183
KCNK9,11213
KIF5A,11372
KLF15,11411
KLF6,11417
KLF9,11420
LACTB2-AS1,11583
LINC00473,11826
LINC00635,11870
LINC00900,11926
LINC01122,11991
LINC01410,12068
LINC01933,12236
LINC02471,12394
LONRF1,12491
LRRC10B,12560
LRRK2,12628
MACC1,12742
MAP1LC3A,12828
MAP2K3,12836
MAP3K1,12841
MAP3K6,12856
MAPK15,12879
MARCH1,12903
MARCKS,12913
MBNL1-AS1,12960
MBTD1,12967
MCL1,12986
MCM7,12995
MDM4,13025
MED9,13066
MEF2D,13072
MEGF11,13078
MEPCE,13099
MESP1,13102
MET,13106
MGP,13185
MIDN,13212
MILR1,13225
MIR22HG,13250
MLIP,13298
MMP7,13341
MPC1,13397
MRPL15,13463
MRPL47,13494
MRPL54,13501
MRPL55,13502
MRPS36,13529
MSMP,13566
MST1R,13575
MT1M,13585
MT2A,13587
MTFR2,13609
MVD,13682
MYOM1,13773
NAP1L5,13849
NDEL1,13946
NDUFA8,13973
NDUFAF4,13978
NDUFB6,13991
NDUFB7,13992
NDUFV3,14008
NEDD9,14027
NEXN,14071
NFIL3,14091
NFKBIA,14095
NLN,14175
NOD2,14223
NR0B2,14330
NR4A1,14349
NR4A3,14351
NUDT16,14458
OLIG1,14588
ORC4,14644
ORC5,14645
P2RY6,14732
PAPPA-AS1,14810
PAPPA2,14812
PDIA2,15023
PDK4,15032
PDLIM3,15035
PER1,15078
PGAM2,15124
PGP,15149
PHC2,15163
PIFO,15233
PIGH,15240
PIK3CG,15267
PIM3,15280
PINK1,15284
PIP5K1B,15296
PLAT,15373
PLCH1,15392
PLEKHA1,15409
PLEKHH1,15430
PLS1,15474
POU2F2,15632
PPAT,15650
PPIF,15670
PPP1R15B,15710
PPTC7,15773
PQLC1,15776
PRICKLE2,15822
PRKACB,15833
PRKAG2-AS1,15836
PROM1,15882
PRR15,15915
PRR26,15921
PRX,15969
PTP4A1,16095
PXN,16176
RAB20,16236
RAB3A,16262
RAB3D,16265
RAP1GDS1,16372
RASD1,16402
RASGRP1,16411
RBBP8NL,16443
RBP1,16498
RCAN1,16511
RCAN3,16513
RCBTB2,16515
RGCC,16619
RGS17,16640
RGS3,16646
RHOB,16672
RHOBTB2,16674
RHOF,16678
RLN2,16737
RNF217,16825
RPGRIP1L,16895
RPS20,16980
RSPRY1,17060
RUFY3,17096
RUNX1,17102
S1PR3,17145
SAMD12,17166
SAMD13,17168
SATB2,17207
SCAND1,17235
SEC14L1,17338
SEL1L3,17371
SEMA3B-AS1,17391
SEMA4D,17401
SEPT4,17433
SERTAD1,17477
SERTAD3,17479
SESN3,17485
SESTD1,17486
SGK1,17547
SGO1,17553
SH3BGR,17575
SH3BP4,17581
SH3BP5,17582
SH3RF3,17597
SH3RF3-AS1,17598
SIK2,17662
SKP2,17706
SLC12A8,17732
SLC25A25,17829
SLC25A33,17839
SLC25A4,17847
SLC2A4,17893
SLC31A2,17909
SLC35F5,17934
SLC38A9,17955
SLC3A2,17970
SLC41A2,17973
SLC45A1,17983
SLC45A4,17986
SLC6A20,18030
SLC7A10,18037
SLFN13,18081
SLITRK2,18090
SMIM4,18185
SMTN,18207
SNAP91,18228
SNCG,18237
SOCS2,18320
SPATA2,18400
SPATA6L,18414
SPIN3,18457
SPRY4,18500
SPSB1,18505
SSBP3,18593
STARD8,18671
STAT1,18673
STK32A,18709
STK36,18715
STK38,18716
STK40,18721
STX7,18777
SYNM,18894
SYT16,18912
SYT8,18919
TAL1,18974
TBC1D1,19012
TBL1XR1,19060
TBXA2R,19078
TCEAL2,19089
TFAP2E,19225
TFAP4,19226
TGM7,19264
TIMP3,19357
TIPARP,19363
TLR1,19393
TLR7,19398
TMEM132C,19483
TMEM139,19490
TMEM144,19494
TMEM159,19509
TMEM204,19561
TMEM63A,19658
TMEM88,19679
TNFAIP8,19735
TNFRSF11A,19743
TNFRSF11B,19744
TNFSF10,19760
TNIK,19771
TNNC1,19783
TOB1,19806
TOB2,19807
TP53,19845
TP53INP1,19851
TP53INP2,19852
TPBG,19859
TPST2,19894
TRDMT1,19965
TRIM27,20007
TRIM59,20032
TSC22D3,20120
TSPAN1,20142
TSPYL2,20169
TTC30B,20205
TUBB2A,20265
UAP1,20349
UBALD1,20362
UBE2B,20374
UBXN11,20444
UHRF1,20490
UNC5CL,20518
UNC79,20520
USP2,20584
USP36,20603
VCAM1,20680
VPS37B,20750
VWDE,20801
WASF1,20810
WBP11,20824
WDR19,20844
WDR5B,20873
WFDC1,20908
WFDC2,20911
WNT7A,20947
XRCC4,21010
YDJC,21030
YPEL2,21051
YRDC,21055
ZBTB10,21115
ZBTB16,21120
ZDHHC2,21210
ZFAND5,21232
ZFP36,21246
ZFP64,21253
ZFR2,21264
ZNF300,21430
ZNF331,21446
ZNF503-AS1,21553
ZNF593,21626
ZNF608,21637
ZNF672,21679
ZNRF2,21821
AC097634.1,21951
TLR6,21965
RPA4,22050
FAM53B,22107
SERPINA4,22153
SPN,22189
FLCN,22206
ZNF799,22253
PCDHA9,22345
