gene,elasticnet_coefficient,abs_elasticnet_coefficient,selected_by_model,best_C,best_l1_ratio,rank_score,adj_p_value,diff_mean_log_expr,cohen_d,pct_expr_case,pct_expr_control
PDK4,-0.26640684064354,0.26640684064354,True,0.3593813663804626,0.5,21.181510152848258,7.58132539267898e-07,-0.8368920078202017,-4.135404463522513,0.10695033834155293,0.5350577367205542
ERRFI1,-0.22056865994755998,0.22056865994755998,True,0.3593813663804626,0.5,5.226296480737175,1.0946680236287057e-05,-0.31543956603853696,-3.339899314850779,0.045284245135145465,0.27681293302540416
SLC25A33,-0.21755538850989392,0.21755538850989392,True,0.3593813663804626,0.5,4.768380988827694,1.2238062570015618e-08,-0.14055534847720957,-4.287671668178624,0.07103261077340674,0.21764434180138567
ZFAND5,-0.19690211794938817,0.19690211794938817,True,0.3593813663804626,0.5,17.73734178992397,1.2238062570015618e-08,-0.5482589520183044,-4.088845992895222,0.27394196582176855,0.5855427251732102
PER1,-0.16664750330934086,0.16664750330934086,True,0.3593813663804626,0.5,7.253439239575569,6.878579143644484e-07,-0.28963151341338356,-4.0638825003683285,0.044481400772259816,0.30184757505773674
GABARAPL1,-0.16304624871757056,0.16304624871757056,True,0.3593813663804626,0.5,3.8513444318260857,7.0148061892957285e-06,-0.2550596523292526,-2.929729360356549,0.2762358068585847,0.45861431870669744
HERPUD1,-0.14898538737938016,0.14898538737938016,True,0.3593813663804626,0.5,5.688715302880374,7.58132539267898e-07,-0.28488228402517735,-3.2627158249406394,0.3879076346675842,0.564203233256351
GADD45A,-0.13469254632268488,0.13469254632268488,True,0.3593813663804626,0.5,8.532106689420248,7.58132539267898e-07,-0.4017745281660706,-3.4697994196342106,0.16691516611232174,0.4208775981524249
TIPARP,-0.1325089484216946,0.1325089484216946,True,0.3593813663804626,0.5,3.3897082672575265,3.2322112369038404e-05,-0.23405425755559914,-3.225158410154999,0.03586038154222579,0.21071593533487298
KLF9,-0.12610449295668152,0.12610449295668152,True,0.3593813663804626,0.5,9.073668031195279,7.58132539267898e-07,-0.4119631589601325,-3.59877751873338,0.12165003631914975,0.4181062355658199
DHRS3,-0.12085145349187447,0.12085145349187447,True,0.3593813663804626,0.5,1.6019660596593677,0.00014007138065559184,-0.17286704414496593,-2.4047435568889504,0.15255954429024735,0.3097921478060046
NAP1L5,-0.10281294795156191,0.10281294795156191,True,0.3593813663804626,0.5,0.36589614449238933,8.801405053738058e-05,-0.0356547844893655,-2.5304699323106807,0.027201131628244828,0.07806004618937644
CEBPD,-0.0843606836171824,0.0843606836171824,True,0.3593813663804626,0.5,10.76266108429115,2.9021829346791565e-05,-0.8157278221638704,-2.907898654774179,0.3212715525480751,0.6564434180138569
PIP5K1B,-0.08424502032688588,0.08424502032688588,True,0.3593813663804626,0.5,0.3493713929682095,0.00010450156101417017,-0.036215061075101765,-2.423367817733665,0.030909507971097604,0.08124711316397229
RASD1,-0.08131114887990765,0.08131114887990765,True,0.3593813663804626,0.5,4.4766827373426406,2.9021829346791565e-05,-0.3650594194437819,-2.702698715858232,0.08745268952861567,0.29293302540415705
USP2,-0.07883404760099284,0.07883404760099284,True,0.3593813663804626,0.5,2.4907330264354597,0.00026536078416032464,-0.28872980288425265,-2.4122272997983054,0.07128111021906182,0.28013856812933025
MAP3K1,0.07658387217852172,0.07658387217852172,True,0.3593813663804626,0.5,1.2140945006723722,0.0005733932015604863,0.13422413659194687,2.790419436427797,0.18165309477386551,0.1115473441108545
NFKBIA,-0.07084195386523673,0.07084195386523673,True,0.3593813663804626,0.5,5.9466786222963375,1.1881691016739523e-05,-0.41733424215265,-2.8931668355264857,0.20468708185189433,0.4674364896073903
HSPA9,-0.06707876909283754,0.06707876909283754,True,0.3593813663804626,0.5,0.7034385763222549,0.001674370033871872,-0.1299651737666122,-1.949649250173198,0.32241847306648314,0.4559815242494226
SGK1,-0.06251470133616355,0.06251470133616355,True,0.3593813663804626,0.5,4.3818321260349355,0.00010450156101417017,-0.4332471142988835,-2.5406291290429603,0.1219749971326987,0.3932101616628175
CTH,-0.056338070305475246,0.056338070305475246,True,0.3593813663804626,0.5,0.23777798762933247,0.00013201541416433987,-0.025841980331767843,-2.371832702958535,0.02754520778376725,0.06674364896073903
TSC22D3,-0.051926840265394986,0.051926840265394986,True,0.3593813663804626,0.5,5.28340310629775,4.055778071281429e-05,-0.44830099583704164,-2.6834224425884963,0.1821883243491226,0.4274364896073903
CREM,-0.050574315480207806,0.050574315480207806,True,0.3593813663804626,0.5,2.228063073456282,7.971935400086405e-05,-0.19786146742781602,-2.747565619293845,0.13363535573651414,0.28960739030023097
TBL1XR1,0.04694382085266037,0.04694382085266037,True,0.3593813663804626,0.5,0.937512014911631,0.0011592476120147925,0.13639700676965233,2.3412188763036816,0.27245096914783806,0.22558891454965357
MRPL54,-0.04409714650051119,0.04409714650051119,True,0.3593813663804626,0.5,0.676546408086941,0.0015444530377235067,-0.1242303454291328,-1.9371990539625763,0.3537294032190236,0.5015704387990763
SEMA3B-AS1,-0.04126553468531523,0.04126553468531523,True,0.3593813663804626,0.5,0.2348214334266559,0.00013201541416433987,-0.025693491155990487,-2.3558780896143934,0.025308712772871507,0.06304849884526559
ENPP5,0.04108753286700692,0.04108753286700692,True,0.3593813663804626,0.5,0.21394034498867076,0.003733647928403674,0.0418056667240556,2.107816066503541,0.09014795274687463,0.06775981524249422
CISH,-0.04060246076481306,0.04060246076481306,True,0.3593813663804626,0.5,0.5163987804543416,0.0013112877867301578,-0.09036675561990125,-1.982608833951094,0.07078411132775166,0.17145496535796767
SESN3,0.03963024468158373,0.03963024468158373,True,0.3593813663804626,0.5,0.5309839759809721,0.0015706268160175687,0.08570027922052673,2.209695732166867,0.13048132431089193,0.10147806004618938
ZNF331,-0.03870927869688822,0.03870927869688822,True,0.3593813663804626,0.5,0.7868176946751104,0.0008952444834324765,-0.116435209646604,-2.217004183339205,0.04274190465267424,0.13699769053117783
TMEM159,0.038268331707162685,0.038268331707162685,True,0.3593813663804626,0.5,0.28947728065548956,0.005705841309885092,0.06105681388654785,2.1130966886391542,0.10886187253889971,0.06983833718244804
ELL2,-0.0360756361350278,0.0360756361350278,True,0.3593813663804626,0.5,0.8654135607340565,0.00011999718120382385,-0.08560021840443985,-2.5785225071631612,0.04583859005237604,0.1382448036951501
COX7A1,-0.035293828474568675,0.035293828474568675,True,0.3593813663804626,0.5,2.31054311523934,0.0007657205799389801,-0.3580353553478392,-2.07109735651963,0.26858967006919754,0.4472055427251732
XRCC4,0.027550466630900654,0.027550466630900654,True,0.3593813663804626,0.5,0.1801139266255536,0.0008619969179712013,0.02676569987181758,2.1958864275159127,0.07298237565470046,0.06526558891454966
PGAM2,-0.024913881533715765,0.024913881533715765,True,0.3593813663804626,0.5,0.4922870374210923,9.444459993478599e-05,-0.05007738441051556,-2.442474235423499,0.023416293917498183,0.0727944572748268
ITGB8,0.02168273182139022,0.02168273182139022,True,0.3593813663804626,0.5,1.4808660810546963,0.0027316851941731357,0.24249115091667559,2.3821813502610247,0.2645372175708223,0.1499769053117783
DUSP6,-0.02087409109331988,0.02087409109331988,True,0.3593813663804626,0.5,1.0805233127577947,0.0009719078020632647,-0.177029402703232,-2.0261878768347574,0.1349543143326834,0.27912240184757503
GALNT7,0.018300718763466717,0.018300718763466717,True,0.3593813663804626,0.5,0.32017280247948543,0.0014247982663157335,0.04688668379511397,2.399177568167874,0.08403104331536491,0.059907621247113164
SAMD12,0.01699267412017625,0.01699267412017625,True,0.3593813663804626,0.5,0.3991979420684075,0.001674370033871872,0.05998649851667359,2.3971327150612525,0.10733264518102228,0.07653579676674364
FKBP5,-0.016608108046631674,0.016608108046631674,True,0.3593813663804626,0.5,4.79742622285122,7.971935400086405e-05,-0.4292902739930293,-2.726710769891713,0.05682991168712008,0.33260969976905314
GADD45G,-0.016036166996479993,0.016036166996479993,True,0.3593813663804626,0.5,0.501718091706025,0.0017628077240374933,-0.09697430337804251,-1.8787607453042878,0.08412662002523225,0.15861431870669745
SEL1L3,0.013968951270485919,0.013968951270485919,True,0.3593813663804626,0.5,0.26487452696901426,0.003564391409725565,0.04650963807087426,2.3263937826078567,0.05109530909507971,0.015889145496535795
NUDT16,-0.013850755179882528,0.013850755179882528,True,0.3593813663804626,0.5,0.6628378100420822,0.0010157915460810673,-0.11095418109763458,-1.9958529089958073,0.16127614023014872,0.28457274826789836
LRRK2,0.008409824807493674,0.008409824807493674,True,0.3593813663804626,0.5,0.8802791359083698,0.0027316851941731357,0.14903397671598795,2.3040401761783382,0.17566999273617004,0.10304849884526558
ITGB6,0.007635773184977934,0.007635773184977934,True,0.3593813663804626,0.5,0.528968306553548,0.010213004807403605,0.14238940807256267,1.8660109982749724,0.1604541805252896,0.09080831408775981
TP53INP2,-0.00458119246193745,0.00458119246193745,True,0.3593813663804626,0.5,1.1281200327933611,0.00016113855975695974,-0.11521568209483721,-2.5815688611062932,0.057613640708032265,0.1894688221709007
DYRK2,0.0019047527162154596,0.0019047527162154596,True,0.3593813663804626,0.5,0.23403177831488847,0.004456255358060782,0.04567830572237272,2.179248158487828,0.07141491761287609,0.042309468822170904
C1orf115,-3.3713736222889565e-05,3.3713736222889565e-05,True,0.3593813663804626,0.5,0.30292957058144676,0.001732927169846253,-0.05923548730864339,-1.8520757361498266,0.10381542225790419,0.18558891454965357
NR4A1,0.0,0.0,False,0.3593813663804626,0.5,4.966119248262925,0.0010465240234516762,-0.7540333449611388,-2.2099058886466905,0.06405551095309095,0.4488683602771363
DUSP1,0.0,0.0,False,0.3593813663804626,0.5,2.966063439007861,0.002187094151409197,-0.6171108206931146,-1.8068163066195797,0.2866536682341247,0.5791685912240184
KLF6,0.0,0.0,False,0.3593813663804626,0.5,2.9354838464335344,0.0015343534534548245,-0.5260691596746288,-1.982901989656726,0.23509959093168176,0.5161662817551963
CYCS,0.0,0.0,False,0.3593813663804626,0.5,2.7609836450712977,0.0002201641171927409,-0.3316610611502966,-2.2762202804915854,0.45416140994762394,0.6082217090069284
CSRNP1,0.0,0.0,False,0.3593813663804626,0.5,2.3709603713621115,0.00017509853130543833,-0.23370208619145275,-2.7005558814206143,0.028233360094812095,0.23575057736720553
SLC3A2,0.0,0.0,False,0.3593813663804626,0.5,2.270509933665103,0.00010494808456781063,-0.2361612566761207,-2.4162286778871542,0.28078525824827005,0.47159353348729793
ZFP36,0.0,0.0,False,0.3593813663804626,0.5,2.264280648594416,0.005384921234153067,-0.6097483898457181,-1.63673898722084,0.25291508965095383,0.5338106235565819
MGP,0.0,0.0,False,0.3593813663804626,0.5,2.0435274060559436,0.0005129806475294102,-0.29047547325298284,-2.1383974643604797,0.1434797568528501,0.23150115473441107
WFDC2,0.0,0.0,False,0.3593813663804626,0.5,2.0408305218660825,0.020752181863702836,0.7291309249503034,1.6631589641903657,0.5678403486638376,0.3615242494226328
BTG2,0.0,0.0,False,0.3593813663804626,0.5,2.032820021427482,0.004676323616476084,-0.4986291605454152,-1.7496353555822455,0.17637726038918836,0.4284988452655889
MT2A,0.0,0.0,False,0.3593813663804626,0.5,2.005137642411868,0.009281702498728839,-0.5825725385764573,-1.6935222312610267,0.6164888939863135,0.7837413394919168
SEC14L1,0.0,0.0,False,0.3593813663804626,0.5,1.939013532968608,0.00023362651991798672,-0.236227681818574,-2.2603029471478466,0.19985090033260694,0.35907621247113164
IER3,0.0,0.0,False,0.3593813663804626,0.5,1.9257713610266731,0.0034761122191359385,-0.4486587974551455,-1.7456073899050852,0.2650342164621325,0.41427251732101616
EGR1,0.0,0.0,False,0.3593813663804626,0.5,1.8650261147949931,0.01002465217528953,-0.608894970483705,-1.53230350625125,0.1793210230531024,0.4504387990762125
PIM3,0.0,0.0,False,0.3593813663804626,0.5,1.772444000406954,0.0003160734392471428,-0.2249823318869033,-2.2507629613656155,0.1735481897771151,0.3563972286374134
CEBPB,0.0,0.0,False,0.3593813663804626,0.5,1.6674865715037068,0.0007064122716975868,-0.24304283461339496,-2.177404653457751,0.1294299805023512,0.2864665127020785
CSRP1,0.0,0.0,False,0.3593813663804626,0.5,1.6574288757388855,0.001006797759139381,-0.261487254547413,-2.1148972026480894,0.1839087051267347,0.3605080831408776
GADD45B,0.0,0.0,False,0.3593813663804626,0.5,1.628734646339774,0.006630784764690602,-0.45978966336633725,-1.6260972352176024,0.21986466337882785,0.4374133949191686
MPC1,0.0,0.0,False,0.3593813663804626,0.5,1.4603191903043609,0.0017628077240374933,-0.28677228291623935,-1.8491792137419134,0.4351989907099438,0.5679907621247113
EIF1,0.0,0.0,False,0.3593813663804626,0.5,1.4368648140470626,0.006632739138958667,-0.4025906058044213,-1.6384499128603873,0.855545360706503,0.94
RHOB,0.0,0.0,False,0.3593813663804626,0.5,1.4315539972666766,0.006669120807324523,-0.3877800764439874,-1.696590534132397,0.35315594295981956,0.5637875288683603
MT-CYB,0.0,0.0,False,0.3593813663804626,0.5,1.3986889745992293,0.011616716861397543,-0.46656441009495087,-1.5493420018669508,0.9983943112742287,0.9999076212471132
TIMP3,0.0,0.0,False,0.3593813663804626,0.5,1.374821738774216,0.003993347652402144,-0.3341907919241208,-1.7150733432779577,0.24286041977290973,0.3856812933025404
ATF3,0.0,0.0,False,0.3593813663804626,0.5,1.355763894231505,0.010678277796533372,-0.43801931285509144,-1.5699806167258872,0.06627289062201323,0.2880369515011547
RCAN1,0.0,0.0,False,0.3593813663804626,0.5,1.3280039362715756,0.0016528607119217025,-0.23345440806896284,-2.044923384522021,0.13285162671560194,0.29325635103926095
ARG2,0.0,0.0,False,0.3593813663804626,0.5,1.3272321112368473,0.0011040354811954402,-0.2283626975425463,-1.9654766976354732,0.10939710211415682,0.2776905311778291
JUND,0.0,0.0,False,0.3593813663804626,0.5,1.2640421546203064,0.017906090048500273,-0.5212852562646944,-1.3880125750321184,0.6203884237489009,0.7670207852193995
COX6C,0.0,0.0,False,0.3593813663804626,0.5,1.245376811821989,0.004870136379137116,-0.31330701165025565,-1.718923870234006,0.7375272393623122,0.8369976905311778
MIDN,0.0,0.0,False,0.3593813663804626,0.5,1.224372309243309,0.0010465240234516762,-0.2055722108457378,-1.9984637702739725,0.16142906296593645,0.34244803695150117
EPAS1,0.0,0.0,False,0.3593813663804626,0.5,1.1810424869162535,0.001717737421518392,-0.2287684385276407,-1.8670996124040156,0.12581718086936575,0.23200923787528868
MT1M,0.0,0.0,False,0.3593813663804626,0.5,1.1403636196737903,0.001956977187214383,-0.22943456817994726,-1.8351408959070077,0.09376075237986008,0.19824480369515013
IDI1,0.0,0.0,False,0.3593813663804626,0.5,1.1279779501680978,0.0006708293272745532,-0.16425812957710909,-2.163966670024039,0.14625148143900293,0.3043418013856813
MCL1,0.0,0.0,False,0.3593813663804626,0.5,1.1236032242537495,0.004516683656797272,-0.27265591500454145,-1.7572024936261128,0.16519478533470963,0.37039260969976906
PTP4A1,0.0,0.0,False,0.3593813663804626,0.5,1.0940876126024686,0.0017084898949138619,-0.20956987917290756,-1.886484536109127,0.1198340788316703,0.31316397228637416
SERTAD1,0.0,0.0,False,0.3593813663804626,0.5,1.0881979667892971,0.006902145598785663,-0.30007161850073727,-1.6781277937285939,0.10435065183316129,0.31242494226327944
MIR22HG,0.0,0.0,False,0.3593813663804626,0.5,1.035927895499297,0.001318072144692114,-0.17054753520946547,-2.1090283703203117,0.08047558970829988,0.25399538106235564
TOB2,0.0,0.0,False,0.3593813663804626,0.5,1.0186863239925135,0.00010494808456781063,-0.09931996642936344,-2.5776692521925932,0.10360515349619605,0.22027713625866052
TCEAL2,0.0,0.0,False,0.3593813663804626,0.5,1.0130598946513782,8.854276052474737e-05,-0.10056682478587121,-2.485536709545401,0.06352028137783385,0.16411085450346422
DDIT4,0.0,0.0,False,0.3593813663804626,0.5,1.0009710585474259,0.0013788077511282147,-0.17791270924455782,-1.9668586935450119,0.08649692242994227,0.19782909930715936
HES4,0.0,0.0,False,0.3593813663804626,0.5,0.990593887899426,0.001956936604236737,-0.20002665667631214,-1.8284843003312714,0.12988874870971442,0.25321016166281757
COX5B,0.0,0.0,False,0.3593813663804626,0.5,0.9900176652356242,0.010036550831302678,-0.3097998005664384,-1.599101453734539,0.770080666743128,0.8505773672055428
NEDD9,0.0,0.0,False,0.3593813663804626,0.5,0.9774216418343591,0.0010218222569671877,-0.16350453087839673,-1.9988962419082663,0.12218526589440686,0.2541339491916859
COX7B,0.0,0.0,False,0.3593813663804626,0.5,0.9748103343716336,0.007770836368359079,-0.2874200727698988,-1.6077438738036882,0.7012463202966701,0.7881755196304849
SLC25A25,0.0,0.0,False,0.3593813663804626,0.5,0.9655727584485412,0.0005391767417107393,-0.12454993400039284,-2.3720493934250384,0.037466070267997094,0.1618013856812933
SLC25A4,0.0,0.0,False,0.3593813663804626,0.5,0.9282738443153292,0.004544842451529926,-0.23700618979686766,-1.6720155695884193,0.287685896700692,0.43912240184757506
SOCS2,0.0,0.0,False,0.3593813663804626,0.5,0.8997947884344965,0.000288008188055719,-0.11453546186055093,-2.218846353238115,0.09144779600107046,0.20244803695150115
UBC,0.0,0.0,False,0.3593813663804626,0.5,0.8820892443178875,0.02001181632126584,-0.37854631810565254,-1.3717449309085066,0.6945368352639829,0.8249884526558892
MAP1LC3A,0.0,0.0,False,0.3593813663804626,0.5,0.871155082495179,0.0017557641028922814,-0.16927897467723663,-1.8676122199785585,0.238827082616508,0.3943187066974596
GRASP,0.0,0.0,False,0.3593813663804626,0.5,0.8685523278408307,0.001096700252692902,-0.13992908563896794,-2.097051927398638,0.029609664716901785,0.10106235565819861
ZBTB16,0.0,0.0,False,0.3593813663804626,0.5,0.8587599705232706,0.000271383510925389,-0.10647836526728548,-2.261405019586879,0.025136674695110297,0.12572748267898384
TMEM204,0.0,0.0,False,0.3593813663804626,0.5,0.8537608606508649,0.0007594220034130838,-0.13026774164283084,-2.1009321404826653,0.03647207248537676,0.10401847575057736
TOB1,0.0,0.0,False,0.3593813663804626,0.5,0.8467456429160103,0.004986399283136967,-0.2179225630040892,-1.687738977464436,0.25922315250219824,0.42290993071593536
UBE2B,0.0,0.0,False,0.3593813663804626,0.5,0.8460131018443442,0.0014097491580520602,-0.15383987326487364,-1.9290015018083007,0.3364873647589555,0.5018937644341801
NDUFB7,0.0,0.0,False,0.3593813663804626,0.5,0.8289303268280889,0.003733647928403674,-0.19859913119421635,-1.7191582563339798,0.6424284130443093,0.7614780600461893
TNFRSF11B,0.0,0.0,False,0.3593813663804626,0.5,0.8269723313919218,0.005705841309885092,0.17190022713169764,2.1441420389914208,0.16634170585311772,0.09302540415704388
RGCC,0.0,0.0,False,0.3593813663804626,0.5,0.8102163546196159,0.00273502136383122,-0.17685301405464365,-1.78744743131189,0.06107351760522996,0.15196304849884526
CDKN1A,0.0,0.0,False,0.3593813663804626,0.5,0.7899296028825081,0.005705706743843502,-0.20374222407072382,-1.7280025831088897,0.04629735825973927,0.20554272517321015
PLAT,0.0,0.0,False,0.3593813663804626,0.5,0.7893167409823041,0.0014247982663157335,-0.14482230750588615,-1.9148877589214794,0.04862942998050235,0.09852193995381062
TSPAN1,0.0,0.0,False,0.3593813663804626,0.5,0.7892237193375666,0.031428471389245136,0.32778297519368044,1.6023160086664803,0.3588331995259395,0.22859122401847576
RGS3,0.0,0.0,False,0.3593813663804626,0.5,0.7887326671487631,0.0007064122716975868,-0.11827565058261123,-2.1163822292075567,0.0885040333371564,0.19579676674364896
VPS37B,0.0,0.0,False,0.3593813663804626,0.5,0.7862201888486079,0.0005411458847436331,-0.1086266330196535,-2.2156467991944035,0.08452804220667508,0.19935334872979216
NDUFB6,0.0,0.0,False,0.3593813663804626,0.5,0.785393209089979,0.0010465240234516762,-0.132516104438212,-1.988683490804029,0.3113124593798983,0.4500692840646651
CYSTM1,0.0,0.0,False,0.3593813663804626,0.5,0.7773183124966437,0.01906916605211024,-0.3047463415754543,-1.4832546310512493,0.6107351760522995,0.7196304849884526
DNAJC19,0.0,0.0,False,0.3593813663804626,0.5,0.7722176825081665,0.003261678456296378,-0.17656295635137936,-1.7589010449987719,0.3289941507053561,0.4689145496535797
IGFBP5,0.0,0.0,False,0.3593813663804626,0.5,0.7665326764083902,0.021105448051993665,-0.32297973716392425,-1.4163925665476602,0.2038077761211148,0.2749653579676674
UQCRB,0.0,0.0,False,0.3593813663804626,0.5,0.7653210487488997,0.013894350891517531,-0.26646347722835295,-1.5465224883227604,0.739725503689261,0.8344572748267899
UQCRH,0.0,0.0,False,0.3593813663804626,0.5,0.7649537064720721,0.014121853690884121,-0.2702414753900788,-1.5299808687128218,0.6519478533470964,0.7587528868360277
PIGR,0.0,0.0,False,0.3593813663804626,0.5,0.7554307104701635,0.048419106506452515,0.39177886100180653,1.4663357496879252,0.4306877700042054,0.30521939953810623
NDUFB1,0.0,0.0,False,0.3593813663804626,0.5,0.7169058718299169,0.01906916605211024,-0.2850962043388279,-1.462264769686321,0.6195282333600948,0.7536258660508083
PROM1,0.0,0.0,False,0.3593813663804626,0.5,0.6971012219548752,0.012635594169472079,0.1869801566248675,1.963864902851639,0.16376113468669953,0.05926096997690531
MMP7,0.0,0.0,False,0.3593813663804626,0.5,0.6948201741600796,0.02717791019559018,0.2805094363608366,1.5819513000485945,0.21630920977176282,0.0895150115473441
JUN,0.0,0.0,False,0.3593813663804626,0.5,0.6936653834954954,0.05679506985072306,-0.4929713246181481,-1.12958419899671,0.34679053408265476,0.5390300230946882
CYBA,0.0,0.0,False,0.3593813663804626,0.5,0.6914733587333038,0.03981762159663317,0.3488280982803301,1.4159871764530378,0.5531406506862407,0.49773672055427254
PINK1,0.0,0.0,False,0.3593813663804626,0.5,0.6884926792956715,0.0008984051753211222,-0.11212263873989728,-2.015583886087401,0.19960240088695186,0.3170900692840647
TNFSF10,0.0,0.0,False,0.3593813663804626,0.5,0.6848996023380972,0.015096726517758301,0.2267663212090012,1.6584808465193142,0.28887104790304696,0.2112240184757506
GAS6,0.0,0.0,False,0.3593813663804626,0.5,0.6731278308057047,0.008575257387723571,-0.2024440552450425,-1.6088071088495792,0.22254081125511335,0.3844341801385681
CKB,0.0,0.0,False,0.3593813663804626,0.5,0.6694860826732468,0.027268138839049452,-0.32762660440715485,-1.3062610943414834,0.47595289979737737,0.5488221709006929
NFIL3,0.0,0.0,False,0.3593813663804626,0.5,0.6684097665987627,0.0013114330351473183,-0.10862790352693308,-2.1348588027728224,0.037752800397599116,0.14868360277136258
MARCKS,0.0,0.0,False,0.3593813663804626,0.5,0.6626778557949982,0.008746931935344851,0.18028495823071672,1.7859411913055077,0.28804908819818786,0.22290993071593534
NR4A3,0.0,0.0,False,0.3593813663804626,0.5,0.6588601078847779,0.001732927169846253,-0.11642782367164745,-2.0494412446547097,0.002236495010895745,0.10762124711316397
SPP1,0.0,0.0,False,0.3593813663804626,0.5,0.655506257541682,0.05361935491530036,0.4136179777794968,1.2472163118632074,0.5271629009442979,0.43602771362586606
ACO2,0.0,0.0,False,0.3593813663804626,0.5,0.6423404707082515,0.0030010950267435155,-0.14540192143285474,-1.751160877826521,0.26960278319379133,0.40739030023094686
RPS20,0.0,0.0,False,0.3593813663804626,0.5,0.6377727087617927,0.007104492411962045,-0.17702389047604306,-1.6768930848986627,0.41042550751232937,0.5681293302540416
MT-ND1,0.0,0.0,False,0.3593813663804626,0.5,0.6370148931640415,0.043202115081602245,-0.3670445169501795,-1.2719173740282688,0.9976488129372635,0.9991685912240185
SH3BP5,0.0,0.0,False,0.3593813663804626,0.5,0.6310772172329272,0.001732927169846253,-0.12175395569891091,-1.8771477632827585,0.07240891539549643,0.14942263279445728
C11orf96,0.0,0.0,False,0.3593813663804626,0.5,0.6113253403132249,0.007661677303649486,-0.17641201150412295,-1.6379289436645579,0.031903505753717934,0.08877598152424943
NDUFA8,0.0,0.0,False,0.3593813663804626,0.5,0.6108081926039629,0.003261678456296378,-0.14133015713538954,-1.7380860286560236,0.29403219023588334,0.425080831408776
KLF10,0.0,0.0,False,0.3593813663804626,0.5,0.6092302838104753,0.010417547713029673,-0.19720299271531402,-1.558522049214885,0.1271552548075085,0.28720554272517324
CLU,0.0,0.0,False,0.3593813663804626,0.5,0.5990460599975932,0.07230941609868365,0.4163304709503085,1.2612772055460082,0.5320755438314791,0.4488683602771363
CNBP,0.0,0.0,False,0.3593813663804626,0.5,0.5984999224211974,0.0026643155450015534,-0.1279497557449661,-1.816963450260754,0.34499369193714874,0.49330254041570437
CDC42EP4,0.0,0.0,False,0.3593813663804626,0.5,0.5899061895447272,0.00016581870079309733,-0.06673558418346164,-2.3382534372777113,0.062373360859425776,0.11995381062355658
PVALB,0.0,0.0,False,0.3593813663804626,0.5,0.5831842078736489,0.015544356069709934,-0.22731746506531333,-1.4186390326089595,0.14323125740719503,0.27579676674364895
SERPINA5,0.0,0.0,False,0.3593813663804626,0.5,0.5809004814603798,0.01625986069496877,-0.22900963551887477,-1.4179665972274704,0.20128455098061704,0.31916859122401847
ISCA1,0.0,0.0,False,0.3593813663804626,0.5,0.5725686216245719,0.0006708293272745532,-0.08433465951678853,-2.139430970191024,0.22047635432197882,0.3491916859122402
RHOBTB3,0.0,0.0,False,0.3593813663804626,0.5,0.5722712305389923,0.012764036710807586,-0.20460026884178972,-1.476770462810366,0.23785220017586114,0.36526558891454963
EMCN,0.0,0.0,False,0.3593813663804626,0.5,0.5696251161251051,0.008592919481215187,-0.17841792414201624,-1.5454320595009325,0.07080322666972512,0.12166281755196305
SIK2,0.0,0.0,False,0.3593813663804626,0.5,0.5694867105714785,0.000271383510925389,-0.07119371390848764,-2.2428998361510915,0.0900523760370073,0.18475750577367206
FLT1,0.0,0.0,False,0.3593813663804626,0.5,0.5684234533825863,0.0045427395235504535,-0.14549919423260238,-1.6676235878237715,0.051515846618496,0.10849884526558891
ANKRD9,0.0,0.0,False,0.3593813663804626,0.5,0.5640607478487434,0.001732927169846253,-0.10980145096037955,-1.8604450115528661,0.16127614023014872,0.27958429561200926
CDH6,0.0,0.0,False,0.3593813663804626,0.5,0.5557351332782497,0.01093611746990469,0.146357586386128,1.9361754901926,0.1303857476010246,0.05764434180138568
ERF,0.0,0.0,False,0.3593813663804626,0.5,0.5552379966420911,0.0010219778797644031,-0.08824763648283923,-2.1038936995128656,0.06602439117635814,0.17080831408775982
EIF1B,0.0,0.0,False,0.3593813663804626,0.5,0.5542672517134818,0.007979974281584177,-0.16353128229252445,-1.6155232115809202,0.36028596551592307,0.5283140877598153
EIF4H,0.0,0.0,False,0.3593813663804626,0.5,0.553029844341392,0.003984735581774806,-0.13560864362057934,-1.6995042472336173,0.21061283786366938,0.352378752886836
SLC25A3,0.0,0.0,False,0.3593813663804626,0.5,0.5485920587265203,0.021165136055334575,-0.2205332281756167,-1.4856678666041152,0.6313988607256183,0.7648960739030023
EMD,0.0,0.0,False,0.3593813663804626,0.5,0.5457525115974706,0.001506165852799406,-0.10041092307184887,-1.9259198019816517,0.12879917421722675,0.24327944572748267
SLC9A3R2,0.0,0.0,False,0.3593813663804626,0.5,0.545598021550273,0.008575257387723571,-0.17102360282894913,-1.5435766258127506,0.10186565737661046,0.15829099307159353
HNRNPH1,0.0,0.0,False,0.3593813663804626,0.5,0.5400928235414957,0.06499184857887434,0.36831374020129926,1.2352308827492517,0.6939442596628054,0.6187990762124711
ZNF593,0.0,0.0,False,0.3593813663804626,0.5,0.5282786518161388,0.004017214958963965,-0.12951946733619252,-1.7022667498667254,0.2160224796421608,0.35039260969976904
MAFF,0.0,0.0,False,0.3593813663804626,0.5,0.5266221353985566,0.012526968746504857,-0.17901656205261454,-1.5465366666314329,0.018274266926635318,0.16120092378752887
NDUFAF4,0.0,0.0,False,0.3593813663804626,0.5,0.524446625593739,0.0025534605296710024,-0.10782620410000354,-1.8758412999105853,0.15039951064724547,0.27321016166281753
CTNNAL1,0.0,0.0,False,0.3593813663804626,0.5,0.5218471271240005,0.003464048491938455,-0.11877387065185635,-1.7857219548058898,0.15187139197920252,0.28166281755196304
SMIM4,0.0,0.0,False,0.3593813663804626,0.5,0.5192680345186267,0.005014040290274247,-0.137285485310637,-1.6446541895227336,0.2546928164544864,0.40143187066974595
COX6B1,0.0,0.0,False,0.3593813663804626,0.5,0.5175381320509702,0.02122849423140215,-0.2170454552433565,-1.4251964752008326,0.7464732194058952,0.827621247113164
GOT1,0.0,0.0,False,0.3593813663804626,0.5,0.513676582860086,0.004119954645764659,-0.12734984787210935,-1.6911548190304058,0.24446610849868103,0.37062355658198615
MT1E,0.0,0.0,False,0.3593813663804626,0.5,0.5046055989745447,0.0747289938586627,-0.3854363412913411,-1.1621549064364405,0.4647895400848721,0.6491916859122402
FOXO3,0.0,0.0,False,0.3593813663804626,0.5,0.5029870629927526,0.0006708293272745532,-0.07630738029260345,-2.0771463718729617,0.12595098826318002,0.20891454965357967
FOSL2,0.0,0.0,False,0.3593813663804626,0.5,0.5029255443450308,0.015822219076602556,-0.1961108102924571,-1.424140810903888,0.17813587185074742,0.32545034642032333
GLUL,0.0,0.0,False,0.3593813663804626,0.5,0.5028800597558389,0.0046371700049427774,-0.12745919300995578,-1.6905946156972866,0.2689528615666934,0.393810623556582
GUK1,0.0,0.0,False,0.3593813663804626,0.5,0.5007058230535406,0.015544356069709934,-0.18970904333418603,-1.4594645893825349,0.5696945368352639,0.7142725173210162
CFI,0.0,0.0,False,0.3593813663804626,0.5,0.4989554732241311,0.013602566419004147,0.1474539910776188,1.8130316518177625,0.25322093512252936,0.17635103926096998
CRHBP,0.0,0.0,False,0.3593813663804626,0.5,0.4982360054963034,0.003173250911077989,-0.11458589414658879,-1.7403049857469874,0.029533203349007914,0.07713625866050808
FOS,0.0,0.0,False,0.3593813663804626,0.5,0.4954181171646133,0.11028547917937294,-0.5284373746374144,-0.9791469865076795,0.3556218220743969,0.5446651270207852
NDUFS6,0.0,0.0,False,0.3593813663804626,0.5,0.49514880760047253,0.013857275937341429,-0.17693509368021598,-1.5059160336069686,0.5605382880299729,0.6957505773672056
NDUFAB1,0.0,0.0,False,0.3593813663804626,0.5,0.49097256351966206,0.0206415606453131,-0.1984236403964864,-1.4682416833635945,0.46438811790342926,0.6144572748267898
RPL37A,0.0,0.0,False,0.3593813663804626,0.5,0.4901560318956609,0.061395337858849784,-0.3326217963071434,-1.2159887169303618,0.7757005772833276,0.8938568129330254
TPST2,0.0,0.0,False,0.3593813663804626,0.5,0.48759614658114764,0.0014634391233768551,-0.08771247128618703,-1.9611158622544733,0.14024926405933402,0.24438799076212472
EID1,0.0,0.0,False,0.3593813663804626,0.5,0.4860632160466479,0.012022911040835109,-0.16606449855922367,-1.5244630698445198,0.4757426310356692,0.614133949191686
PFDN2,0.0,0.0,False,0.3593813663804626,0.5,0.484548177792836,0.01093611746990469,-0.16295090429715525,-1.5162551648214275,0.3539587873227052,0.511501154734411
NDUFA6,0.0,0.0,False,0.3593813663804626,0.5,0.48072404257720247,0.014022350946127861,-0.17828993691339556,-1.4549618377857454,0.4144588446687311,0.5372748267898383
LINC00473,0.0,0.0,False,0.3593813663804626,0.5,0.47964887632568826,0.0019351118691130222,-0.08954334145720738,-1.9742097501107663,0.00894598004358298,0.08674364896073904
NDUFA12,0.0,0.0,False,0.3593813663804626,0.5,0.47447076750377526,0.020752181863702836,-0.19535940833918508,-1.443136688409396,0.39438773559658985,0.5406466512702078
COX17,0.0,0.0,False,0.3593813663804626,0.5,0.47209082248493917,0.01662025894722065,-0.1890274156765579,-1.403577498265114,0.44787246243835305,0.5895150115473441
ARRDC3,0.0,0.0,False,0.3593813663804626,0.5,0.4701311036589663,0.010658338079677523,0.13751170320061434,1.7334209258758353,0.25232251404977635,0.20124711316397229
MDM4,0.0,0.0,False,0.3593813663804626,0.5,0.4685245292935498,0.019355681695481457,0.16840799056523453,1.6239165986317514,0.3167412165003632,0.2676674364896074
MRPL15,0.0,0.0,False,0.3593813663804626,0.5,0.46726486559043146,0.001732927169846253,-0.090950122465598,-1.8606251082440861,0.20598692510609015,0.32235565819861434
COX5A,0.0,0.0,False,0.3593813663804626,0.5,0.46628842787465447,0.02090065550622786,-0.20404481191991697,-1.3603828187341438,0.4998088465802653,0.6081293302540416
ATF4,0.0,0.0,False,0.3593813663804626,0.5,0.465297432871381,0.005740710749811745,-0.12709963885850223,-1.633570302314855,0.22219673509959093,0.3558891454965358
APOLD1,0.0,0.0,False,0.3593813663804626,0.5,0.4648272271956316,0.011693402016919385,-0.1536999003247388,-1.5652999153235427,0.012176472837099056,0.08129330254041571
PXN,0.0,0.0,False,0.3593813663804626,0.5,0.4634406026728221,0.0013305339285312678,-0.08198038933916546,-1.9656180935988274,0.12921971174064303,0.22120092378752887
DDIT3,0.0,0.0,False,0.3593813663804626,0.5,0.4607657778540813,0.010729402376421424,-0.15223529892416426,-1.536828911580456,0.17358642046106204,0.289284064665127
MRPL41,0.0,0.0,False,0.3593813663804626,0.5,0.4578860663497869,0.018335857515176805,-0.17834986309269285,-1.4782917385496546,0.521160683564629,0.6509006928406467
ID2,0.0,0.0,False,0.3593813663804626,0.5,0.4559107354413539,0.00469227238236715,-0.1157517249828772,-1.6914311455526703,0.18299116871200827,0.2832794457274827
COX7C,0.0,0.0,False,0.3593813663804626,0.5,0.4538360479520237,0.05842947625825399,-0.29910637727399303,-1.2302139212900836,0.8280957296326031,0.8974133949191686
GNG7,0.0,0.0,False,0.3593813663804626,0.5,0.45207160397408014,0.0002836478309306808,-0.057024866804256,-2.2348828315207214,0.08041824368237947,0.15090069284064664
MRPS36,0.0,0.0,False,0.3593813663804626,0.5,0.45035434244479994,0.013686958749773227,-0.15432296865149353,-1.5658472787991697,0.33337156401728024,0.4943187066974596
CHCHD10,0.0,0.0,False,0.3593813663804626,0.5,0.4496255335276577,0.03445098636754656,-0.23645590366933944,-1.299919162595918,0.654872500669037,0.7356120092378753
SH3BP4,0.0,0.0,False,0.3593813663804626,0.5,0.44470257709575156,0.001493148210410483,-0.08261986817539431,-1.9047097617017026,0.08718507474098712,0.19108545034642033
NDRG1,0.0,0.0,False,0.3593813663804626,0.5,0.4445460083080558,0.015544356069709934,-0.16149776315453446,-1.5221209294112215,0.3473639943418588,0.4841108545034642
COX7A2,0.0,0.0,False,0.3593813663804626,0.5,0.43680968873776543,0.031652477169129715,-0.21996681450427302,-1.324225347655446,0.6706617731391215,0.7688221709006928
NDRG2,0.0,0.0,False,0.3593813663804626,0.5,0.43450653934612127,0.010417547713029673,-0.14368379694783617,-1.52557474284533,0.2176855143938525,0.34036951501154733
STARD8,0.0,0.0,False,0.3593813663804626,0.5,0.4344151079921261,0.000882188545119838,-0.06946657852092666,-2.0473760301170696,0.04595328210421684,0.11034642032332563
SLC45A4,0.0,0.0,False,0.3593813663804626,0.5,0.43074053875461044,0.001674370033871872,-0.08017011100192464,-1.9353546472280692,0.05017777268035325,0.14060046189376443
NDUFB9,0.0,0.0,False,0.3593813663804626,0.5,0.43011880153264437,0.019395665358768945,-0.18198149932127317,-1.3803287037393979,0.5062889475092709,0.614364896073903
IL32,0.0,0.0,False,0.3593813663804626,0.5,0.42771906364619433,0.04506699510210988,0.23750226269790675,1.3378276742048052,0.26757655694460375,0.17279445727482678
SNCG,0.0,0.0,False,0.3593813663804626,0.5,0.42622373016720055,0.002733390792690321,-0.0926638924049226,-1.7944358682958166,0.06604350651833162,0.12494226327944573
BHLHE40,0.0,0.0,False,0.3593813663804626,0.5,0.42558144481330595,0.024213824649066348,-0.19507973505509912,-1.35003866892244,0.1528271590778759,0.30032332563510394
IDH2,0.0,0.0,False,0.3593813663804626,0.5,0.42159948575396683,0.01713339627342729,-0.16609660320707226,-1.437176567599513,0.34487899988530796,0.460554272517321
CCNB1IP1,0.0,0.0,False,0.3593813663804626,0.5,0.41519548311760834,0.0010219778797644031,-0.06973362231044627,-1.9909396331814027,0.16588293764575449,0.26369515011547345
COX8A,0.0,0.0,False,0.3593813663804626,0.5,0.41403688881717854,0.06033503239536936,-0.27858761840388224,-1.2187656080436584,0.7562411591543373,0.8465127020785219
SCAND1,0.0,0.0,False,0.3593813663804626,0.5,0.41309092502458317,0.008911932304852882,-0.12620422184759494,-1.5966581877469874,0.46802003287838817,0.6109930715935334
FERMT2,0.0,0.0,False,0.3593813663804626,0.5,0.4129689938713651,0.0026427517417443184,-0.08955918849613118,-1.7886850567258208,0.14250487441220325,0.24651270207852194
KLF15,0.0,0.0,False,0.3593813663804626,0.5,0.40664865492349483,0.003539062867171277,-0.094876184928912,-1.7486344096051931,0.02582482700615514,0.12392609699769053
CTGF,0.0,0.0,False,0.3593813663804626,0.5,0.4037598659512654,0.02122849423140215,-0.17778172736988196,-1.357435203835072,0.0561035286921283,0.16138568129330255
FGL2,0.0,0.0,False,0.3593813663804626,0.5,0.4024819265457535,0.024051659398103782,0.16116026691168556,1.5426964007567525,0.2614023014871736,0.20046189376443418
MRPL55,0.0,0.0,False,0.3593813663804626,0.5,0.4024701041775907,0.001732927169846253,-0.07860239952162434,-1.8543719977941526,0.23498489887984095,0.3515473441108545
NDUFA1,0.0,0.0,False,0.3593813663804626,0.5,0.40217252600417586,0.061395337858849784,-0.2817581141327703,-1.1778279756056793,0.6721527698130519,0.778337182448037
GABARAPL2,0.0,0.0,False,0.3593813663804626,0.5,0.4011029554722399,0.017267375702289547,-0.15611641203060367,-1.4575073303536799,0.5037848377107467,0.6442032332563511
DUSP8,0.0,0.0,False,0.3593813663804626,0.5,0.4011016108872959,0.001732927169846253,-0.07244137917951166,-2.0052417333065127,0.022881064342241082,0.10023094688221709
KANSL1L,0.0,0.0,False,0.3593813663804626,0.5,0.4003555477899718,0.006933696900915854,0.0939245600134934,1.9742719235483301,0.17194250105134382,0.13625866050808313
VCAM1,0.0,0.0,False,0.3593813663804626,0.5,0.39928645897531667,0.021439284451490292,0.1423372656553319,1.6809869792781444,0.14005811063959933,0.07002309468822171
MINOS1,0.0,0.0,False,0.3593813663804626,0.5,0.39807069798273853,0.09423002386108956,-0.3370399998353596,-1.1513610677388766,0.47241656153228584,0.6873903002309468
PLEKHA1,0.0,0.0,False,0.3593813663804626,0.5,0.39504477164747787,0.007373933936552548,0.09709586669479775,1.9080823508210667,0.2135183698436365,0.19344110854503463
STAT1,0.0,0.0,False,0.3593813663804626,0.5,0.39176836029945117,0.010541386813332578,0.10842039401293818,1.8276340781149987,0.19449860458003593,0.14314087759815242
PAPPA2,0.0,0.0,False,0.3593813663804626,0.5,0.3906717513068681,0.023885426030480158,0.14943123617551718,1.6119641567767933,0.11740643040103987,0.06900692840646651
SLC35F5,0.0,0.0,False,0.3593813663804626,0.5,0.3900531037305409,0.019546998159429948,0.13514660216587843,1.6888726109259282,0.24546010628130138,0.1891916859122402
CHCHD2,0.0,0.0,False,0.3593813663804626,0.5,0.38623043768661697,0.04771592228649241,-0.23266401104029244,-1.2563301871676718,0.712964024926406,0.8217551963048498
HSF1,0.0,0.0,False,0.3593813663804626,0.5,0.38374018667997223,0.0034761122191359385,-0.09022381383683378,-1.7297133497803863,0.15422257904193906,0.2663279445727483
PPP1R15B,0.0,0.0,False,0.3593813663804626,0.5,0.3826502210684698,0.0014610465543589493,-0.06816303996792927,-1.9799238799492473,0.07701571281110219,0.17270207852193994
SLC25A5,0.0,0.0,False,0.3593813663804626,0.5,0.37858396152907153,0.0769148137950117,-0.2890238058550454,-1.1758374842724981,0.5561226440341017,0.7097921478060046
KLK1,0.0,0.0,False,0.3593813663804626,0.5,0.3774070399129806,0.032388705241628124,-0.19963178700762912,-1.269137770628048,0.029724356768742594,0.10568129330254042
CYC1,0.0,0.0,False,0.3593813663804626,0.5,0.37584369932022066,0.017267375702289547,-0.1528813206085422,-1.394621305681802,0.38167603318423365,0.5018475750577367
RPL7,0.0,0.0,False,0.3593813663804626,0.5,0.3749367291518324,0.033314028985442126,-0.18207641819498255,-1.39384401343715,0.6811752112245288,0.7945496535796767
NDUFB3,0.0,0.0,False,0.3593813663804626,0.5,0.37491572446241,0.035465942460144985,-0.19990386933797333,-1.2932664165109242,0.5043965286538976,0.6318706697459584
BEX1,0.0,0.0,False,0.3593813663804626,0.5,0.37344910719584495,0.0007594220034130838,-0.05825354956353293,-2.055046721349589,0.058932599304201555,0.12623556581986142
TBC1D1,0.0,0.0,False,0.3593813663804626,0.5,0.37187592030393263,0.005177602977539734,-0.09748710242048977,-1.6687801658905663,0.20227854876323736,0.3128868360277136
HNF1B,0.0,0.0,False,0.3593813663804626,0.5,0.3709547529116335,0.006327749765945717,0.09155500801213398,1.8427348252309277,0.17846083266429635,0.1522863741339492
ADM,0.0,0.0,False,0.3593813663804626,0.5,0.37068861060465186,0.015700378379745836,-0.14466102548816878,-1.4203635951625366,0.06323355124823184,0.15242494226327943
TNFAIP8,0.0,0.0,False,0.3593813663804626,0.5,0.37049490407027585,0.007770836368359079,0.08795919830033662,1.9967091600212554,0.11742554574301334,0.062448036951501154
TMEM88,0.0,0.0,False,0.3593813663804626,0.5,0.3686567540828065,0.006669120807324523,-0.10646575842073941,-1.5913548800977222,0.04144206139847842,0.10143187066974596
ITPRIP,0.0,0.0,False,0.3593813663804626,0.5,0.3679104494117145,0.003261678456296378,-0.0798734063012173,-1.8524273048985351,0.017012654356386436,0.07399538106235566
WFDC1,0.0,0.0,False,0.3593813663804626,0.5,0.36614771888612524,0.001732927169846253,-0.06634238844560567,-1.9987766553055681,0.01741407653782926,0.06863741339491918
ITGA8,0.0,0.0,False,0.3593813663804626,0.5,0.36563031221923753,0.000882188545119838,-0.05852000263828753,-2.045532852385701,0.012520548992621477,0.052702078521939956
CPM,0.0,0.0,False,0.3593813663804626,0.5,0.3573237687905633,0.008716077407540055,-0.11288069070113746,-1.536889782465367,0.16792827923691556,0.2821709006928406
NR0B2,0.0,0.0,False,0.3593813663804626,0.5,0.35702353791901087,0.003733647928403674,-0.08408348864852003,-1.7488851885036447,0.0447299002179149,0.11741339491916859
ZFP36L2,0.0,0.0,False,0.3593813663804626,0.5,0.35660997189607163,0.04014542770433265,-0.2122231469425666,-1.2033781375142423,0.347249302290018,0.4673903002309469
MACC1,0.0,0.0,False,0.3593813663804626,0.5,0.35617701923571676,0.024283142475095533,0.13432659821526322,1.6421519788712184,0.1776006422754903,0.10872979214780601
GNA11,0.0,0.0,False,0.3593813663804626,0.5,0.3503713024700859,0.0018980775931965407,-0.0700713650368994,-1.8371724506734959,0.1603968344993692,0.2557043879907621
TUBB2A,0.0,0.0,False,0.3593813663804626,0.5,0.34634968670095656,0.006001638988297391,-0.09615553773736066,-1.6212470283355507,0.1034522307604083,0.1917782909930716
CDC42,0.0,0.0,False,0.3593813663804626,0.5,0.3449356175900098,0.04049330770336634,0.18991194118182309,1.3042299082528368,0.6177696218985358,0.6387990762124711
CRABP1,0.0,0.0,False,0.3593813663804626,0.5,0.3448323387274946,0.0061838331773251065,-0.0971868005212014,-1.606407292224097,0.03754253163589097,0.12854503464203235
OGDHL,0.0,0.0,False,0.3593813663804626,0.5,0.3446136557107534,0.0215203443536671,-0.15074901213775077,-1.371207332882664,0.3117138815613411,0.44073903002309467
CA12,0.0,0.0,False,0.3593813663804626,0.5,0.3436263992888482,0.07072475888085089,-0.2623655930141562,-1.1384658282618407,0.45089268647016095,0.5338106235565819
MEPCE,0.0,0.0,False,0.3593813663804626,0.5,0.34288067475832346,0.001335808013394489,-0.05888202039124962,-2.0259786533181168,0.07791413388385518,0.15293302540415704
NDUFB4,0.0,0.0,False,0.3593813663804626,0.5,0.34166565725558,0.054102656217042557,-0.22227384328151867,-1.213420384540377,0.529781702794663,0.6620323325635104
ETS2,0.0,0.0,False,0.3593813663804626,0.5,0.3393106120498675,0.021237859451910368,-0.15032986422326755,-1.3492268804316967,0.11409947623962993,0.24
FLRT3,0.0,0.0,False,0.3593813663804626,0.5,0.3379010356063999,0.003733647928403674,0.07283655040923062,1.910800412949197,0.12235730397216807,0.07833718244803695
UAP1,0.0,0.0,False,0.3593813663804626,0.5,0.33754181023167396,0.00666747360786497,-0.09703096617828615,-1.5986397428942714,0.08259739266735482,0.17113163972286374
PTPRB,0.0,0.0,False,0.3593813663804626,0.5,0.3372233084085828,0.01534877662535233,-0.12879663232689412,-1.443422448650739,0.06311885919639103,0.11367205542725173
METRNL,0.0,0.0,False,0.3593813663804626,0.5,0.33604434678372613,0.020544776111234807,-0.14626663710619842,-1.3616308247734599,0.24760102458232977,0.36785219399538105
CSRP2,0.0,0.0,False,0.3593813663804626,0.5,0.3328908187287424,0.012750210107957393,-0.11840520951004524,-1.4840221135752785,0.12444087624727607,0.2082217090069284
PKHD1,0.0,0.0,False,0.3593813663804626,0.5,0.3327969119430549,0.03344629140670895,0.14943283583876057,1.509208663859475,0.2537752800397599,0.20877598152424942
EGF,0.0,0.0,False,0.3593813663804626,0.5,0.33260673422804027,0.057755193025082766,-0.226704588564551,-1.184695235809263,0.13550865924991398,0.2392147806004619
ARID5B,0.0,0.0,False,0.3593813663804626,0.5,0.32791656875767683,0.022660535310906928,-0.1482229663501177,-1.345096027374321,0.1799900600221738,0.29478060046189375
PRR15,0.0,0.0,False,0.3593813663804626,0.5,0.3262035135130243,0.002148736988092666,-0.06455285344992887,-1.894162336401233,0.04499751500554345,0.12147806004618937
BICC1,0.0,0.0,False,0.3593813663804626,0.5,0.3245532848064094,0.031050905529175672,0.15225263690133561,1.4136478409307085,0.32140535994188935,0.29140877598152426
GDF15,0.0,0.0,False,0.3593813663804626,0.5,0.3240543296807993,0.05929810566244864,-0.23632637904962495,-1.117572002154645,0.1957793324922583,0.302540415704388
PAX2,0.0,0.0,False,0.3593813663804626,0.5,0.3239427457923174,0.031399110229325615,0.14016102223765106,1.5376522868767801,0.2351951676415491,0.18327944572748267
VAMP2,0.0,0.0,False,0.3593813663804626,0.5,0.3223491061160965,0.02608811144737055,-0.15094002272102058,-1.348615852640086,0.4034484076920136,0.5375519630484988
PQLC1,0.0,0.0,False,0.3593813663804626,0.5,0.32098005319614714,0.007373933936552548,-0.08550049341633531,-1.7606010740794966,0.09393279045762129,0.21168591224018476
EIF3K,0.0,0.0,False,0.3593813663804626,0.5,0.31858664082018745,0.028541105670289692,-0.1532981994409961,-1.3455330873812088,0.6314370914095653,0.7316397228637413
IER2,0.0,0.0,False,0.3593813663804626,0.5,0.3176614754602636,0.13032785346328202,-0.3892102567011677,-0.9222640450986179,0.39817257330733646,0.5538568129330254
HBEGF,0.0,0.0,False,0.3593813663804626,0.5,0.31754997051296713,0.012926451511916551,-0.10982595529937356,-1.5310357885893604,0.02137095232633712,0.108175519630485
TRIB1,0.0,0.0,False,0.3593813663804626,0.5,0.31655610209096385,0.0183357761104372,-0.12726397240611767,-1.432254628755006,0.07730244294070421,0.20267898383371824
SLPI,0.0,0.0,False,0.3593813663804626,0.5,0.31611735513864014,0.08049359384261534,0.22274700460517388,1.2969534950097954,0.11329663187674427,0.022494226327944573
JUNB,0.0,0.0,False,0.3593813663804626,0.5,0.31343973194898805,0.1415204709538895,-0.4030691870758678,-0.9157444914863311,0.36900256145582444,0.5451732101616629
CCND1,0.0,0.0,False,0.3593813663804626,0.5,0.3132001348424475,0.01433027699644427,-0.11273520756226679,-1.506820146930438,0.19337079940360133,0.3022632794457275
FDX1,0.0,0.0,False,0.3593813663804626,0.5,0.3113578390640882,0.023528919829325624,-0.14182112637241373,-1.3482123812419016,0.2930955384791834,0.44678983833718244
SLCO2A1,0.0,0.0,False,0.3593813663804626,0.5,0.3106214372162126,0.008543418079615603,-0.097323206065322,-1.543075358255669,0.05356118820965707,0.0994919168591224
MAP2K3,0.0,0.0,False,0.3593813663804626,0.5,0.31038243359320616,0.007513944361078151,-0.09198075081074067,-1.5886150658545237,0.11109836754979546,0.22757505773672054
ADAM10,0.0,0.0,False,0.3593813663804626,0.5,0.30935354485099414,0.025115340990969917,0.12058941517946906,1.6032800536439205,0.21866039683449937,0.17445727482678983
HLA-DRB5,0.0,0.0,False,0.3593813663804626,0.5,0.3086686018849686,0.04914554436600674,-0.20233959447195143,-1.1658229271790843,0.03201819780555874,0.14374133949191686
POMP,0.0,0.0,False,0.3593813663804626,0.5,0.30840108247681164,0.03205540720530349,-0.1625863650857977,-1.2695578161887422,0.5197461482585923,0.6665588914549654
GLRX5,0.0,0.0,False,0.3593813663804626,0.5,0.30828336707999676,0.020770985687314725,-0.13326766237548615,-1.3748621917868742,0.3718889780938181,0.5205080831408776
FCN3,0.0,0.0,False,0.3593813663804626,0.5,0.30818799401644525,0.008531188805839272,-0.09486565895007543,-1.570175522987018,0.0164391940971824,0.05967667436489607
NDUFV3,0.0,0.0,False,0.3593813663804626,0.5,0.30805949558949003,0.006267335637646818,-0.08709954018907218,-1.6055380188982145,0.3024811713881561,0.4302540415704388
HOXA3,0.0,0.0,False,0.3593813663804626,0.5,0.3068973314074203,0.003992857741351144,0.05821871977428086,2.197614943356628,0.07372787399166571,0.03926096997690531
PAX8,0.0,0.0,False,0.3593813663804626,0.5,0.30481541597959244,0.0808638615964582,0.21926637781072728,1.272754414341949,0.3335818327789884,0.27833718244803696
ARRDC2,0.0,0.0,False,0.3593813663804626,0.5,0.30210493985742937,0.0019243837469836037,-0.05983296134698209,-1.8592346548981016,0.039721680620866305,0.08290993071593533
JOSD1,0.0,0.0,False,0.3593813663804626,0.5,0.3016436866429477,0.0025534605296710024,-0.06476533396725247,-1.7962663958590146,0.07376610467561265,0.15140877598152425
NDUFS4,0.0,0.0,False,0.3593813663804626,0.5,0.29945422020507567,0.020294662147805342,-0.12716158682567652,-1.391283067141913,0.28235271629009445,0.4169515011547344
ZDHHC2,0.0,0.0,False,0.3593813663804626,0.5,0.2983296156937011,0.018990458525663705,0.10605193749033362,1.6341039432774092,0.2244714607944336,0.19422632794457276
SBDS,0.0,0.0,False,0.3593813663804626,0.5,0.29747600516456774,0.013879538145204845,-0.10363802396013172,-1.5451646829321037,0.2816645639790496,0.41265588914549656
TMED2,0.0,0.0,False,0.3593813663804626,0.5,0.2970565750669131,0.031340046943281664,0.13379368032351435,1.4763336093199455,0.3673012960201858,0.34882217090069284
TACC1,0.0,0.0,False,0.3593813663804626,0.5,0.2964553338869266,0.04001537394463481,-0.1699066530736471,-1.2482805370777756,0.18608785411171005,0.3145958429561201
ENSA,0.0,0.0,False,0.3593813663804626,0.5,0.2951961977052932,0.011841286159604577,-0.10165280854563763,-1.5072995442843575,0.2768283824597622,0.4031408775981524
FOSB,0.0,0.0,False,0.3593813663804626,0.5,0.29227684122209774,0.09069806955016191,-0.27886722733576597,-1.0054528478166684,0.1535344267308942,0.3020785219399538
CXADR,0.0,0.0,False,0.3593813663804626,0.5,0.29004149237233706,0.0215203443536671,0.1060292023443997,1.6408155226000518,0.1836793210230531,0.13408775981524249
TOMM7,0.0,0.0,False,0.3593813663804626,0.5,0.2898962734022338,0.06971929908410203,-0.21793875403403384,-1.1500251491331879,0.6884581565164201,0.8095150115473441
ATP1B2,0.0,0.0,False,0.3593813663804626,0.5,0.2881193501167497,0.003130696124427777,-0.06519364384171909,-1.764698722008751,0.05996482777076882,0.13344110854503463
IGFBP4,0.0,0.0,False,0.3593813663804626,0.5,0.2872638898771149,0.04990329830288588,-0.18988676226411294,-1.1620330448255354,0.16546240012233818,0.28036951501154733
PPTC7,0.0,0.0,False,0.3593813663804626,0.5,0.28548075540547724,0.001717737421518392,-0.05235459559108917,-1.972059905585069,0.08091524257368965,0.1581986143187067
S100A11,0.0,0.0,False,0.3593813663804626,0.5,0.2853778111795474,0.15918144962591982,0.3706803186311518,0.9646266557482923,0.7562411591543373,0.6792147806004619
FAM107A,0.0,0.0,False,0.3593813663804626,0.5,0.28361259085946433,0.010651681529873615,-0.09561073123217043,-1.5037783911808558,0.09876897197690866,0.1659122401847575
CCNL1,0.0,0.0,False,0.3593813663804626,0.5,0.2835443163505817,0.03540463574188444,-0.1582528696480061,-1.2348662972269893,0.19509118018121344,0.34277136258660507
RASSF7,0.0,0.0,False,0.3593813663804626,0.5,0.28298165514994195,0.04534361103583753,0.14615858011123706,1.441124500992893,0.2910501968880223,0.2441570438799076
RAMP3,0.0,0.0,False,0.3593813663804626,0.5,0.2804084146636957,0.017267375702289547,-0.11323268901080483,-1.4048264265555166,0.050158657338379785,0.09879907621247114
TSPYL2,0.0,0.0,False,0.3593813663804626,0.5,0.28036327466896216,0.00550910310075196,-0.07258306203947665,-1.709956887025758,0.03154031425622204,0.10683602771362587
BAIAP2,0.0,0.0,False,0.3593813663804626,0.5,0.27899937640376743,0.0044366442955872465,-0.06970334276555473,-1.7011310788695597,0.046717895783155564,0.12244803695150115
NDUFA3,0.0,0.0,False,0.3593813663804626,0.5,0.27872125495590944,0.061242676266796796,-0.20557834361839888,-1.1177670860666933,0.6043888825171082,0.7212009237875289
USP36,0.0,0.0,False,0.3593813663804626,0.5,0.2779776712012621,0.0020405881701636057,-0.05616633421504794,-1.8396790314077833,0.054058187100967235,0.12374133949191686
RBM8A,0.0,0.0,False,0.3593813663804626,0.5,0.2778035105526328,0.02001181632126584,-0.1194560773397223,-1.3690185851533467,0.31752494552127536,0.4488683602771363
VDAC2,0.0,0.0,False,0.3593813663804626,0.5,0.2774310324216137,0.029918364198198613,-0.14255643525708084,-1.2769254182247223,0.37899988530794815,0.5134411085450347
TSC22D1,0.0,0.0,False,0.3593813663804626,0.5,0.27736282219073743,0.06499184857887434,-0.20733615422702945,-1.126862338253718,0.39515234927552856,0.505958429561201
HSPA1A,0.0,0.0,False,0.3593813663804626,0.5,0.2770991577779928,0.13333832679496227,-0.34888721778441223,-0.9076528178086198,0.3920747792178002,0.5222632794457275
LONRF1,0.0,0.0,False,0.3593813663804626,0.5,0.27698724388786944,0.0016301753997693372,-0.051541041914355296,-1.9277482182782026,0.05115265512100012,0.1181986143187067
LDLR,0.0,0.0,False,0.3593813663804626,0.5,0.27659449332765007,0.027262672355497754,-0.13235023083214786,-1.335864022238936,0.027048208892457085,0.1461431870669746
CYR61,0.0,0.0,False,0.3593813663804626,0.5,0.2763922405997474,0.07611685266700037,-0.2347685333006173,-1.0525494899413754,0.07225599265970868,0.21450346420323327
KIF12,0.0,0.0,False,0.3593813663804626,0.5,0.2762903697811962,0.04868233708895356,0.15819345474887403,1.3305628110011587,0.3239477004243606,0.27912240184757503
PHC2,0.0,0.0,False,0.3593813663804626,0.5,0.27561978772980483,0.007754775154238044,-0.07688911744166055,-1.6985346216434476,0.19925832473142943,0.2994919168591224
DLGAP1-AS1,0.0,0.0,False,0.3593813663804626,0.5,0.27502765567456966,0.004064072393210106,-0.06792588845229067,-1.693380126273391,0.0890392629124135,0.171824480369515
HYAL2,0.0,0.0,False,0.3593813663804626,0.5,0.27496678844255507,0.031428471389245136,-0.14229808061889102,-1.285924985109494,0.14089918568643192,0.2110392609699769
FAM162A,0.0,0.0,False,0.3593813663804626,0.5,0.27228515443550866,0.027953365627396844,-0.13126464319239772,-1.3352006104907843,0.36257980655273925,0.48448036951501156
GNAS,0.0,0.0,False,0.3593813663804626,0.5,0.27158689616371295,0.08355332068583632,-0.24128380799096139,-1.0441124025659887,0.6842910119662041,0.7642032332563511
MRFAP1,0.0,0.0,False,0.3593813663804626,0.5,0.2714593275284023,0.028274101983612403,-0.12806092840263672,-1.368818079157194,0.3431395037657224,0.4898845265588915
FZD4,0.0,0.0,False,0.3593813663804626,0.5,0.2713089607542164,0.008246697018700226,-0.0840355734808261,-1.5493931000689234,0.1285315594295982,0.2104849884526559
JMJD6,0.0,0.0,False,0.3593813663804626,0.5,0.268838747976934,0.003130696124427777,-0.058557200929190305,-1.8332215565001253,0.05059831020376954,0.1259122401847575
ENY2,0.0,0.0,False,0.3593813663804626,0.5,0.26838394660988335,0.030641047633998067,-0.13238491436171873,-1.3393042929999133,0.39352754520778377,0.5435565819861432
TMEM52B,0.0,0.0,False,0.3593813663804626,0.5,0.2654793681901655,0.13141419372675456,-0.31456355015228726,-0.9575691860461587,0.22982375654700463,0.33551963048498845
A2M,0.0,0.0,False,0.3593813663804626,0.5,0.2647478145343851,0.04405767431556645,-0.1584604189110133,-1.2321364413238685,0.11088809878808732,0.17491916859122403
NDUFA5,0.0,0.0,False,0.3593813663804626,0.5,0.26204533713904965,0.02090065550622786,-0.1149474162391364,-1.3570919678978257,0.4850326872347746,0.6031870669745959
MET,0.0,0.0,False,0.3593813663804626,0.5,0.2595776962509325,0.02122849423140215,0.09530768447967596,1.627880562045007,0.15695607294414496,0.12087759815242494
DUSP5,0.0,0.0,False,0.3593813663804626,0.5,0.2594744463542198,0.015986195383028222,-0.09821108725736313,-1.470842306365631,0.022288488741063577,0.10443418013856813
TIMM10,0.0,0.0,False,0.3593813663804626,0.5,0.2585680887425952,0.011029146087331257,-0.08695371783198941,-1.5191277344091185,0.25159613105478457,0.3771824480369515
NDUFA2,0.0,0.0,False,0.3593813663804626,0.5,0.2583501320825701,0.050185173953985335,-0.16395705504800306,-1.2126277594225439,0.5415185227663722,0.6665588914549654
SLC25A6,0.0,0.0,False,0.3593813663804626,0.5,0.2578343234500489,0.07354359723010498,-0.20204661181464445,-1.1258611315597304,0.5977558588523149,0.7228175519630485
BEX5,0.0,0.0,False,0.3593813663804626,0.5,0.2576953661533677,0.0052466651605722935,-0.0678829671962708,-1.6649021944184728,0.11291432503727492,0.1902540415704388
STX7,0.0,0.0,False,0.3593813663804626,0.5,0.25709266861458835,0.004934786039987574,0.06565571754505636,1.6975401754704016,0.2321558282677677,0.23930715935334873
LNPEP,0.0,0.0,False,0.3593813663804626,0.5,0.256461824240386,0.05929810566244864,0.1538815340843924,1.3583325422282528,0.2729097373552013,0.23057736720554273
DEFB1,0.0,0.0,False,0.3593813663804626,0.5,0.25261987984608036,0.24429384913225213,-0.515008666233788,-0.8013818453429229,0.6269449860458004,0.5599076212471131
HOXB3,0.0,0.0,False,0.3593813663804626,0.5,0.25246851784664937,0.024241453231328796,0.10065340637300324,1.552700019724102,0.1788622548457392,0.14073903002309468
PPIF,0.0,0.0,False,0.3593813663804626,0.5,0.25238480770694904,0.004390885365203517,-0.06380268449973664,-1.6779621232007373,0.13646442634858738,0.22628175519630486
CAPZA1,0.0,0.0,False,0.3593813663804626,0.5,0.25188428236826643,0.0189069825172792,0.09407137628080056,1.553685390027592,0.2458615284627442,0.23247113163972286
MEF2D,0.0,0.0,False,0.3593813663804626,0.5,0.2515340839329462,0.0022664229875073486,-0.05260821993026944,-1.807896429538724,0.0575371793401384,0.12120092378752886
RASGRP1,0.0,0.0,False,0.3593813663804626,0.5,0.25037340361444543,0.0011040354811954402,0.0385204177518141,2.1980794604187106,0.059639866957219866,0.03658198614318707
CMC1,0.0,0.0,False,0.3593813663804626,0.5,0.24966533736686536,0.012764036710807586,-0.09013822862271081,-1.4624011350553898,0.20786022861949,0.3207852193995381
TMA7,0.0,0.0,False,0.3593813663804626,0.5,0.24962760015076801,0.09502577787480944,-0.2335262394404105,-1.0457759331615555,0.736418549527851,0.8328868360277136
CMTM8,0.0,0.0,False,0.3593813663804626,0.5,0.24891400818797055,0.0019243837469836037,-0.050037682461460946,-1.8317619296882819,0.04927935160760026,0.09912240184757506
KRT10,0.0,0.0,False,0.3593813663804626,0.5,0.24808409323965272,0.04868233708895356,-0.15464585573194278,-1.2221338597419287,0.41789960622395533,0.5532101616628176
BAG3,0.0,0.0,False,0.3593813663804626,0.5,0.24756232032954356,0.021360932218518848,-0.10598544845492791,-1.3983731414451612,0.06392170355927668,0.1666974595842956
SOX4,0.0,0.0,False,0.3593813663804626,0.5,0.24743160142679765,0.08584852385642018,0.20802718917968233,1.1154985963446427,0.36028596551592307,0.266189376443418
BTG3,0.0,0.0,False,0.3593813663804626,0.5,0.2469307085254771,0.025912590253094534,-0.11910916192098062,-1.3067509403266815,0.15148908513973314,0.2660969976905312
PSMB4,0.0,0.0,False,0.3593813663804626,0.5,0.24692949049305435,0.02142634933793198,-0.10684957963604247,-1.3846191125144613,0.2835378674924494,0.4153348729792148
PLCXD2,0.0,0.0,False,0.3593813663804626,0.5,0.24684974579395094,0.011029146087331257,-0.0845147158069495,-1.4921341563206745,0.1732614596475131,0.2717321016166282
ANKS1A,0.0,0.0,False,0.3593813663804626,0.5,0.2461215404752522,0.001732927169846253,-0.0469768907398745,-1.8974240213422202,0.062029284703903356,0.10826789838337182
FXYD6,0.0,0.0,False,0.3593813663804626,0.5,0.24565474750080452,0.004277072513249611,-0.06083132982795156,-1.7047459560417693,0.043047750124249724,0.08272517321016166
GEM,0.0,0.0,False,0.3593813663804626,0.5,0.24563579303319852,0.0029186275912803134,-0.05348898689602688,-1.81167348341327,0.019325610735176052,0.08147806004618938
AHCYL1,0.0,0.0,False,0.3593813663804626,0.5,0.24497193321615798,0.014450499830571619,-0.08873542781076627,-1.5002851602402725,0.3078334671407271,0.4104849884526559
ATP6V1G1,0.0,0.0,False,0.3593813663804626,0.5,0.2443166540058203,0.0381708274438437,-0.14129840869051757,-1.2191506278859106,0.5745880643804717,0.7060508083140877
MAP3K6,0.0,0.0,False,0.3593813663804626,0.5,0.2421599405745092,0.0017261167522738138,-0.0465855442216219,-1.8814005745197546,0.026971747524563213,0.06378752886836028
RAB20,0.0,0.0,False,0.3593813663804626,0.5,0.24165520178069547,0.0008619969179712013,-0.03870628394998581,-2.03730407428719,0.03595595825209313,0.07436489607390301
PRKACB,0.0,0.0,False,0.3593813663804626,0.5,0.241382391297486,0.016930395055582012,0.079823865089556,1.7071537710830218,0.18480712619948772,0.16092378752886835
MED9,0.0,0.0,False,0.3593813663804626,0.5,0.24059949892481855,0.0013305339285312678,-0.04289566392979219,-1.950277281981462,0.04536070650303934,0.1066512702078522
IFRD1,0.0,0.0,False,0.3593813663804626,0.5,0.23995583012836275,0.013455240375723678,-0.086354338375134,-1.4850742384626352,0.07967274534541423,0.176905311778291
SERTAD3,0.0,0.0,False,0.3593813663804626,0.5,0.23851176293053417,0.008209471471076042,-0.07296602565798203,-1.5672577798322216,0.10090989027793708,0.19311778290993073
CHL1,0.0,0.0,False,0.3593813663804626,0.5,0.2376009645547133,0.02069067588402509,0.0890339016649294,1.5845013046102236,0.15227281416064534,0.12212471131639722
BOLA3,0.0,0.0,False,0.3593813663804626,0.5,0.23670511738723005,0.02212295363439024,-0.10650015798656104,-1.3428213222888612,0.26543563864357533,0.38387990762124713
MRPL47,0.0,0.0,False,0.3593813663804626,0.5,0.23591064930551905,0.007373933936552548,-0.06923471534959624,-1.5979941081615723,0.22064839239974002,0.32660508083140877
CDC42SE2,0.0,0.0,False,0.3593813663804626,0.5,0.2356162212035883,0.016346879937016258,0.08238428396470812,1.6008180132954448,0.23114271514317392,0.23598152424942262
CRK,0.0,0.0,False,0.3593813663804626,0.5,0.23507432462835728,0.004123589265557606,-0.05817683429005577,-1.6944036569232264,0.1288947509270941,0.22221709006928406
TSPAN7,0.0,0.0,False,0.3593813663804626,0.5,0.2342430431895445,0.018462074459492214,-0.09437181101524064,-1.4316787466008198,0.13904499751500554,0.2390300230946882
SEC61B,0.0,0.0,False,0.3593813663804626,0.5,0.23381924632904594,0.06253144147171731,-0.16818734705982008,-1.1547712397063525,0.5354780747027564,0.6737182448036951
KNG1,0.0,0.0,False,0.3593813663804626,0.5,0.23305642285952546,0.14974052443124072,-0.3086205877455076,-0.9157162269086804,0.2944909584432466,0.3479445727482679
MAP1LC3B,0.0,0.0,False,0.3593813663804626,0.5,0.232227337082827,0.025549021929295757,-0.11151977280571462,-1.3075181945076186,0.2982757961539932,0.4212933025404157
GALNT3,0.0,0.0,False,0.3593813663804626,0.5,0.231306663009328,0.020752181863702836,0.08053851384713955,1.7065415647036433,0.13023282486523685,0.08928406466512702
HSP90AB1,0.0,0.0,False,0.3593813663804626,0.5,0.23033212468338518,0.0824511320498015,-0.2053070634801204,-1.0351424586428823,0.6150743586802768,0.726189376443418
GRPEL1,0.0,0.0,False,0.3593813663804626,0.5,0.2299270688224748,0.005705841309885092,-0.061711557635874825,-1.6605907618558826,0.13757311618304852,0.22928406466512702
KDR,0.0,0.0,False,0.3593813663804626,0.5,0.22916969847654733,0.01119984555156415,-0.07739418494713958,-1.5178847386806924,0.04050540964177849,0.08
CHSY1,0.0,0.0,False,0.3593813663804626,0.5,0.2285116203421909,0.004934786039987574,-0.05912490389078248,-1.6754858457060404,0.04757808617196162,0.1148729792147806
TFPI,0.0,0.0,False,0.3593813663804626,0.5,0.22842219394552854,0.023528919829325624,0.09516697334012314,1.473979617897278,0.1749244943992048,0.1292378752886836
C8orf59,0.0,0.0,False,0.3593813663804626,0.5,0.226525023488781,0.09341510151959878,-0.18855535772128068,-1.1668525558687586,0.25851588484918,0.4913625866050808
TCEAL3,0.0,0.0,False,0.3593813663804626,0.5,0.22623521617388573,0.015544356069709934,-0.08733894446012541,-1.432356832686411,0.15911610658714684,0.2647575057736721
SLIRP,0.0,0.0,False,0.3593813663804626,0.5,0.22618234507542656,0.0738013526926764,-0.17374579584482097,-1.1500656944938403,0.42453262988874874,0.5783833718244804
TMEM176B,0.0,0.0,False,0.3593813663804626,0.5,0.2258486408880693,0.10650965790309158,0.21416615750189916,1.0842450673139359,0.41610276407844937,0.35441108545034644
PPP1R14A,0.0,0.0,False,0.3593813663804626,0.5,0.2252010742290231,0.015039610038197017,-0.085779008717502,-1.440320457623817,0.04440493940436594,0.08697459584295612
ARF1,0.0,0.0,False,0.3593813663804626,0.5,0.225051841819846,0.0564078112535958,-0.15330931120551983,-1.1756270714697723,0.41138127461100277,0.5529792147806004
DNAJB1,0.0,0.0,False,0.3593813663804626,0.5,0.22432834891374062,0.0824511320498015,-0.1992904035630672,-1.038597501115158,0.1692663531750583,0.31210161662817554
NOSTRIN,0.0,0.0,False,0.3593813663804626,0.5,0.2239643732734271,0.011019965617860908,-0.07628874433969537,-1.4994975650974913,0.049776350498910424,0.08623556581986143
CDADC1,0.0,0.0,False,0.3593813663804626,0.5,0.22272818038271477,0.0005815479197878949,-0.032163902460388395,-2.140309139410394,0.04350651833161295,0.09390300230946882
CTXN1,0.0,0.0,False,0.3593813663804626,0.5,0.22036731894839826,0.012299924644661437,0.060591212196761904,1.9040660058080692,0.08317085292655886,0.041431870669745956
FTX,0.0,0.0,False,0.3593813663804626,0.5,0.21905412996612908,0.07145155228810354,0.15198069052018426,1.2577167260030808,0.18085025041097985,0.09090069284064665
RPL23,0.0,0.0,False,0.3593813663804626,0.5,0.21905045692392655,0.07431753870861105,-0.17048360790294148,-1.138158438604246,0.6624230607485568,0.7790300230946883
TRAM1,0.0,0.0,False,0.3593813663804626,0.5,0.21797611636174766,0.07102545124396048,0.15309017054524854,1.2396471489402001,0.44511985319417363,0.443094688221709
FAT1,0.0,0.0,False,0.3593813663804626,0.5,0.21782155620016908,0.03205540720530349,0.10288580381214335,1.416987806800051,0.24165615322858125,0.21833718244803696
TIA1,0.0,0.0,False,0.3593813663804626,0.5,0.21702307140639387,0.030838846110505913,0.09598597597636802,1.4964487876761552,0.20575754100240853,0.1777367205542725
RUFY3,0.0,0.0,False,0.3593813663804626,0.5,0.21687306947458357,0.013336184168936569,0.06531489963750921,1.7709218893960017,0.13015636349734297,0.09810623556581986
CLN8,0.0,0.0,False,0.3593813663804626,0.5,0.21656271841357377,0.0033283546826989334,-0.04992617158922408,-1.7506300093041784,0.06996215162289253,0.14277136258660508
ALDH1L1,0.0,0.0,False,0.3593813663804626,0.5,0.21640083909709432,0.049776612494861545,-0.14288754464368456,-1.162327723244963,0.16678135871850747,0.313810623556582
PLS1,0.0,0.0,False,0.3593813663804626,0.5,0.21611930794263456,0.006081589905507621,0.05212504315113431,1.871029961406084,0.09896012539664334,0.07399538106235566
TMEM139,0.0,0.0,False,0.3593813663804626,0.5,0.2149451405701761,0.024856749691856632,0.08277566210624576,1.6183415359580011,0.1301945941812899,0.08448036951501155
MAP3K13,0.0,0.0,False,0.3593813663804626,0.5,0.21424943077322445,0.02243490230162674,-0.09730644708122888,-1.33517268227796,0.301945941812899,0.4379676674364896
CTSS,0.0,0.0,False,0.3593813663804626,0.5,0.2137352468457001,0.0272408891293246,0.09349149083267953,1.4610030756230763,0.10643422410826929,0.05394919168591224
ENDOG,0.0,0.0,False,0.3593813663804626,0.5,0.2136576074518579,0.009792964610556542,-0.0695952271018436,-1.5280600343988329,0.15968956684635088,0.2582448036951501
ENG,0.0,0.0,False,0.3593813663804626,0.5,0.2133056088933156,0.0419887879008801,-0.12492344599607288,-1.2401277771777144,0.09075964369002562,0.14369515011547343
SIVA1,0.0,0.0,False,0.3593813663804626,0.5,0.2131407313173584,0.029789004886746868,-0.10587818625400425,-1.3192325594504346,0.3547998623695378,0.48614318706697457
PGP,0.0,0.0,False,0.3593813663804626,0.5,0.21227364275971922,0.008136127539503686,-0.06352712397920815,-1.5991065698741573,0.1424092977023359,0.24138568129330254
MDK,0.0,0.0,False,0.3593813663804626,0.5,0.21159140353043326,0.04124584542522757,0.10380941685834483,1.4720776983654371,0.12499522116450663,0.05815242494226328
RBP1,0.0,0.0,False,0.3593813663804626,0.5,0.21119168724372442,0.003008911982185016,-0.04607983197104047,-1.8175709409802903,0.05331268876400199,0.09570438799076213
EMX2,0.0,0.0,False,0.3593813663804626,0.5,0.20933929485161526,0.05730144610010682,0.145648193210979,1.1573959629254769,0.36133730932446384,0.3548267898383372
SYTL2,0.0,0.0,False,0.3593813663804626,0.5,0.20847803786436728,0.03289383776203573,0.09260251902463118,1.518203209165061,0.16421990289406277,0.11713625866050809
GALNT1,0.0,0.0,False,0.3593813663804626,0.5,0.20799580904455303,0.003496180241276018,0.042629455567454136,1.9862989625732839,0.11715793095538479,0.10605080831408777
SOD3,0.0,0.0,False,0.3593813663804626,0.5,0.2070175547774893,0.10955050732261365,0.1943088323391129,1.1093510271212064,0.21265817945483045,0.15736720554272518
ZSCAN16-AS1,0.0,0.0,False,0.3593813663804626,0.5,0.20649493072577757,0.026557613373913855,-0.10030532674222298,-1.3064153723115197,0.2594716519478533,0.38351039260969977
PIGH,0.0,0.0,False,0.3593813663804626,0.5,0.20640396018824028,0.008421406863795942,-0.0613346023237788,-1.6220897686204323,0.11142332836334443,0.19861431870669746
EIF5,0.0,0.0,False,0.3593813663804626,0.5,0.20623960378579612,0.034717629244981,-0.1120716401282863,-1.260918844152521,0.34879764498986887,0.48157043879907624
TNNC1,0.0,0.0,False,0.3593813663804626,0.5,0.205800890053369,0.007337014073377354,-0.06068381055441853,-1.5888473835739576,0.03786749244943992,0.10217090069284064
XPO1,0.0,0.0,False,0.3593813663804626,0.5,0.20407307747195863,0.02990198127663605,0.08787987227502492,1.5234416936263366,0.21541078869900981,0.18739030023094688
MAPK1IP1L,0.0,0.0,False,0.3593813663804626,0.5,0.20398122004051886,0.010844066805060204,-0.06921066535237824,-1.5000201177776096,0.22766372290400275,0.3425866050808314
TP53,0.0,0.0,False,0.3593813663804626,0.5,0.20128234782414695,0.013602566419004147,0.058259247636528164,1.8511471587066828,0.10872806514508544,0.07242494226327945
RNASE1,0.0,0.0,False,0.3593813663804626,0.5,0.20100687433140207,0.06889915733315899,-0.15352806884148903,-1.126930027234313,0.09697212983140269,0.13367205542725175
ABCC3,0.0,0.0,False,0.3593813663804626,0.5,0.20094854465881923,0.010346942109064224,0.0511990750599091,1.977065751035797,0.0576518713919792,0.01695150115473441
ORC4,0.0,0.0,False,0.3593813663804626,0.5,0.20038778277285185,0.006069355448072806,0.04967612419285958,1.8196412461438465,0.16481247849524028,0.16193995381062357
BST2,0.0,0.0,False,0.3593813663804626,0.5,0.19934132706843222,0.07867975130406767,-0.1702028948576929,-1.0607362987430717,0.21860305080857897,0.3184757505773672
ANXA4,0.0,0.0,False,0.3593813663804626,0.5,0.199280645947894,0.07527422892575787,0.1536791906902355,1.1543394640819533,0.42046106204840006,0.4063279445727483
PNP,0.0,0.0,False,0.3593813663804626,0.5,0.19887938052901952,0.02425251379251272,-0.09193156838517791,-1.3393286438972403,0.1957028711243644,0.2674364896073903
TEK,0.0,0.0,False,0.3593813663804626,0.5,0.1982943390340272,0.01623793907851873,-0.077825005101316,-1.4238589076472472,0.04224490576136407,0.08383371824480369
RAMP2,0.0,0.0,False,0.3593813663804626,0.5,0.19827933138237822,0.04898255741067718,-0.1267016699868376,-1.194641382958095,0.09393279045762129,0.1374133949191686
ITM2C,0.0,0.0,False,0.3593813663804626,0.5,0.1978351027385194,0.1427477376962407,0.2256397895416345,1.0370736952793624,0.39985472340100164,0.3441108545034642
C1orf43,0.0,0.0,False,0.3593813663804626,0.5,0.1972587255662424,0.035966438866956094,-0.10257556398125678,-1.3316628106438422,0.28990327636961427,0.43930715935334874
TMEM176A,0.0,0.0,False,0.3593813663804626,0.5,0.1967448808899282,0.08932623283483646,0.17617198319574223,1.0645901007142797,0.3757693925144321,0.32
MT1A,0.0,0.0,False,0.3593813663804626,0.5,0.19669675189524036,0.023489140237943972,-0.0875578324561895,-1.3789409783270552,0.007818174867148373,0.055612009237875286
MT-CO2,0.0,0.0,False,0.3593813663804626,0.5,0.19526906340784578,0.1646329978559753,-0.2732046706257485,-0.9122538040834042,0.9998279619222388,1.0
TMX1,0.0,0.0,False,0.3593813663804626,0.5,0.19500941677232284,0.027891176689999925,0.08111596048898659,1.5464976951686933,0.1945750659479298,0.1679445727482679
NCOA7,0.0,0.0,False,0.3593813663804626,0.5,0.19414176960906535,0.041629092406629015,-0.11749075131398312,-1.1968685965440644,0.21705470810872807,0.30771362586605083
NR4A2,0.0,0.0,False,0.3593813663804626,0.5,0.19337704938405148,0.015777487570314122,-0.07450141954017256,-1.4404384854577486,0.021313606300416715,0.08558891454965357
LTB,0.0,0.0,False,0.3593813663804626,0.5,0.19288946534279483,0.07565743919083644,0.13434836303668257,1.2805986603870645,0.07502771724586153,0.027528868360277136
UBALD1,0.0,0.0,False,0.3593813663804626,0.5,0.19281570444258067,0.002771339177302988,-0.03953593812065202,-1.9070712721931893,0.05468899338609168,0.11579676674364896
GLS,0.0,0.0,False,0.3593813663804626,0.5,0.19207545370038814,0.10829151574562375,0.1950501224124388,1.0200368030536862,0.4712314103299308,0.47704387990762126
AVPI1,0.0,0.0,False,0.3593813663804626,0.5,0.19107490422136436,0.0022241810497648164,-0.03930071506213579,-1.8327102145641243,0.038536529418511295,0.08605080831408776
RNF144B,0.0,0.0,False,0.3593813663804626,0.5,0.19106225746216357,0.020752181863702836,0.07406435839535506,1.5328440713627285,0.12516725924226785,0.08254041570438798
CASKIN2,0.0,0.0,False,0.3593813663804626,0.5,0.19013861430797582,0.008932418359923896,-0.06057260926259804,-1.531953296078318,0.07919486179607753,0.13750577367205544
IRS2,0.0,0.0,False,0.3593813663804626,0.5,0.18964992680963957,0.0014070831928558623,-0.03458509424468016,-1.9229274187809908,0.061302901708911575,0.11473441108545035
NDUFB10,0.0,0.0,False,0.3593813663804626,0.5,0.18956765584177318,0.05696744240018008,-0.1290718352498904,-1.1802719285424705,0.561035286921283,0.6759815242494226
CCDC198,0.0,0.0,False,0.3593813663804626,0.5,0.1891520545246606,0.11407239161920597,0.19176153257985465,1.0462152260464035,0.22640211033375388,0.13551963048498844
ATP1B3,0.0,0.0,False,0.3593813663804626,0.5,0.18833175144197842,0.07264005049156338,-0.15350876149868353,-1.0772929525001629,0.27799441832014377,0.3758429561200924
TIMP1,0.0,0.0,False,0.3593813663804626,0.5,0.18779993306252057,0.11676264707275565,0.18673043798934813,1.078301405822884,0.2595098826318003,0.16133949191685912
NDUFC1,0.0,0.0,False,0.3593813663804626,0.5,0.1876509668368254,0.1385885412063361,-0.2242963372024962,-0.9747726559854911,0.6016745039568758,0.7357967667436489
GPC4,0.0,0.0,False,0.3593813663804626,0.5,0.1862503108774737,0.017267375702289547,0.06141492899467614,1.7203883753413423,0.10861337309324463,0.07076212471131639
FBXO21,0.0,0.0,False,0.3593813663804626,0.5,0.18607553313388786,0.04897673158618197,-0.12183031248310283,-1.1658944542641332,0.2092174178996062,0.353810623556582
AUH,0.0,0.0,False,0.3593813663804626,0.5,0.1856484220083704,0.015777487570314122,-0.06936783214308564,-1.485208665903736,0.13868180601750965,0.2410161662817552
MRPL40,0.0,0.0,False,0.3593813663804626,0.5,0.1856125950608914,0.02564983354908197,-0.0839493841745741,-1.3897696680325804,0.28311732996903316,0.3973672055427252
SAP18,0.0,0.0,False,0.3593813663804626,0.5,0.18518172438396016,0.12551171015555634,-0.19627133370589034,-1.0468013852068407,0.5328401575104179,0.6926558891454966
ATP6V1B1,0.0,0.0,False,0.3593813663804626,0.5,0.18485912973966126,0.12665058673079754,-0.21687799782620945,-0.9498233264300395,0.16389494208051383,0.3072055427251732
LMNA,0.0,0.0,False,0.3593813663804626,0.5,0.18414037411587325,0.09083857606408459,-0.17474950368859643,-1.011528285345273,0.3256680812019727,0.4533025404157044
PTBP3,0.0,0.0,False,0.3593813663804626,0.5,0.183570004045955,0.06346593536519193,0.12677373619649268,1.2092376512047747,0.29384103681614865,0.27732101616628174
CMC2,0.0,0.0,False,0.3593813663804626,0.5,0.18111509438468265,0.01676970958038142,-0.07240509660755012,-1.4088705146658587,0.22017050885040335,0.32983833718244804
N4BP2L2,0.0,0.0,False,0.3593813663804626,0.5,0.18068183568293547,0.1425822892325783,0.21375831622729236,0.999205417013564,0.5892495316741216,0.5806004618937645
ADIPOR2,0.0,0.0,False,0.3593813663804626,0.5,0.18005454507020602,0.005705841309885092,-0.049460078260263676,-1.6225134757961008,0.0855220399892954,0.15575057736720554
PPP1R9A,0.0,0.0,False,0.3593813663804626,0.5,0.1796863868823491,0.034717629244981,0.0794142479385799,1.5503421187471078,0.13707611729173835,0.10374133949191686
DSC2,0.0,0.0,False,0.3593813663804626,0.5,0.17942712050536092,0.008785614128463895,0.048405871033036174,1.8026806862469011,0.08716595939901364,0.05889145496535797
ATP1A1,0.0,0.0,False,0.3593813663804626,0.5,0.1793919785670387,0.19261228739351297,-0.2845910156272773,-0.8812190725485225,0.6201016936192989,0.688729792147806
LDB2,0.0,0.0,False,0.3593813663804626,0.5,0.17913781614287683,0.012532593047679579,-0.0632343624346818,-1.489474136277966,0.03354742516343617,0.07080831408775981
SLC40A1,0.0,0.0,False,0.3593813663804626,0.5,0.1787340518116384,0.01936171591420962,0.07228981461716044,1.4433065738357913,0.20153305042627212,0.1841108545034642
DESI1,0.0,0.0,False,0.3593813663804626,0.5,0.1779405281468563,0.004064072393210106,-0.04395667667651158,-1.6930252843002942,0.10423595978132048,0.17528868360277136
APOO,0.0,0.0,False,0.3593813663804626,0.5,0.17693405505608042,0.00983204004024949,-0.05778894935674567,-1.525253933105835,0.11991054019956417,0.19454965357967668
C19orf33,0.0,0.0,False,0.3593813663804626,0.5,0.17678256000757217,0.06338803481062341,0.11240162234991839,1.3128426070529513,0.12438353022135566,0.05394919168591224
PLOD2,0.0,0.0,False,0.3593813663804626,0.5,0.17594367273681627,0.04799556913475573,0.09313746842273209,1.4324209465261166,0.1772374507779944,0.1387066974595843
ADIRF,0.0,0.0,False,0.3593813663804626,0.5,0.1759434039959551,0.1736810741788114,-0.26244076568947305,-0.8818336988989862,0.39587873227052034,0.5419399538106235
LBH,0.0,0.0,False,0.3593813663804626,0.5,0.17456468690893187,0.01970437421333299,-0.07480827755704803,-1.3682673620226773,0.08053293573422028,0.14872979214780602
SSBP3,0.0,0.0,False,0.3593813663804626,0.5,0.1740011755468738,0.007513944361078151,-0.052162055096236504,-1.5704205949485042,0.14139618457774208,0.22803695150115474
FOXO1,0.0,0.0,False,0.3593813663804626,0.5,0.17385258150200036,0.0045013295006911995,-0.042869036675748165,-1.7281737242404291,0.08341935237221394,0.14854503464203234
MAP3K21,0.0,0.0,False,0.3593813663804626,0.5,0.17325225353824797,0.03854918604687632,0.08374449900026087,1.463112991100257,0.09192567955040716,0.03228637413394919
KANSL1,0.0,0.0,False,0.3593813663804626,0.5,0.17301087686584998,0.04528950925708551,0.09486286035889022,1.356991577769625,0.18668042971288756,0.1572286374133949
NAB2,0.0,0.0,False,0.3593813663804626,0.5,0.17255854889449304,0.035331847466357695,-0.09392007913684078,-1.265497149068514,0.026207133845624498,0.1235565819861432
NHLRC3,0.0,0.0,False,0.3593813663804626,0.5,0.17197763088954124,0.03041258573298203,0.07591849009116422,1.493324160612013,0.17620522231142716,0.15635103926096997
UQCRQ,0.0,0.0,False,0.3593813663804626,0.5,0.171903084196521,0.14546065141553371,-0.20994360801139855,-0.977965504392615,0.678690216767978,0.7813856812933025
VCAN,0.0,0.0,False,0.3593813663804626,0.5,0.17154449690396015,0.052187042619382416,0.09676772085126072,1.382324904837473,0.0803417823144856,0.01741339491916859
C1orf54,0.0,0.0,False,0.3593813663804626,0.5,0.17126900403296574,0.017267375702289547,-0.06802479346164242,-1.428285369270741,0.0885040333371564,0.17367205542725173
AKR1C1,0.0,0.0,False,0.3593813663804626,0.5,0.17122763590661433,0.09902550350396544,0.1404868024401551,1.213654919370124,0.1316855908552204,0.068729792147806
RNF213,0.0,0.0,False,0.3593813663804626,0.5,0.17060564312231705,0.05169453057857257,0.10498178193958665,1.2631384601314903,0.2399548877929426,0.19995381062355658
ARID1B,0.0,0.0,False,0.3593813663804626,0.5,0.17001623578019437,0.05969441625561044,0.1101520848127106,1.2609351088208556,0.24242076690751999,0.20138568129330253
NDEL1,0.0,0.0,False,0.3593813663804626,0.5,0.16963831625434375,0.005326311000859069,-0.04524049600220882,-1.6492542081618915,0.04971900447299002,0.10812933025404158
HINT2,0.0,0.0,False,0.3593813663804626,0.5,0.16896553392505329,0.06356597870659139,-0.12193274001139998,-1.1578843615743848,0.3771265817945483,0.5228637413394919
SEMA4D,0.0,0.0,False,0.3593813663804626,0.5,0.168895440900261,0.029848849885980345,0.0687541090952935,1.6107524724777385,0.13072982375654701,0.10115473441108545
SLC1A5,0.0,0.0,False,0.3593813663804626,0.5,0.16821326493268288,0.024054775211673294,-0.07854232556945444,-1.3230115570244028,0.08145047214894674,0.14757505773672056
DUSP3,0.0,0.0,False,0.3593813663804626,0.5,0.16767636172086062,0.008932418359923896,-0.05177552315233783,-1.5805157537666576,0.14642351951676416,0.2353348729792148
AGPS,0.0,0.0,False,0.3593813663804626,0.5,0.16715817862352125,0.006630784764690602,0.04200183264251252,1.826899977507342,0.1048858814084184,0.09279445727482678
NDUFV2,0.0,0.0,False,0.3593813663804626,0.5,0.16672257365032253,0.09142471398843544,-0.14588064043375448,-1.1000382498393704,0.46387200367014564,0.5945958429561201
ZNF608,0.0,0.0,False,0.3593813663804626,0.5,0.16574941043904404,0.007373933936552548,0.040553304841564185,1.9168021102173407,0.07000038230683947,0.04438799076212471
LPAR6,0.0,0.0,False,0.3593813663804626,0.5,0.16536039830956262,0.029112976289138903,0.06902466590151687,1.5597696622829988,0.09983943112742287,0.07006928406466513
LBR,0.0,0.0,False,0.3593813663804626,0.5,0.16459983619566104,0.024241453231328796,0.06618791948218983,1.5394283277628302,0.15775891730703062,0.14420323325635104
SESTD1,0.0,0.0,False,0.3593813663804626,0.5,0.1645113231886454,0.015072286856140519,0.05299204258218666,1.7040387556363696,0.12258668807584967,0.10886836027713626
ZNF672,0.0,0.0,False,0.3593813663804626,0.5,0.1639417723629517,0.002500743278248989,-0.034901184879183395,-1.8053179385990032,0.056810796345146616,0.11394919168591224
EFHC1,0.0,0.0,False,0.3593813663804626,0.5,0.16391427079818158,0.029181358816654044,0.06712334581617688,1.5909797173236868,0.11048667660664449,0.08115473441108545
PPP1R15A,0.0,0.0,False,0.3593813663804626,0.5,0.16380698533177201,0.09007799135803395,-0.15520333718485282,-1.0096169488635085,0.11291432503727492,0.23801385681293302
MKNK2,0.0,0.0,False,0.3593813663804626,0.5,0.1625887063573633,0.026730820667109332,-0.0790431270191091,-1.3076783506091088,0.16573001490996675,0.26683602771362586
TESC,0.0,0.0,False,0.3593813663804626,0.5,0.1624178795582932,0.0385080550524997,0.07934323184818852,1.4472275996541166,0.10763849065259777,0.06665127020785219
CD47,0.0,0.0,False,0.3593813663804626,0.5,0.16237003941677008,0.06607249023467068,0.10843965733208577,1.2689466450060152,0.29347784531865273,0.2777829099307159
MRPL12,0.0,0.0,False,0.3593813663804626,0.5,0.1623671934697255,0.026940090710600703,-0.07879315436017126,-1.3128664341801513,0.2564514279160454,0.36484988452655887
BSND,0.0,0.0,False,0.3593813663804626,0.5,0.1621813377655064,0.02001181632126584,-0.06886267758641816,-1.386426455445105,0.08621019230034026,0.16295612009237875
WBP2,0.0,0.0,False,0.3593813663804626,0.5,0.16191204400085943,0.021492530323623263,-0.06921995670531417,-1.4025768314309728,0.21592690293229347,0.32263279445727483
MT-ND3,0.0,0.0,False,0.3593813663804626,0.5,0.16164438784558494,0.22923653537336397,-0.3048895637536342,-0.8287637514787325,0.9998470772642123,0.9999538106235566
MVD,0.0,0.0,False,0.3593813663804626,0.5,0.16092452060114026,0.0038031049333721962,-0.038687949809881106,-1.7189211840887069,0.06856673165882937,0.12808314087759815
